t p_Pa acc_z
0.00 101325.99 -9.857
0.02 101326.77 -9.860
0.04 101328.35 -9.874
0.06 101329.65 -9.834
0.08 101324.44 -9.793
0.10 101330.51 -9.854
0.12 101321.18 -9.808
0.14 101324.60 -9.827
0.16 101330.58 -9.860
0.18 101329.32 -9.957
0.20 101325.24 -9.847
0.22 101324.54 -9.867
0.24 101320.87 -9.847
0.26 101325.35 -9.757
0.28 101325.90 -9.840
0.30 101325.71 -9.874
0.32 101322.65 -9.834
0.34 101322.90 -9.909
0.36 101326.10 -9.772
0.38 101324.26 -9.815
0.40 101323.13 -9.846
0.42 101328.09 -9.804
0.44 101325.43 -9.861
0.46 101331.29 -9.750
0.48 101330.54 -9.896
0.50 101328.51 -9.843
0.52 101327.26 -9.854
0.54 101327.50 -9.905
0.56 101326.08 -9.857
0.58 101323.78 -9.823
0.60 101331.35 -9.846
0.62 101326.94 -9.819
0.64 101326.83 -9.796
0.66 101326.09 -9.831
0.68 101323.62 -9.915
0.70 101323.05 -9.905
0.72 101319.54 -9.903
0.74 101319.65 -9.900
0.76 101325.04 -9.897
0.78 101325.89 -9.870
0.80 101328.50 -9.781
0.82 101327.37 -9.877
0.84 101323.72 -9.866
0.86 101325.05 -9.901
0.88 101324.71 -9.894
0.90 101332.10 -9.747
0.92 101324.83 -9.830
0.94 101325.19 -9.865
0.96 101328.76 -9.884
0.98 101325.03 -9.793
1.00 101322.22 -9.930
1.02 101328.88 -9.854
1.04 101325.02 -9.916
1.06 101321.52 -9.766
1.08 101325.91 -9.862
1.10 101327.09 -9.884
1.12 101326.25 -9.882
1.14 101325.80 -9.837
1.16 101321.81 -9.845
1.18 101327.17 -9.933
1.20 101317.74 -9.807
1.22 101328.99 -9.873
1.24 101324.07 -9.911
1.26 101324.85 -9.827
1.28 101326.82 -9.810
1.30 101325.14 -9.871
1.32 101322.87 -9.882
1.34 101321.92 -9.759
1.36 101327.45 -9.771
1.38 101325.20 -9.818
1.40 101320.99 -9.862
1.42 101326.40 -9.882
1.44 101325.69 -9.784
1.46 101323.59 -9.817
1.48 101328.35 -9.867
1.50 101320.16 -9.924
1.52 101325.63 -9.800
1.54 101321.45 -9.773
1.56 101326.81 -9.874
1.58 101328.70 -9.815
1.60 101324.99 -9.901
1.62 101327.81 -9.831
1.64 101325.56 -9.819
1.66 101321.55 -9.852
1.68 101328.90 -9.771
1.70 101328.92 -9.912
1.72 101327.60 -9.876
1.74 101331.62 -9.808
1.76 101324.42 -9.869
1.78 101329.81 -9.779
1.80 101326.28 -9.809
1.82 101328.88 -9.803
1.84 101322.04 -9.808
1.86 101325.30 -9.837
1.88 101320.35 -9.853
1.90 101327.68 -9.853
1.92 101324.10 -9.887
1.94 101324.16 -9.845
1.96 101327.22 -9.860
1.98 101326.53 -9.864
2.00 101324.67 -9.843
2.02 101326.58 -9.878
2.04 101323.98 -9.880
2.06 101324.26 -9.889
2.08 101324.16 -9.915
2.10 101330.38 -9.730
2.12 101324.02 -9.920
2.14 101327.50 -9.845
2.16 101327.78 -9.862
2.18 101326.12 -9.910
2.20 101325.20 -9.775
2.22 101333.13 -9.827
2.24 101325.05 -9.876
2.26 101318.87 -9.884
2.28 101326.94 -9.872
2.30 101324.28 -9.849
2.32 101325.67 -9.930
2.34 101323.79 -9.781
2.36 101323.22 -9.909
2.38 101328.08 -9.911
2.40 101328.33 -9.890
2.42 101327.28 -9.867
2.44 101324.77 -9.969
2.46 101323.37 -9.808
2.48 101327.73 -9.785
2.50 101328.21 -9.840
2.52 101327.66 -9.913
2.54 101326.36 -9.777
2.56 101317.59 -9.851
2.58 101326.83 -9.881
2.60 101332.31 -9.885
2.62 101331.09 -9.891
2.64 101326.23 -9.840
2.66 101324.92 -9.912
2.68 101324.71 -9.796
2.70 101326.13 -9.872
2.72 101325.11 -9.826
2.74 101319.80 -9.892
2.76 101326.57 -9.842
2.78 101325.86 -9.971
2.80 101321.69 -9.801
2.82 101326.87 -9.823
2.84 101322.61 -9.823
2.86 101327.40 -9.894
2.88 101330.40 -9.753
2.90 101330.53 -9.936
2.92 101327.33 -9.796
2.94 101323.71 -9.891
2.96 101323.47 -9.859
2.98 101324.25 -9.848
3.00 101331.16 -9.862
3.02 101323.01 -9.861
3.04 101328.63 -9.906
3.06 101325.11 -9.799
3.08 101330.21 -9.833
3.10 101322.12 -9.768
3.12 101327.09 -9.812
3.14 101326.73 -9.868
3.16 101322.24 -9.849
3.18 101331.28 -9.917
3.20 101323.86 -9.862
3.22 101324.09 -9.961
3.24 101323.34 -9.810
3.26 101325.48 -9.843
3.28 101325.87 -9.901
3.30 101316.66 -9.804
3.32 101324.63 -9.894
3.34 101324.33 -9.854
3.36 101323.24 -9.893
3.38 101324.75 -9.892
3.40 101320.71 -9.821
3.42 101325.35 -9.802
3.44 101326.54 -9.903
3.46 101326.93 -9.874
3.48 101326.54 -9.858
3.50 101316.82 -9.917
3.52 101318.87 -9.841
3.54 101325.26 -9.896
3.56 101333.14 -9.853
3.58 101323.65 -9.845
3.60 101323.21 -9.778
3.62 101322.93 -9.858
3.64 101324.70 -9.844
3.66 101323.71 -9.880
3.68 101318.60 -9.958
3.70 101324.82 -9.878
3.72 101323.66 -9.845
3.74 101331.30 -9.870
3.76 101328.81 -9.808
3.78 101322.95 -9.841
3.80 101322.90 -9.863
3.82 101326.07 -9.944
3.84 101329.97 -9.817
3.86 101326.46 -9.801
3.88 101321.88 -9.822
3.90 101322.30 -9.822
3.92 101329.15 -9.950
3.94 101330.77 -9.809
3.96 101325.82 -9.801
3.98 101325.00 -9.913
4.00 101327.31 -9.868
4.02 101330.27 -9.959
4.04 101325.75 -9.896
4.06 101326.59 -9.894
4.08 101321.25 -9.812
4.10 101326.11 -9.860
4.12 101327.70 -9.924
4.14 101327.82 -9.821
4.16 101321.18 -9.756
4.18 101324.99 -9.946
4.20 101323.72 -9.921
4.22 101325.22 -9.859
4.24 101325.59 -9.814
4.26 101328.34 -9.816
4.28 101324.89 -9.806
4.30 101319.17 -9.766
4.32 101327.91 -9.868
4.34 101328.08 -9.763
4.36 101326.79 -9.889
4.38 101325.63 -9.926
4.40 101326.33 -9.867
4.42 101321.80 -9.812
4.44 101323.55 -9.847
4.46 101330.40 -9.944
4.48 101324.18 -9.797
4.50 101326.22 -9.839
4.52 101320.73 -9.916
4.54 101326.38 -9.850
4.56 101322.60 -9.810
4.58 101327.43 -9.874
4.60 101326.75 -9.867
4.62 101323.47 -9.795
4.64 101324.36 -9.832
4.66 101327.55 -9.852
4.68 101321.78 -9.850
4.70 101322.91 -9.830
4.72 101324.41 -9.910
4.74 101320.56 -9.936
4.76 101325.72 -9.907
4.78 101331.13 -9.855
4.80 101325.21 -9.866
4.82 101324.34 -9.826
4.84 101323.96 -9.868
4.86 101325.79 -9.947
4.88 101320.45 -9.992
4.90 101324.00 -9.795
4.92 101329.65 -9.876
4.94 101331.68 -9.793
4.96 101317.77 -9.866
4.98 101318.84 -9.846
5.00 101323.50 -90.798
5.02 101321.54 -87.956
5.04 101324.62 -91.086
5.06 101311.49 -83.363
5.08 101318.30 -92.867
5.10 101313.81 -98.217
5.12 101307.87 -94.700
5.14 101309.83 -84.640
5.16 101301.76 -95.643
5.18 101306.77 -92.570
5.20 101300.44 -94.760
5.22 101284.25 -94.159
5.24 101284.49 -88.889
5.26 101287.77 -88.615
5.28 101274.99 -86.977
5.30 101262.57 -92.049
5.32 101256.27 -85.388
5.34 101253.60 -86.840
5.36 101244.64 -87.738
5.38 101237.10 -87.827
5.40 101227.41 -87.095
5.42 101217.48 -88.369
5.44 101211.02 -90.658
5.46 101203.79 -89.339
5.48 101191.76 -86.801
5.50 101173.63 -86.192
5.52 101169.25 -94.365
5.54 101155.23 -95.009
5.56 101147.92 -91.075
5.58 101137.50 -91.253
5.60 101119.76 -88.794
5.62 101112.97 -98.859
5.64 101096.85 -94.072
5.66 101080.03 -90.189
5.68 101061.41 -86.041
5.70 101043.27 -88.431
5.72 101027.93 -90.288
5.74 101017.88 -92.822
5.76 101001.69 -95.785
5.78 100987.62 -89.467
5.80 100969.94 -92.254
5.82 100948.30 -96.422
5.84 100932.69 -87.238
5.86 100920.82 -88.490
5.88 100893.77 -86.360
5.90 100873.10 -88.246
5.92 100865.74 -93.103
5.94 100836.64 -87.228
5.96 100816.99 -87.633
5.98 100795.79 -87.039
6.00 100777.51 -93.258
6.02 100755.64 -96.359
6.04 100731.58 -91.816
6.06 100715.11 -91.687
6.08 100684.03 -83.386
6.10 100668.60 -91.067
6.12 100642.55 -88.734
6.14 100613.50 -94.374
6.16 100596.77 -84.589
6.18 100565.59 -83.456
6.20 100547.09 -86.367
6.22 100519.41 -86.901
6.24 100492.31 -93.470
6.26 100463.67 -93.032
6.28 100436.75 -94.169
6.30 100407.78 -85.958
6.32 100380.15 -89.437
6.34 100351.31 -87.903
6.36 100329.29 -92.268
6.38 100300.78 -88.992
6.40 100263.68 -84.643
6.42 100243.15 -89.308
6.44 100207.87 -96.662
6.46 100176.34 -86.230
6.48 100146.29 -92.867
6.50 100111.40 -90.201
6.52 100082.19 -92.568
6.54 100059.43 -86.707
6.56 100023.97 -85.647
6.58 99990.56 -91.998
6.60 99950.01 8.572
6.62 99923.32 8.448
6.64 99890.57 8.507
6.66 99866.55 8.433
6.68 99834.15 8.431
6.70 99807.11 8.322
6.72 99778.82 8.295
6.74 99755.00 8.259
6.76 99718.07 8.176
6.78 99688.80 8.081
6.80 99662.14 8.042
6.82 99628.99 7.988
6.84 99606.80 7.996
6.86 99579.01 8.009
6.88 99548.12 7.852
6.90 99524.58 7.823
6.92 99490.70 7.924
6.94 99459.37 7.749
6.96 99436.52 7.729
6.98 99406.93 7.680
7.00 99380.57 7.630
7.02 99344.48 7.560
7.04 99319.44 7.524
7.06 99290.27 7.460
7.08 99273.01 7.405
7.10 99243.93 7.413
7.12 99220.87 7.338
7.14 99190.33 7.369
7.16 99160.21 7.287
7.18 99127.81 7.244
7.20 99107.60 7.117
7.22 99082.46 7.231
7.24 99048.74 7.144
7.26 99021.78 7.110
7.28 98990.80 6.992
7.30 98970.02 7.050
7.32 98943.52 7.050
7.34 98920.50 6.887
7.36 98893.66 6.889
7.38 98863.65 6.788
7.40 98844.38 6.729
7.42 98814.10 6.729
7.44 98782.49 6.683
7.46 98768.11 6.647
7.48 98733.27 6.649
7.50 98709.81 6.625
7.52 98680.16 6.505
7.54 98657.18 6.416
7.56 98632.96 6.445
7.58 98611.14 6.492
7.60 98584.41 6.428
7.62 98558.18 6.327
7.64 98525.05 6.366
7.66 98496.10 6.255
7.68 98471.55 6.251
7.70 98449.53 6.128
7.72 98431.38 6.167
7.74 98405.89 6.086
7.76 98374.83 6.061
7.78 98350.83 6.050
7.80 98338.71 5.967
7.82 98303.89 5.865
7.84 98283.06 5.922
7.86 98258.39 5.861
7.88 98235.22 5.886
7.90 98204.63 5.825
7.92 98177.58 5.723
7.94 98160.31 5.872
7.96 98134.66 5.672
7.98 98110.37 5.737
8.00 98079.25 5.720
8.02 98059.36 5.712
8.04 98033.18 5.638
8.06 98018.34 5.530
8.08 97994.20 5.516
8.10 97969.54 5.521
8.12 97945.64 5.454
8.14 97927.30 5.420
8.16 97901.75 5.359
8.18 97870.14 5.305
8.20 97850.00 5.438
8.22 97830.00 5.371
8.24 97805.60 5.261
8.26 97778.85 5.175
8.28 97759.50 5.267
8.30 97738.63 5.232
8.32 97714.37 5.118
8.34 97690.98 5.169
8.36 97667.24 5.102
8.38 97642.04 5.091
8.40 97623.62 5.111
8.42 97603.84 4.957
8.44 97579.98 4.994
8.46 97554.47 4.954
8.48 97532.61 4.932
8.50 97511.43 4.861
8.52 97484.59 4.874
8.54 97465.14 4.811
8.56 97439.04 4.819
8.58 97424.38 4.701
8.60 97406.14 4.699
8.62 97384.53 4.709
8.64 97347.99 4.623
8.66 97336.90 4.812
8.68 97312.48 4.581
8.70 97288.83 4.651
8.72 97271.71 4.545
8.74 97251.72 4.482
8.76 97228.45 4.456
8.78 97206.86 4.522
8.80 97191.36 4.467
8.82 97168.84 4.435
8.84 97149.05 4.383
8.86 97115.74 4.397
8.88 97103.14 4.312
8.90 97082.25 4.342
8.92 97059.45 4.344
8.94 97035.75 4.190
8.96 97019.94 4.210
8.98 97000.28 4.230
9.00 96979.78 4.135
9.02 96958.31 4.091
9.04 96942.12 4.147
9.06 96917.95 4.062
9.08 96901.18 4.093
9.10 96880.70 4.038
9.12 96858.52 3.957
9.14 96836.06 3.940
9.16 96814.59 3.963
9.18 96797.69 3.981
9.20 96783.33 3.931
9.22 96758.51 3.907
9.24 96732.22 3.803
9.26 96718.36 3.810
9.28 96703.45 3.710
9.30 96681.67 3.812
9.32 96666.33 3.738
9.34 96647.92 3.716
9.36 96626.86 3.679
9.38 96605.96 3.632
9.40 96580.48 3.688
9.42 96563.69 3.644
9.44 96543.26 3.606
9.46 96526.11 3.545
9.48 96512.61 3.574
9.50 96491.89 3.615
9.52 96476.39 3.545
9.54 96458.13 3.471
9.56 96439.33 3.438
9.58 96416.40 3.486
9.60 96402.15 3.427
9.62 96380.10 3.390
9.64 96366.79 3.333
9.66 96340.51 3.334
9.68 96322.61 3.212
9.70 96311.75 3.259
9.72 96288.27 3.272
9.74 96267.20 3.251
9.76 96245.30 3.312
9.78 96240.55 3.184
9.80 96218.14 3.252
9.82 96202.43 3.150
9.84 96183.90 3.194
9.86 96163.76 3.214
9.88 96151.35 3.142
9.90 96135.30 3.162
9.92 96108.08 3.079
9.94 96097.38 3.104
9.96 96074.51 2.941
9.98 96055.23 2.986
10.00 96048.29 2.980
10.02 96029.61 3.030
10.04 96002.41 3.015
10.06 95992.85 2.915
10.08 95972.54 2.942
10.10 95958.64 2.948
10.12 95943.80 2.891
10.14 95926.68 2.832
10.16 95901.66 2.871
10.18 95890.52 2.812
10.20 95875.58 2.807
10.22 95852.79 2.724
10.24 95840.96 2.822
10.26 95820.56 2.763
10.28 95803.61 2.760
10.30 95799.77 2.623
10.32 95775.05 2.689
10.34 95749.10 2.666
10.36 95747.83 2.694
10.38 95730.69 2.647
10.40 95712.19 2.618
10.42 95691.49 2.689
10.44 95679.40 2.532
10.46 95660.34 2.563
10.48 95646.41 2.447
10.50 95632.89 2.488
10.52 95617.85 2.592
10.54 95598.12 2.448
10.56 95585.37 2.425
10.58 95570.80 2.423
10.60 95562.10 2.456
10.62 95532.45 2.277
10.64 95525.12 2.401
10.66 95507.99 2.322
10.68 95496.71 2.296
10.70 95473.01 2.334
10.72 95463.06 2.322
10.74 95441.71 2.256
10.76 95426.10 2.266
10.78 95416.97 2.201
10.80 95408.01 2.266
10.82 95386.67 2.272
10.84 95370.60 2.223
10.86 95356.44 2.175
10.88 95338.64 2.130
10.90 95321.38 2.231
10.92 95319.40 2.135
10.94 95297.60 2.138
10.96 95288.35 2.135
10.98 95262.82 2.176
11.00 95253.80 2.074
11.02 95241.48 2.128
11.04 95226.60 2.057
11.06 95213.74 2.001
11.08 95207.26 2.047
11.10 95178.26 2.009
11.12 95169.98 2.002
11.14 95157.05 2.011
11.16 95147.41 1.883
11.18 95128.24 1.947
11.20 95114.81 1.830
11.22 95094.19 1.808
11.24 95083.59 1.877
11.26 95077.43 1.818
11.28 95063.70 1.902
11.30 95047.18 1.856
11.32 95043.12 1.816
11.34 95024.76 1.818
11.36 95006.21 1.776
11.38 94991.01 1.854
11.40 94984.78 1.728
11.42 94966.84 1.763
11.44 94953.03 1.789
11.46 94938.26 1.753
11.48 94931.48 1.723
11.50 94911.69 1.749
11.52 94900.61 1.745
11.54 94889.77 1.667
11.56 94877.20 1.666
11.58 94863.13 1.633
11.60 94851.24 1.592
11.62 94831.21 1.577
11.64 94926.78 1.626
11.66 94817.61 1.574
11.68 94794.59 1.540
11.70 94784.68 1.564
11.72 94776.31 1.430
11.74 94756.79 1.544
11.76 94749.43 1.482
11.78 94734.29 1.490
11.80 94724.62 1.492
11.82 94713.34 1.547
11.84 94701.57 1.557
11.86 94690.15 1.531
11.88 94680.37 1.446
11.90 94666.71 1.438
11.92 94650.38 1.504
11.94 94640.86 1.435
11.96 94635.68 1.445
11.98 94620.45 1.414
12.00 94613.27 1.310
12.02 94593.41 1.291
12.04 94586.36 1.361
12.06 94568.08 1.396
12.08 94556.22 1.338
12.10 94553.57 1.421
12.12 94533.06 1.349
12.14 94525.28 1.332
12.16 94516.11 1.286
12.18 94504.62 1.296
12.20 94492.87 1.211
12.22 94484.78 1.302
12.24 94465.54 1.212
12.26 94452.82 1.223
12.28 94449.68 1.173
12.30 94438.15 1.206
12.32 94423.72 1.187
12.34 94416.02 1.236
12.36 94398.69 1.211
12.38 94395.05 1.095
12.40 94387.09 1.198
12.42 94377.19 1.137
12.44 94360.32 1.116
12.46 94356.41 1.054
12.48 94342.16 1.094
12.50 94328.94 1.060
12.52 94315.33 1.102
12.54 94315.27 1.109
12.56 94309.28 1.082
12.58 94285.49 1.083
12.60 94282.01 0.991
12.62 94272.05 0.973
12.64 94263.90 0.948
12.66 94251.04 1.009
12.68 94243.51 1.022
12.70 94229.02 0.970
12.72 94216.42 0.953
12.74 94211.50 0.924
12.76 94198.69 0.941
12.78 94194.43 0.929
12.80 94180.56 0.984
12.82 94173.76 0.961
12.84 94162.68 0.968
12.86 94160.99 0.928
12.88 94141.88 1.008
12.90 94135.54 0.852
12.92 94129.09 0.857
12.94 94112.16 0.854
12.96 94104.44 0.942
12.98 94100.19 0.848
13.00 94095.29 0.832
13.02 94076.57 0.855
13.04 94069.36 0.873
13.06 94055.94 0.755
13.08 94053.87 0.822
13.10 94043.67 0.762
13.12 94033.57 0.765
13.14 94026.00 0.729
13.16 94012.10 0.827
13.18 94007.49 0.780
13.20 93996.43 0.734
13.22 93995.43 0.760
13.24 93981.63 0.737
13.26 93981.83 0.770
13.28 93966.90 0.740
13.30 93960.81 0.664
13.32 93946.77 0.711
13.34 93937.81 0.669
13.36 93929.49 0.628
13.38 93923.94 0.690
13.40 93916.88 0.636
13.42 93909.59 0.557
13.44 93899.44 0.724
13.46 93883.31 0.619
13.48 93883.39 0.648
13.50 93865.72 0.619
13.52 93868.52 0.592
13.54 93855.38 0.671
13.56 93850.44 0.648
13.58 93839.33 0.540
13.60 93832.61 0.502
13.62 93819.70 0.505
13.64 93820.11 0.524
13.66 93808.59 0.541
13.68 93800.76 0.638
13.70 93795.78 0.667
13.72 93789.76 0.584
13.74 93789.08 0.500
13.76 93771.15 0.554
13.78 93766.63 0.512
13.80 93757.55 0.429
13.82 93751.73 0.529
13.84 93745.39 0.526
13.86 93739.74 0.446
13.88 93734.32 0.509
13.90 93727.14 0.564
13.92 93719.72 0.413
13.94 93711.91 0.444
13.96 93703.74 0.455
13.98 93698.66 0.398
14.00 93689.73 0.463
14.02 93682.79 0.479
14.04 93674.93 0.469
14.06 93671.60 0.416
14.08 93656.42 0.421
14.10 93654.87 0.443
14.12 93653.83 0.456
14.14 93640.01 0.411
14.16 93637.48 0.328
14.18 93632.36 0.393
14.20 93620.47 0.311
14.22 93612.87 0.391
14.24 93611.93 0.345
14.26 93599.79 0.398
14.28 93597.01 0.408
14.30 93585.04 0.333
14.32 93592.01 0.403
14.34 93577.27 0.374
14.36 93577.13 0.314
14.38 93565.24 0.362
14.40 93559.95 0.364
14.42 93550.88 0.360
14.44 93559.30 0.345
14.46 93549.19 0.305
14.48 93541.92 0.290
14.50 93543.35 0.258
14.52 93533.32 0.335
14.54 93523.96 0.273
14.56 93518.70 0.197
14.58 93511.68 0.309
14.60 93508.57 0.243
14.62 93504.82 0.209
14.64 93496.56 0.206
14.66 93488.91 0.286
14.68 93489.66 0.184
14.70 93481.67 0.242
14.72 93475.68 0.237
14.74 93475.99 0.223
14.76 93461.25 0.209
14.78 93459.72 0.270
14.80 93454.94 0.225
14.82 93449.30 0.265
14.84 93438.12 0.219
14.86 93434.90 0.261
14.88 93432.93 0.169
14.90 93429.14 0.149
14.92 93427.78 0.073
14.94 93418.80 0.149
14.96 93422.18 0.166
14.98 93406.03 0.253
15.00 93406.51 0.173
15.02 93398.56 0.131
15.04 93397.04 0.182
15.06 93392.91 0.121
15.08 93389.91 0.138
15.10 93384.38 0.145
15.12 93382.56 0.127
15.14 93375.58 0.074
15.16 93370.74 0.069
15.18 93638.18 0.118
15.20 93363.93 0.073
15.22 93366.22 0.147
15.24 93364.43 0.151
15.26 93353.71 0.119
15.28 93342.45 0.179
15.30 93345.71 0.088
15.32 93341.05 0.153
15.34 93332.14 0.177
15.36 93331.36 -0.019
15.38 93332.52 0.022
15.40 93330.70 0.117
15.42 93324.67 0.059
15.44 93326.72 0.079
15.46 93316.54 0.032
15.48 93312.49 0.096
15.50 93311.59 0.097
15.52 93316.66 0.088
15.54 93309.31 0.031
15.56 93305.05 0.107
15.58 93300.20 0.021
15.60 93295.52 0.079
15.62 93283.87 0.105
15.64 93289.76 -0.012
15.66 93279.57 0.061
15.68 93278.43 0.051
15.70 93279.91 0.137
15.72 93278.58 0.067
15.74 93277.80 0.099
15.76 93269.87 0.011
15.78 93267.48 -0.000
15.80 93260.87 0.016
15.82 93262.32 0.039
15.84 93252.61 0.054
15.86 93255.56 0.076
15.88 93252.11 0.026
15.90 93253.31 0.072
15.92 93250.69 0.051
15.94 93241.52 -0.052
15.96 93243.39 0.019
15.98 93239.85 -0.045
16.00 93237.95 0.067
16.02 93242.88 0.053
16.04 93233.07 0.056
16.06 93228.21 -0.024
16.08 93229.09 -0.073
16.10 93227.32 0.006
16.12 93225.74 -0.026
16.14 93224.80 -0.016
16.16 93219.95 -0.062
16.18 93219.17 -0.040
16.20 93223.37 -0.036
16.22 93222.10 -0.062
16.24 93215.09 -0.031
16.26 93205.64 0.025
16.28 93209.88 -0.110
16.30 93209.23 -0.114
16.32 93210.35 0.000
16.34 93208.66 0.086
16.36 93203.95 0.028
16.38 93206.99 0.053
16.40 93203.53 -0.026
16.42 93202.55 0.034
16.44 93198.74 -0.039
16.46 93197.50 0.019
16.48 93196.49 -0.084
16.50 93198.82 -0.035
16.52 93192.97 0.005
16.54 93186.55 -0.142
16.56 93192.89 0.079
16.58 93191.80 0.056
16.60 93191.62 -0.082
16.62 93189.43 -0.042
16.64 93184.31 0.089
16.66 93185.05 0.063
16.68 93187.43 -0.085
16.70 93184.53 -0.071
16.72 93185.19 -0.081
16.74 93175.94 -0.076
16.76 93185.42 0.050
16.78 93184.02 -0.129
16.80 93182.92 -0.072
16.82 93183.54 0.004
16.84 93184.75 -0.083
16.86 93177.46 -0.019
16.88 93178.77 0.056
16.90 93178.31 -0.037
16.92 93176.30 -0.021
16.94 93180.60 -0.035
16.96 93176.35 -0.074
16.98 93180.02 -0.023
17.00 93180.19 -0.046
17.02 93180.74 -0.124
17.04 93175.93 -0.098
17.06 93174.87 0.006
17.08 93178.28 -0.061
17.10 93182.73 -0.007
17.12 93183.24 -0.019
17.14 93180.86 -0.065
17.16 93174.71 -0.048
17.18 93180.89 -0.138
17.20 93180.77 -0.006
17.22 93177.80 -0.032
17.24 93184.87 0.018
17.26 93181.74 -0.076
17.28 93178.95 0.052
17.30 93180.01 0.013
17.32 93179.65 0.019
17.34 93187.06 -0.023
17.36 93180.73 0.011
17.38 93182.71 -0.033
17.40 93185.61 -0.093
17.42 93182.62 -0.102
17.44 93182.73 -0.081
17.46 93190.81 -0.150
17.48 93180.85 -0.057
17.50 93191.23 -0.022
17.52 93191.81 0.018
17.54 93191.40 -0.087
17.56 93199.45 -0.095
17.58 95549.18 -156.906
17.60 95553.96 -0.285
17.62 95550.15 -0.277
17.64 95558.97 -0.266
17.66 95561.44 -0.228
17.68 95569.17 -0.225
17.70 95563.52 -0.338
17.72 95566.00 -0.309
17.74 93210.36 -0.299
17.76 93208.39 -0.309
17.78 93204.45 -0.430
17.80 93208.44 -0.507
17.82 93212.90 -0.408
17.84 93206.75 -0.406
17.86 93213.99 -0.439
17.88 93214.20 -0.506
17.90 93218.80 -0.468
17.92 93220.63 -0.546
17.94 93218.92 -0.516
17.96 93224.50 -0.508
17.98 93219.79 -0.568
18.00 93234.64 -0.676
18.02 93230.72 -0.673
18.04 93231.10 -0.649
18.06 93229.73 -0.620
18.08 93236.22 -5.095
18.10 93244.96 -5.165
18.12 93239.46 -5.288
18.14 93241.15 -5.367
18.16 93252.16 -5.562
18.18 93251.19 -5.540
18.20 93257.73 -5.750
18.22 93248.22 -5.826
18.24 93250.33 -5.859
18.26 93253.81 -5.945
18.28 93257.80 -5.952
18.30 93264.00 -6.034
18.32 93263.55 -6.178
18.34 93267.27 -6.270
18.36 93267.40 -6.320
18.38 93273.96 -6.312
18.40 93271.46 -6.455
18.42 93277.74 -6.487
18.44 93273.48 -6.607
18.46 93278.88 -6.641
18.48 93285.53 -6.803
18.50 93282.45 -6.843
18.52 93290.44 -6.978
18.54 93292.35 -7.008
18.56 93300.08 -7.041
18.58 93298.54 -7.066
18.60 93294.72 -7.190
18.62 93296.34 -7.237
18.64 93307.65 -7.324
18.66 93311.58 -7.377
18.68 93314.33 -7.421
18.70 93310.57 -7.530
18.72 93310.40 -7.652
18.74 93313.11 -7.672
18.76 93319.28 -7.665
18.78 93330.34 -7.840
18.80 93324.72 -7.859
18.82 93326.15 -7.988
18.84 93334.94 -7.981
18.86 93333.51 -7.955
18.88 93337.36 -8.029
18.90 93332.63 -8.143
18.92 93344.77 -8.153
18.94 93346.67 -8.196
18.96 93346.58 -8.329
18.98 93348.93 -8.344
19.00 93349.61 -8.283
19.02 93356.20 -8.362
19.04 93365.71 -8.364
19.06 93359.09 -8.494
19.08 93360.11 -8.478
19.10 93362.48 -8.486
19.12 93369.00 -8.515
19.14 93368.61 -8.574
19.16 93376.53 -8.603
19.18 93388.98 -8.664
19.20 93380.94 -8.669
19.22 93381.95 -8.680
19.24 93388.31 -8.670
19.26 93393.36 -8.708
19.28 93393.98 -8.680
19.30 93388.67 -8.770
19.32 93397.77 -8.825
19.34 93401.93 -8.859
19.36 93401.15 -8.772
19.38 93407.78 -8.884
19.40 93413.73 -8.845
19.42 93407.67 -8.948
19.44 93412.85 -8.996
19.46 93415.05 -8.945
19.48 93425.46 -8.919
19.50 93422.63 -8.883
19.52 93432.75 -9.066
19.54 93428.30 -8.996
19.56 93433.62 -8.970
19.58 93434.53 -9.042
19.60 93440.21 -9.104
19.62 93440.20 -9.089
19.64 93447.49 -9.154
19.66 93447.64 -9.114
19.68 93451.48 -9.101
19.70 93455.38 -9.303
19.72 93452.49 -9.266
19.74 93464.59 -9.195
19.76 93462.54 -9.315
19.78 93462.97 -9.315
19.80 93469.55 -9.355
19.82 93465.01 -9.334
19.84 93476.55 -9.407
19.86 93475.52 -9.428
19.88 93482.42 -9.381
19.90 93481.10 -9.484
19.92 93482.27 -9.464
19.94 93492.98 -9.473
19.96 93493.12 -9.443
19.98 93498.74 -9.514
20.00 93495.33 -9.506
20.02 93498.81 -9.501
20.04 93511.47 -9.487
20.06 93506.34 -9.553
20.08 93510.91 -9.531
20.10 93509.46 -9.527
20.12 93511.99 -9.619
20.14 93512.50 -9.382
20.16 93516.00 -9.548
20.18 93518.12 -9.468
20.20 93526.16 -9.402
20.22 93529.62 -9.521
20.24 93532.61 -9.526
20.26 93533.77 -9.506
20.28 93539.57 -9.626
20.30 93540.62 -9.553
20.32 93542.53 -9.498
20.34 93542.38 -9.483
20.36 93548.68 -9.458
20.38 93552.47 -9.543
20.40 93552.74 -9.528
20.42 93556.28 -9.472
20.44 93566.90 -9.520
20.46 93560.94 -9.504
20.48 93566.57 -9.514
20.50 93569.88 -9.536
20.52 93574.34 -9.647
20.54 93580.34 -9.530
20.56 93581.15 -9.583
20.58 93582.82 -9.501
20.60 93588.36 -9.551
20.62 93591.54 -9.615
20.64 93591.67 -9.631
20.66 93588.08 -9.608
20.68 93598.38 -9.599
20.70 93601.73 -9.549
20.72 93609.17 -9.660
20.74 93606.03 -9.659
20.76 93617.20 -9.631
20.78 93609.37 -9.699
20.80 93613.74 -9.698
20.82 93618.64 -9.703
20.84 93625.49 -9.682
20.86 93633.70 -9.642
20.88 93628.71 -9.624
20.90 93635.15 -9.853
20.92 93634.71 -9.734
20.94 93641.66 -9.808
20.96 93639.04 -9.747
20.98 93638.79 -9.816
21.00 93641.40 -9.852
21.02 93653.25 -9.866
21.04 93648.69 -9.796
21.06 93657.76 -9.811
21.08 93652.90 -9.790
21.10 93659.97 -9.837
21.12 93666.23 -9.743
21.14 93665.88 -9.767
21.16 93677.91 -9.675
21.18 93668.85 -9.823
21.20 93679.83 -9.861
21.22 93682.19 -9.672
21.24 93684.75 -9.735
21.26 93682.80 -9.736
21.28 93689.36 -9.709
21.30 93693.66 -9.723
21.32 93688.69 -9.680
21.34 93698.07 -9.676
21.36 93707.28 -9.627
21.38 93707.98 -9.659
21.40 93700.31 -9.690
21.42 93709.35 -9.733
21.44 93713.87 -9.729
21.46 93717.21 -9.706
21.48 93722.65 -9.647
21.50 93721.00 -9.663
21.52 93727.53 -9.639
21.54 93729.24 -9.658
21.56 93730.42 -9.735
21.58 93732.54 -9.665
21.60 93733.48 -9.659
21.62 93745.46 -9.638
21.64 93743.81 -9.749
21.66 93746.63 -9.759
21.68 93751.33 -9.744
21.70 93750.09 -9.719
21.72 93755.73 -9.774
21.74 93758.60 -9.687
21.76 93761.03 -9.715
21.78 93769.92 -9.813
21.80 93767.99 -9.872
21.82 93767.46 -9.799
21.84 93768.98 -9.743
21.86 93778.24 -9.729
21.88 93780.50 -9.789
21.90 93779.52 -9.800
21.92 93786.85 -9.664
21.94 93788.25 -9.849
21.96 93796.60 -9.862
21.98 93788.89 -9.902
22.00 93798.50 -9.847
22.02 93800.84 -9.766
22.04 93801.87 -9.824
22.06 93802.84 -9.870
22.08 93808.75 -9.833
22.10 93814.85 -9.853
22.12 93821.22 -9.756
22.14 93819.92 -9.822
22.16 93817.68 -9.863
22.18 93826.38 -9.835
22.20 93826.99 -9.799
22.22 93832.54 -9.813
22.24 93831.38 -9.781
22.26 93845.52 -9.774
22.28 93838.95 -9.816
22.30 93840.94 -9.733
22.32 93847.88 -9.750
22.34 93852.39 -9.724
22.36 93848.24 -9.657
22.38 93855.81 -9.769
22.40 93854.46 -9.727
22.42 93859.77 -9.671
22.44 93861.66 -9.639
22.46 93871.34 -9.801
22.48 93867.11 -9.709
22.50 93870.77 -9.696
22.52 93875.50 -9.614
22.54 93873.55 -9.677
22.56 93886.35 -9.774
22.58 93890.01 -9.657
22.60 93883.36 -9.728
22.62 93891.20 -9.734
22.64 93895.03 -9.701
22.66 93897.40 -9.735
22.68 93900.93 -9.677
22.70 93902.86 -9.786
22.72 93905.53 -9.684
22.74 93909.53 -9.786
22.76 93912.07 -9.881
22.78 93919.62 -9.781
22.80 93922.61 -9.772
22.82 93925.39 -9.812
22.84 93921.45 -9.825
22.86 93930.40 -9.713
22.88 93936.87 -9.857
22.90 93928.87 -9.870
22.92 93932.51 -9.835
22.94 93939.16 -9.873
22.96 93944.43 -9.857
22.98 93951.64 -9.794
23.00 93945.72 -9.953
23.02 93954.92 -9.859
23.04 93957.74 -9.853
23.06 93954.37 -9.884
23.08 93965.98 -9.866
23.10 93963.02 -9.866
23.12 93975.07 -9.884
23.14 93964.36 -9.893
23.16 93973.40 -9.814
23.18 93974.27 -9.763
23.20 93977.08 -9.752
23.22 93985.53 -9.713
23.24 93978.18 -9.771
23.26 93983.44 -9.746
23.28 93993.94 -9.748
23.30 93999.95 -9.685
23.32 94001.56 -9.860
23.34 94005.65 -9.813
23.36 94002.63 -9.727
23.38 94011.55 -9.690
23.40 94006.43 -9.748
23.42 94002.80 -9.657
23.44 94018.42 -9.725
23.46 94019.73 -9.750
23.48 94024.73 -9.758
23.50 94023.99 -9.636
23.52 94031.72 -9.672
23.54 94031.44 -9.761
23.56 94031.55 -9.722
23.58 94033.42 -9.748
23.60 94040.11 -9.664
23.62 94039.02 -9.674
23.64 94047.55 -9.800
23.66 94050.03 -9.715
23.68 94056.61 -9.726
23.70 94055.81 -9.714
23.72 94060.75 -9.776
23.74 94058.98 -9.732
23.76 94068.11 -9.825
23.78 94071.00 -9.850
23.80 94070.86 -9.732
23.82 94067.79 -9.813
23.84 94075.75 -9.751
23.86 94078.24 -9.788
23.88 94086.15 -9.796
23.90 94083.32 -9.911
23.92 94088.75 -9.763
23.94 94096.75 -9.823
23.96 94096.68 -9.817
23.98 94093.85 -9.766
24.00 94099.47 -9.831
24.02 94102.77 -9.868
24.04 94109.77 -9.845
24.06 94115.19 -9.903
24.08 94113.33 -9.833
24.10 94116.97 -9.872
24.12 94123.59 -9.731
24.14 94118.89 -9.868
24.16 94123.58 -9.776
24.18 94128.26 -9.948
24.20 94127.96 -9.777
24.22 94132.31 -9.800
24.24 94131.40 -9.721
24.26 94141.03 -9.760
24.28 94142.91 -9.828
24.30 94148.41 -9.791
24.32 94148.54 -9.653
24.34 94152.76 -9.675
24.36 94151.27 -9.707
24.38 94161.80 -9.772
24.40 94157.95 -9.693
24.42 94161.83 -9.721
24.44 94172.09 -9.664
24.46 94169.17 -9.798
24.48 94174.18 -9.656
24.50 94176.40 -9.677
24.52 94185.81 -9.600
24.54 94181.59 -9.656
24.56 94180.18 -9.690
24.58 94187.69 -9.641
24.60 94192.37 -9.705
24.62 94193.82 -9.657
24.64 94195.76 -9.701
24.66 94208.12 -9.744
24.68 94212.35 -9.796
24.70 94208.74 -9.690
24.72 94211.37 -9.737
24.74 94212.42 -9.745
24.76 94213.64 -9.871
24.78 94223.39 -9.896
24.80 94223.83 -9.828
24.82 94226.29 -9.797
24.84 94226.24 -9.780
24.86 94230.48 -9.797
24.88 94238.91 -9.801
24.90 94240.96 -9.844
24.92 94236.20 -9.911
24.94 94241.70 -9.849
24.96 94247.98 -9.832
24.98 94249.62 -9.831
25.00 94257.43 -9.874
25.02 94256.97 -9.880
25.04 94255.67 -9.797
25.06 94261.90 -9.807
25.08 94269.18 -9.797
25.10 94262.67 -9.861
25.12 94266.35 -9.794
25.14 94277.44 -9.813
25.16 94274.10 -9.783
25.18 94283.44 -9.866
25.20 94282.55 -9.756
25.22 94286.94 -9.755
25.24 94289.75 -9.796
25.26 94293.98 -9.775
25.28 94297.88 -9.786
25.30 94299.31 -9.803
25.32 94307.44 -9.691
25.34 94305.50 -9.769
25.36 94306.65 -9.803
25.38 94309.87 -9.711
25.40 94304.91 -9.713
25.42 94315.72 -9.680
25.44 94318.41 -9.673
25.46 94327.35 -9.677
25.48 94317.62 -9.645
25.50 94332.80 -9.717
25.52 94327.99 -9.725
25.54 94336.05 -9.750
25.56 94338.27 -9.758
25.58 94343.64 -9.682
25.60 94344.04 -9.698
25.62 94346.59 -9.734
25.64 94345.99 -9.789
25.66 94353.48 -9.748
25.68 94352.89 -9.716
25.70 94364.17 -9.711
25.72 94363.06 -9.780
25.74 94368.14 -9.797
25.76 94366.01 -9.875
25.78 94371.14 -9.668
25.80 94370.15 -9.855
25.82 94378.79 -9.811
25.84 94373.03 -9.836
25.86 94386.58 -9.771
25.88 94387.50 -9.874
25.90 94388.62 -9.887
25.92 94387.91 -9.886
25.94 94398.34 -9.842
25.96 94396.58 -9.852
25.98 94400.47 -9.876
26.00 94405.31 -9.904
26.02 94403.15 -9.925
26.04 94409.83 -9.885
26.06 94413.33 -9.867
26.08 94421.67 -9.884
26.10 94419.97 -9.910
26.12 94424.04 -9.918
26.14 94424.19 -9.886
26.16 94429.68 -9.857
26.18 94431.90 -9.826
26.20 94440.67 -9.795
26.22 94432.97 -9.799
26.24 94446.49 -9.777
26.26 94439.38 -9.766
26.28 94446.18 -9.723
26.30 94450.02 -9.741
26.32 94457.72 -9.685
26.34 94458.43 -9.805
26.36 94463.47 -9.804
26.38 94463.97 -9.782
26.40 94461.22 -9.691
26.42 94469.94 -9.749
26.44 94477.08 -9.661
26.46 94475.61 -9.640
26.48 94473.77 -9.672
26.50 94480.62 -9.669
26.52 94486.72 -9.631
26.54 94488.04 -9.677
26.56 94495.78 -9.711
26.58 94497.00 -9.664
26.60 94494.92 -9.617
26.62 94497.23 -9.655
26.64 94501.88 -9.707
26.66 94500.38 -9.604
26.68 94506.02 -9.760
26.70 94507.22 -9.774
26.72 94517.80 -9.744
26.74 94516.75 -9.809
26.76 94518.98 -9.811
26.78 94519.14 -9.719
26.80 94524.43 -9.830
26.82 94522.98 -9.798
26.84 94532.80 -9.790
26.86 94535.18 -9.820
26.88 94542.64 -9.864
26.90 94536.13 -9.962
26.92 94547.56 -9.845
26.94 94549.81 -9.805
26.96 94550.31 -9.857
26.98 94553.84 -9.756
27.00 94557.03 -9.907
27.02 94564.04 -9.917
27.04 94563.41 -9.870
27.06 94568.71 -9.845
27.08 94576.51 -9.850
27.10 94573.67 -9.867
27.12 94573.76 -9.883
27.14 94581.32 -9.825
27.16 94580.83 -9.801
27.18 94587.99 -9.841
27.20 94585.07 -9.763
27.22 94588.90 -9.792
27.24 94588.02 -9.796
27.26 94598.89 -9.771
27.28 94594.70 -9.802
27.30 94600.83 -9.736
27.32 94604.29 -9.720
27.34 94606.55 -9.765
27.36 94612.34 -9.704
27.38 94617.70 -9.702
27.40 94620.46 -9.763
27.42 94618.23 -9.751
27.44 94625.61 -9.722
27.46 94629.81 -9.705
27.48 94625.29 -9.733
27.50 94631.88 -9.796
27.52 94633.36 -9.817
27.54 94640.43 -9.711
27.56 94648.12 -9.760
27.58 94647.54 -9.693
27.60 94652.65 -9.678
27.62 94649.25 -9.771
27.64 94656.28 -9.709
27.66 94656.38 -9.677
27.68 94661.01 -9.787
27.70 94665.86 -9.755
27.72 94663.82 -9.783
27.74 94671.17 -9.735
27.76 94670.94 -9.831
27.78 94674.13 -9.788
27.80 94682.00 -9.799
27.82 94682.61 -9.848
27.84 94683.26 -9.800
27.86 94684.96 -9.818
27.88 94692.18 -9.845
27.90 94692.81 -9.815
27.92 94693.32 -9.729
27.94 94699.12 -9.765
27.96 94702.70 -9.818
27.98 94709.10 -9.919
28.00 94703.62 -9.924
28.02 94711.44 -9.844
28.04 94716.10 -9.895
28.06 94720.56 -9.863
28.08 94718.55 -9.953
28.10 94725.13 -9.848
28.12 94728.05 -9.901
28.14 94725.44 -9.838
28.16 94738.04 -9.812
28.18 94736.49 -9.880
28.20 94739.38 -9.800
28.22 94744.65 -9.729
28.24 94740.82 -9.811
28.26 94750.58 -9.776
28.28 94753.71 -9.838
28.30 94758.07 -9.803
28.32 94760.02 -9.816
28.34 94766.37 -9.682
28.36 94765.16 -9.841
28.38 94768.43 -9.763
28.40 94768.14 -9.810
28.42 94773.16 -9.659
28.44 94779.11 -9.638
28.46 94781.45 -9.741
28.48 94781.27 -9.726
28.50 94788.38 -9.750
28.52 94791.88 -9.645
28.54 94786.75 -9.738
28.56 94802.66 -9.915
28.58 94801.08 -9.923
28.60 94800.25 -9.929
28.62 94799.85 -10.185
28.64 94804.70 -10.279
28.66 94808.85 -10.354
28.68 94816.98 -10.701
28.70 94810.33 -10.707
28.72 94823.46 -10.829
28.74 94816.64 -11.016
28.76 94826.16 -11.129
28.78 94824.76 -11.189
28.80 94839.02 -11.305
28.82 94830.19 -11.289
28.84 94838.44 -11.462
28.86 94837.14 -11.549
28.88 94838.88 -11.605
28.90 94853.10 -11.809
28.92 94850.79 -11.808
28.94 94851.10 -11.858
28.96 94864.78 -12.025
28.98 94850.69 -11.997
29.00 94860.34 -12.068
29.02 94860.23 -12.122
29.04 94867.80 -12.194
29.06 94870.13 -12.216
29.08 94878.84 -12.305
29.10 94877.72 -12.312
29.12 94875.36 -12.471
29.14 94880.04 -12.462
29.16 94880.00 -12.511
29.18 94882.90 -12.526
29.20 94886.30 -12.493
29.22 94889.95 -12.482
29.24 94891.74 -12.551
29.26 94896.39 -12.566
29.28 94897.12 -12.567
29.30 94901.28 -12.569
29.32 94907.36 -12.464
29.34 94909.80 -12.524
29.36 94914.52 -12.516
29.38 94908.40 -12.638
29.40 94920.56 -12.667
29.42 94918.21 -12.553
29.44 94914.61 -12.559
29.46 94926.02 -12.519
29.48 94922.46 -12.512
29.50 94929.31 -12.581
29.52 94930.28 -12.518
29.54 94931.19 -12.523
29.56 94937.23 -12.613
29.58 94939.23 -12.420
29.60 94943.28 -12.644
29.62 94942.07 -12.502
29.64 95094.01 -12.519
29.66 94948.15 -12.525
29.68 94952.58 -12.490
29.70 94954.16 -12.586
29.72 94948.14 -12.499
29.74 94958.04 -12.536
29.76 94961.13 -12.533
29.78 94959.72 -12.510
29.80 94968.04 -12.450
29.82 94970.85 -12.465
29.84 94969.84 -12.476
29.86 94976.23 -12.429
29.88 94974.92 -12.435
29.90 94979.62 -12.591
29.92 94981.11 -12.357
29.94 94980.12 -12.354
29.96 94983.66 -12.457
29.98 94988.86 -12.330
30.00 94987.70 -12.358
30.02 94993.95 -12.338
30.04 94996.87 -12.277
30.06 94993.22 -12.282
30.08 94995.95 -12.214
30.10 95002.66 -12.251
30.12 95001.41 -12.225
30.14 95002.91 -11.996
30.16 95005.09 -12.141
30.18 95009.61 -12.077
30.20 95010.55 -11.940
30.22 95010.13 -12.002
30.24 95012.45 -11.956
30.26 95017.60 -11.941
30.28 95017.46 -11.839
30.30 95025.96 -11.889
30.32 95023.08 -11.786
30.34 95020.29 -11.786
30.36 95033.16 -11.751
30.38 95029.95 -11.695
30.40 95039.52 -11.653
30.42 95042.06 -11.731
30.44 95037.82 -11.548
30.46 95044.70 -11.539
30.48 95036.76 -11.518
30.50 95044.22 -11.543
30.52 95047.35 -11.450
30.54 95046.50 -11.449
30.56 95051.38 -11.474
30.58 95051.45 -11.430
30.60 95054.80 -11.311
30.62 95057.02 -11.464
30.64 95058.28 -11.481
30.66 95063.00 -11.357
30.68 95069.51 -11.340
30.70 95067.00 -11.378
30.72 95068.71 -11.391
30.74 95064.35 -11.318
30.76 95061.74 -11.379
30.78 95072.41 -11.271
30.80 95069.89 -11.232
30.82 95081.93 -11.283
30.84 95077.62 -11.287
30.86 95085.49 -11.291
30.88 95084.83 -11.284
30.90 95088.88 -11.163
30.92 95085.29 -11.175
30.94 95090.83 -11.247
30.96 95094.34 -11.197
30.98 95092.62 -11.202
31.00 95091.41 -11.151
31.02 95094.81 -11.162
31.04 95094.83 -11.158
31.06 95100.49 -11.069
31.08 95098.68 -11.072
31.10 95100.13 -11.091
31.12 95103.11 -11.042
31.14 95108.53 -10.970
31.16 95107.92 -10.979
31.18 95110.65 -10.977
31.20 95111.49 -10.865
31.22 95116.64 -10.886
31.24 95116.26 -10.764
31.26 95119.00 -10.862
31.28 95113.34 -10.806
31.30 95124.56 -10.829
31.32 95125.78 -10.702
31.34 95388.72 -10.675
31.36 95130.36 -10.758
31.38 95127.72 -10.731
31.40 95135.37 -10.681
31.42 95133.77 -10.551
31.44 95131.41 -10.671
31.46 95132.74 -10.789
31.48 95138.53 -10.599
31.50 95137.82 -10.711
31.52 95140.20 -10.588
31.54 95140.32 -10.563
31.56 95140.30 -10.552
31.58 95147.37 -10.422
31.60 95149.24 -10.543
31.62 95149.95 -10.512
31.64 95154.48 -10.488
31.66 95152.49 -10.625
31.68 95156.00 -10.558
31.70 95156.65 -10.438
31.72 95164.79 -10.542
31.74 95164.83 -10.474
31.76 95162.15 -10.567
31.78 95158.26 -10.567
31.80 95167.00 -10.574
31.82 95168.08 -10.550
31.84 95166.61 -10.562
31.86 95164.48 -10.471
31.88 95170.52 -10.473
31.90 95170.06 -10.527
31.92 95177.35 -10.512
31.94 95181.28 -10.456
31.96 95178.26 -10.559
31.98 95180.40 -10.558
32.00 95178.00 -10.524
32.02 95184.86 -10.517
32.04 95189.41 -10.464
32.06 95187.66 -10.513
32.08 95190.02 -10.486
32.10 95187.68 -10.402
32.12 95191.91 -10.437
32.14 95194.17 -10.413
32.16 95194.13 -10.417
32.18 95200.35 -10.376
32.20 95200.84 -10.326
32.22 95195.98 -10.387
32.24 95205.81 -10.299
32.26 95209.14 -10.304
32.28 95216.27 -10.309
32.30 95208.84 -10.206
32.32 95208.59 -10.241
32.34 95208.75 -10.287
32.36 95213.83 -10.171
32.38 95210.41 -10.178
32.40 95213.58 -10.211
32.42 95217.90 -10.214
32.44 95222.08 -10.166
32.46 95215.34 -10.113
32.48 95225.95 -10.137
32.50 95229.07 -10.181
32.52 95227.33 -10.149
32.54 95224.44 -10.192
32.56 95228.36 -9.996
32.58 95223.93 -10.119
32.60 95227.98 -10.119
32.62 95232.83 -10.131
32.64 95228.88 -10.172
32.66 95225.78 -10.142
32.68 95239.98 -10.207
32.70 95236.25 -10.117
32.72 95238.86 -10.064
32.74 95244.23 -10.125
32.76 95244.12 -10.174
32.78 95244.84 -10.220
32.80 95247.04 -10.105
32.82 95247.31 -9.997
32.84 95246.85 -10.194
32.86 95255.57 -10.094
32.88 95253.35 -10.205
32.90 95249.85 -10.227
32.92 95260.81 -10.251
32.94 95259.28 -10.255
32.96 95258.44 -10.251
32.98 95263.05 -10.141
33.00 95263.17 -10.158
33.02 95264.64 -10.152
33.04 95264.00 -10.169
33.06 95262.63 -10.193
33.08 95273.93 -10.143
33.10 95268.93 -10.219
33.12 95276.70 -10.040
33.14 95276.53 -10.106
33.16 95277.61 -10.106
33.18 95276.47 -10.129
33.20 95277.44 -10.096
33.22 95282.76 -10.057
33.24 95286.24 -10.020
33.26 95279.45 -9.987
33.28 95288.40 -10.038
33.30 95290.51 -9.995
33.32 95287.57 -9.963
33.34 95289.58 -9.992
33.36 95291.58 -9.943
33.38 95292.56 -9.900
33.40 95293.01 -9.859
33.42 95295.81 -9.929
33.44 95293.81 -9.922
33.46 95301.22 -9.901
33.48 95304.84 -9.840
33.50 95301.33 -9.819
33.52 95301.87 -9.974
33.54 95302.80 -10.046
33.56 95307.90 -9.976
33.58 95309.11 -9.853
33.60 95312.19 -9.973
33.62 95308.72 -9.926
33.64 95308.94 -9.971
33.66 95315.57 -9.945
33.68 95312.95 -9.919
33.70 95312.74 -9.911
33.72 95316.92 -9.945
33.74 95323.26 -9.984
33.76 95319.50 -10.040
33.78 95326.40 -10.033
33.80 95326.62 -10.017
33.82 95322.83 -9.980
33.84 95328.95 -10.037
33.86 95328.20 -10.013
33.88 95326.15 -9.953
33.90 95339.97 -10.020
33.92 95328.09 -10.004
33.94 95341.34 -10.060
33.96 95341.52 -9.934
33.98 95336.48 -10.057
34.00 95341.61 -10.000
34.02 95338.72 -9.985
34.04 95341.92 -10.040
34.06 95340.02 -10.056
34.08 95344.33 -10.004
34.10 95343.95 -10.034
34.12 95354.03 -9.869
34.14 95351.20 -9.956
34.16 95349.78 -9.953
34.18 95352.52 -9.915
34.20 95355.03 -9.971
34.22 95356.08 -9.915
34.24 95352.81 -9.919
34.26 95363.61 -9.893
34.28 95363.92 -9.876
34.30 95368.93 -9.959
34.32 95360.19 -9.707
34.34 95364.27 -9.899
34.36 95367.60 -9.868
34.38 95361.47 -9.869
34.40 95372.28 -9.973
34.42 95378.02 -9.740
34.44 95370.69 -9.809
34.46 95368.65 -9.741
34.48 95369.04 -9.780
34.50 95381.90 -9.872
34.52 95379.11 -9.825
34.54 95380.02 -9.850
34.56 95375.76 -9.862
34.58 95382.77 -9.808
34.60 95382.47 -9.831
34.62 95390.22 -9.827
34.64 95387.64 -9.807
34.66 95385.41 -9.937
34.68 95391.83 -9.804
34.70 95389.02 -9.880
34.72 95391.19 -9.769
34.74 95393.71 -9.862
34.76 95399.70 -9.859
34.78 95400.42 -9.890
34.80 95406.74 -9.968
34.82 95398.10 -9.845
34.84 95396.02 -9.918
34.86 95403.51 -9.910
34.88 95405.22 -9.929
34.90 95404.64 -9.950
34.92 95413.86 -9.948
34.94 95409.51 -10.060
34.96 95414.49 -10.003
34.98 95411.16 -9.953
35.00 95415.82 -9.908
35.02 95418.95 -9.963
35.04 95411.25 -10.039
35.06 95415.81 -9.914
35.08 95419.61 -10.032
35.10 95421.51 -9.982
35.12 95421.22 -10.006
35.14 95425.27 -9.960
35.16 95426.25 -9.810
35.18 95426.04 -9.933
35.20 95424.20 -9.886
35.22 95432.88 -9.828
35.24 95438.32 -9.795
35.26 95429.73 -9.768
35.28 95436.87 -9.873
35.30 95436.40 -9.806
35.32 95436.64 -9.876
35.34 95440.32 -9.747
35.36 95434.48 -9.832
35.38 95436.16 -9.881
35.40 95440.44 -9.765
35.42 95447.64 -9.743
35.44 95446.48 -9.729
35.46 95448.96 -9.805
35.48 95450.00 -9.758
35.50 95451.39 -9.741
35.52 95453.85 -9.719
35.54 95453.22 -9.659
35.56 95453.78 -9.789
35.58 95460.04 -9.752
35.60 95460.07 -9.745
35.62 95455.10 -9.891
35.64 95460.39 -9.816
35.66 95465.32 -9.888
35.68 95466.45 -9.720
35.70 95472.52 -9.798
35.72 95472.18 -9.760
35.74 95470.43 -9.882
35.76 95469.82 -9.778
35.78 95477.11 -9.954
35.80 95471.86 -9.868
35.82 95476.76 -9.870
35.84 95472.22 -9.854
35.86 95475.61 -9.871
35.88 95477.50 -9.930
35.90 95485.77 -9.969
35.92 95488.44 -9.890
35.94 95483.86 -9.986
35.96 95482.71 -9.829
35.98 95488.71 -9.791
36.00 95485.57 -10.015
36.02 95490.64 -9.946
36.04 95490.61 -9.922
36.06 95489.33 -9.917
36.08 95490.26 -9.840
36.10 95492.91 -9.913
36.12 95500.43 -9.971
36.14 95497.02 -9.849
36.16 95495.70 -9.853
36.18 95502.15 -9.887
36.20 95506.34 -9.904
36.22 95510.23 -9.817
36.24 95499.74 -9.805
36.26 95508.48 -9.853
36.28 95506.35 -9.809
36.30 95507.11 -9.741
36.32 95519.68 -9.723
36.34 95513.43 -9.795
36.36 95518.68 -9.772
36.38 95515.45 -9.834
36.40 95516.65 -9.813
36.42 95521.61 -9.689
36.44 95518.82 -9.730
36.46 95520.08 -9.739
36.48 95526.21 -9.686
36.50 95519.45 -9.759
36.52 95526.25 -9.745
36.54 95531.86 -9.806
36.56 95533.73 -9.754
36.58 95533.76 -9.665
36.60 95531.18 -9.770
36.62 95535.15 -9.637
36.64 95541.20 -9.751
36.66 95535.72 -9.700
36.68 95545.01 -9.787
36.70 95539.56 -9.897
36.72 95543.31 -9.828
36.74 95540.27 -9.856
36.76 95547.56 -9.876
36.78 95548.03 -9.872
36.80 95546.44 -9.838
36.82 95545.38 -9.889
36.84 95550.93 -9.803
36.86 95552.94 -9.858
36.88 95549.46 -9.830
36.90 95559.03 -9.905
36.92 95553.39 -9.844
36.94 95555.14 -9.836
36.96 95557.20 -9.856
36.98 95565.59 -9.915
37.00 95564.68 -9.828
37.02 95560.96 -9.817
37.04 95569.14 -9.957
37.06 95568.65 -9.840
37.08 95566.44 -9.841
37.10 95568.60 -9.846
37.12 95566.83 -9.868
37.14 95574.25 -9.906
37.16 95580.93 -9.947
37.18 95578.09 -9.913
37.20 95575.06 -9.852
37.22 95584.30 -9.731
37.24 95582.54 -9.837
37.26 95583.50 -9.798
37.28 95581.48 -9.840
37.30 95587.46 -9.854
37.32 95577.02 -9.764
37.34 95585.61 -9.773
37.36 95584.77 -9.751
37.38 95586.60 -9.694
37.40 95595.97 -9.677
37.42 95600.39 -9.777
37.44 95596.13 -9.758
37.46 95592.55 -9.722
37.48 95603.92 -9.658
37.50 95599.44 -9.752
37.52 95600.34 -9.762
37.54 95605.13 -9.628
37.56 95607.80 -9.708
37.58 95608.81 -9.658
37.60 95604.28 -9.764
37.62 95610.61 -9.777
37.64 95610.34 -9.672
37.66 95609.30 -9.768
37.68 95618.15 -9.849
37.70 95614.54 -9.757
37.72 95615.67 -9.745
37.74 95612.60 -9.765
37.76 95620.74 -9.777
37.78 95622.95 -9.799
37.80 95622.18 -9.906
37.82 95626.11 -9.823
37.84 95625.92 -9.802
37.86 95626.87 -9.870
37.88 95630.79 -9.891
37.90 95630.59 -9.780
37.92 95630.66 -9.761
37.94 95634.43 -9.853
37.96 95625.00 -9.880
37.98 95635.45 -9.757
38.00 95631.80 -9.841
38.02 95638.01 -9.833
38.04 95648.60 -9.783
38.06 95644.21 -9.957
38.08 95638.27 -9.851
38.10 95638.85 -9.851
38.12 95638.76 -9.803
38.14 95645.31 -9.803
38.16 95644.94 -9.794
38.18 95649.12 -9.795
38.20 95657.35 -9.795
38.22 95647.57 -9.722
38.24 95648.57 -9.714
38.26 95655.87 -9.801
38.28 95656.49 -9.819
38.30 95661.65 -9.784
38.32 95660.33 -9.762
38.34 95657.01 -9.782
38.36 95659.17 -9.734
38.38 95666.00 -9.662
38.40 95663.25 -9.735
38.42 95670.67 -9.730
38.44 95655.06 -9.709
38.46 95667.44 -9.768
38.48 95669.42 -9.637
38.50 95671.75 -9.769
38.52 95671.55 -9.769
38.54 95676.29 -9.749
38.56 95675.99 -9.752
38.58 95679.60 -9.687
38.60 95681.75 -9.625
38.62 95681.19 -9.766
38.64 95677.50 -9.706
38.66 95685.66 -9.742
38.68 95685.44 -9.744
38.70 95695.47 -9.747
38.72 95690.06 -9.846
38.74 95684.57 -9.802
38.76 95698.06 -9.727
38.78 95695.31 -9.815
38.80 95691.54 -9.806
38.82 95698.63 -9.827
38.84 95698.63 -9.832
38.86 95699.34 -9.801
38.88 95700.08 -9.812
38.90 95705.18 -9.928
38.92 95697.73 -9.931
38.94 95705.84 -9.844
38.96 95701.53 -9.851
38.98 95710.08 -9.861
39.00 95702.10 -9.867
39.02 95706.97 -9.848
39.04 95703.71 -9.902
39.06 95710.40 -9.763
39.08 95717.55 -9.882
39.10 95715.39 -9.769
39.12 95717.49 -9.905
39.14 95723.48 -9.965
39.16 95721.32 -9.766
39.18 95724.29 -9.744
39.20 95727.78 -9.739
39.22 95724.60 -9.799
39.24 95725.47 -9.774
39.26 95729.86 -9.788
39.28 95733.36 -9.852
39.30 95730.21 -9.781
39.32 95731.62 -9.725
39.34 95735.60 -9.725
39.36 95732.96 -9.713
39.38 95734.48 -9.728
39.40 95739.31 -9.679
39.42 95741.30 -9.727
39.44 95743.04 -9.770
39.46 95743.34 -9.735
39.48 95738.47 -9.726
39.50 95749.84 -9.718
39.52 95746.07 -9.788
39.54 95753.26 -9.738
39.56 95756.04 -9.619
39.58 95753.05 -9.715
39.60 95755.42 -9.704
39.62 95759.23 -9.721
39.64 95749.47 -9.765
39.66 95756.60 -9.831
39.68 95756.33 -9.732
39.70 95764.64 -9.772
39.72 95766.65 -9.823
39.74 95769.02 -9.843
39.76 95767.16 -9.772
39.78 95766.78 -9.789
39.80 95767.16 -9.723
39.82 95769.30 -9.762
39.84 95772.93 -9.891
39.86 95772.29 -9.824
39.88 95775.77 -9.799
39.90 95778.31 -9.749
39.92 95771.40 -9.855
39.94 95778.14 -9.790
39.96 95775.70 -9.786
39.98 95784.98 -9.881
40.00 95785.73 -9.807
40.02 95785.08 -9.826
40.04 95782.76 -9.859
40.06 95785.22 -9.892
40.08 95787.96 -9.766
40.10 95789.96 -9.804
40.12 95793.54 -9.815
40.14 95793.63 -9.774
40.16 95793.53 -9.774
40.18 95794.93 -9.761
40.20 95789.12 -9.794
40.22 95798.56 -9.816
40.24 95802.67 -9.802
40.26 95800.27 -9.743
40.28 95796.77 -9.794
40.30 95806.88 -9.689
40.32 95804.41 -9.738
40.34 95806.35 -9.767
40.36 95807.75 -9.748
40.38 95806.84 -9.698
40.40 95815.49 -9.755
40.42 95816.91 -9.804
40.44 95811.32 -9.655
40.46 95815.63 -9.704
40.48 95821.48 -9.755
40.50 95816.84 -9.758
40.52 95824.00 -9.655
40.54 95826.25 -9.753
40.56 95819.14 -9.660
40.58 95831.65 -9.732
40.60 95828.28 -9.782
40.62 95830.24 -9.635
40.64 95828.20 -9.766
40.66 95826.69 -9.735
40.68 95828.03 -9.857
40.70 95836.87 -9.792
40.72 95839.18 -9.670
40.74 95843.88 -9.781
40.76 95837.44 -9.721
40.78 95838.89 -9.778
40.80 95844.97 -9.866
40.82 95843.03 -9.854
40.84 95842.11 -9.688
40.86 95849.17 -9.821
40.88 95850.27 -9.843
40.90 95850.23 -9.807
40.92 95859.82 -9.863
40.94 95850.21 -9.883
40.96 95851.80 -9.849
40.98 95856.55 -9.799
41.00 95856.22 -9.879
41.02 95858.36 -9.883
41.04 95858.07 -9.954
41.06 95861.25 -9.797
41.08 95864.22 -9.814
41.10 95867.94 -9.917
41.12 95861.07 -9.863
41.14 95868.69 -9.847
41.16 95865.54 -9.749
41.18 95867.66 -9.803
41.20 95864.58 -9.771
41.22 95872.24 -9.744
41.24 95866.70 -9.857
41.26 95872.82 -9.806
41.28 95877.82 -9.808
41.30 95879.57 -9.738
41.32 95880.57 -9.680
41.34 95886.48 -9.728
41.36 95884.56 -9.707
41.38 95885.53 -9.754
41.40 95881.98 -9.813
41.42 95880.27 -9.639
41.44 95887.90 -9.697
41.46 95895.01 -9.702
41.48 95888.99 -9.616
41.50 95895.98 -9.710
41.52 95900.80 -9.696
41.54 95890.45 -9.761
41.56 95889.86 -9.708
41.58 95896.61 -9.791
41.60 95904.75 -9.735
41.62 95900.55 -9.752
41.64 95906.13 -9.706
41.66 95903.82 -9.659
41.68 95902.78 -9.731
41.70 95910.66 -9.713
41.72 95906.71 -9.676
41.74 95910.01 -9.747
41.76 95906.30 -9.796
41.78 95908.36 -9.758
41.80 95912.98 -9.821
41.82 95921.04 -9.828
41.84 95920.17 -9.868
41.86 95920.89 -9.833
41.88 95919.05 -9.847
41.90 95925.99 -9.822
41.92 95925.26 -9.918
41.94 95926.03 -9.895
41.96 95930.77 -9.825
41.98 95933.45 -9.884
42.00 95930.11 -9.829
42.02 95929.43 -9.858
42.04 95932.24 -9.945
42.06 95940.42 -9.924
42.08 95939.21 -9.853
42.10 95938.47 -9.862
42.12 95937.63 -9.884
42.14 95943.81 -9.788
42.16 95938.16 -9.787
42.18 95945.17 -9.809
42.20 95942.81 -9.801
42.22 95946.00 -9.741
42.24 95948.91 -9.734
42.26 95948.92 -9.807
42.28 95950.47 -9.710
42.30 95942.71 -9.808
42.32 95950.11 -9.770
42.34 95952.42 -9.790
42.36 95961.10 -9.760
42.38 95954.68 -9.643
42.40 95956.78 -9.741
42.42 95966.28 -9.670
42.44 95960.93 -9.608
42.46 95962.79 -9.741
42.48 95964.40 -9.643
42.50 95967.85 -9.667
42.52 95968.53 -9.746
42.54 95969.63 -9.843
42.56 95972.92 -9.733
42.58 95976.63 -9.807
42.60 95973.97 -9.637
42.62 95976.03 -9.679
42.64 95977.77 -9.733
42.66 95981.41 -9.765
42.68 95977.22 -9.749
42.70 95986.15 -9.720
42.72 95980.69 -9.810
42.74 95980.51 -9.759
42.76 95985.52 -9.770
42.78 95993.88 -9.720
42.80 95982.26 -9.840
42.82 95994.94 -9.695
42.84 95991.16 -9.775
42.86 95992.71 -9.806
42.88 95992.75 -9.848
42.90 95998.53 -9.952
42.92 95997.00 -9.856
42.94 96004.04 -9.838
42.96 95997.98 -9.777
42.98 96001.83 -9.802
43.00 96005.73 -9.907
43.02 96004.92 -9.919
43.04 96003.77 -9.800
43.06 96009.47 -9.840
43.08 96008.04 -9.967
43.10 96011.29 -9.837
43.12 96017.43 -9.866
43.14 96014.85 -9.892
43.16 96014.58 -9.913
43.18 96020.30 -9.754
43.20 96025.48 -9.767
43.22 96027.95 -9.722
43.24 96019.86 -9.648
43.26 96016.48 -9.829
43.28 96025.42 -9.810
43.30 96027.55 -9.628
43.32 96028.82 -9.703
43.34 96029.60 -9.779
43.36 96024.60 -9.702
43.38 96031.11 -9.708
43.40 96028.39 -9.786
43.42 96035.77 -9.725
43.44 96035.26 -9.661
43.46 96042.08 -9.681
43.48 96039.94 -9.674
43.50 96042.58 -9.758
43.52 96036.41 -9.667
43.54 96043.55 -9.697
43.56 96048.60 -9.672
43.58 96038.76 -9.639
43.60 96050.37 -9.756
43.62 96046.36 -9.676
43.64 96049.55 -9.671
43.66 96055.58 -9.747
43.68 96050.79 -9.797
43.70 96052.57 -9.744
43.72 96063.78 -9.811
43.74 96063.05 -9.741
43.76 96063.97 -9.753
43.78 96058.09 -9.726
43.80 96061.56 -9.799
43.82 96063.18 -9.782
43.84 96057.88 -9.847
43.86 96061.65 -9.821
43.88 96066.83 -9.937
43.90 96077.41 -9.892
43.92 96072.65 -9.831
43.94 96069.26 -9.944
43.96 96079.88 -9.841
43.98 96080.27 -9.815
44.00 96080.60 -9.833
44.02 96077.22 -9.850
44.04 96082.49 -9.824
44.06 96080.51 -9.919
44.08 96085.68 -9.810
44.10 96092.77 -9.828
44.12 96082.27 -9.863
44.14 96089.32 -9.876
44.16 96084.35 -9.858
44.18 96091.24 -9.784
44.20 96093.95 -9.801
44.22 96093.21 -9.834
44.24 96089.14 -9.728
44.26 95800.98 -9.893
44.28 96091.76 -9.772
44.30 96097.68 -9.799
44.32 96104.09 -9.709
44.34 96100.99 -9.775
44.36 96101.44 -9.790
44.38 96112.90 -9.794
44.40 96106.98 -9.728
44.42 96110.96 -9.742
44.44 96111.84 -9.690
44.46 96113.69 -9.672
44.48 96118.53 -9.711
44.50 96116.00 -9.688
44.52 96119.51 -9.726
44.54 96108.22 -9.705
44.56 96117.46 -9.786
44.58 96120.68 -9.699
44.60 96127.31 -9.715
44.62 96119.11 -9.657
44.64 96130.11 -9.739
44.66 96129.35 -9.606
44.68 96126.65 -9.810
44.70 96131.73 -9.731
44.72 96130.82 -9.764
44.74 96127.06 -9.822
44.76 96134.30 -9.701
44.78 96132.55 -9.786
44.80 96140.63 -9.812
44.82 96131.26 -9.915
44.84 96136.93 -9.785
44.86 96137.46 -9.904
44.88 96137.93 -9.848
44.90 96145.49 -9.858
44.92 96141.12 -9.837
44.94 96153.47 -9.794
44.96 96149.55 -9.786
44.98 96152.33 -9.816
45.00 96149.86 -9.845
45.02 96144.91 -9.796
45.04 96160.56 -9.927
45.06 96151.75 -9.917
45.08 96160.22 -9.792
45.10 96158.86 -9.852
45.12 96156.28 -9.841
45.14 96159.86 -9.756
45.16 96160.88 -9.825
45.18 96164.68 -9.917
45.20 96169.73 -9.800
45.22 96164.69 -9.737
45.24 96170.26 -9.836
45.26 96165.47 -9.801
45.28 96175.42 -9.815
45.30 96172.17 -9.715
45.32 96176.63 -9.759
45.34 96181.80 -9.657
45.36 96175.61 -9.807
45.38 96181.56 -9.697
45.40 96178.15 -9.717
45.42 96188.80 -9.739
45.44 96183.19 -9.717
45.46 96186.10 -9.830
45.48 96182.54 -9.820
45.50 96190.38 -9.704
45.52 96188.07 -9.630
45.54 96188.02 -9.719
45.56 96194.59 -9.652
45.58 96197.67 -9.731
45.60 96193.13 -9.776
45.62 96196.79 -9.744
45.64 96199.60 -9.751
45.66 96200.55 -9.715
45.68 96198.49 -9.682
45.70 96202.86 -9.814
45.72 96208.61 -9.782
45.74 96198.42 -9.649
45.76 96204.14 -9.720
45.78 96205.75 -9.838
45.80 96208.55 -9.878
45.82 96206.95 -9.780
45.84 96211.54 -9.813
45.86 96216.56 -9.766
45.88 96222.51 -9.883
45.90 96219.97 -9.730
45.92 96217.85 -9.806
45.94 96219.44 -9.884
45.96 96224.80 -9.807
45.98 96223.20 -9.887
46.00 96221.16 -9.914
46.02 96226.00 -9.771
46.04 96227.29 -9.831
46.06 96229.19 -9.869
46.08 96231.96 -9.873
46.10 96232.36 -9.790
46.12 96230.51 -9.834
46.14 96232.21 -9.855
46.16 96235.32 -9.884
46.18 96236.85 -9.823
46.20 96244.28 -9.802
46.22 96243.88 -9.853
46.24 96239.26 -9.827
46.26 96250.34 -9.713
46.28 96248.23 -9.741
46.30 96247.04 -9.798
46.32 96249.14 -9.774
46.34 96247.29 -9.782
46.36 96242.68 -9.706
46.38 96250.53 -9.834
46.40 96249.32 -9.672
46.42 96255.88 -9.689
46.44 96252.45 -9.631
46.46 96259.45 -9.766
46.48 96258.70 -9.728
46.50 96260.41 -9.698
46.52 96264.59 -9.783
46.54 96258.68 -9.723
46.56 96263.70 -9.683
46.58 96266.47 -9.707
46.60 96265.43 -9.767
46.62 96268.09 -9.712
46.64 96269.05 -9.732
46.66 96269.75 -9.788
46.68 96274.09 -9.851
46.70 96272.34 -9.782
46.72 96276.61 -9.622
46.74 96278.55 -9.850
46.76 96277.65 -9.807
46.78 96278.31 -9.761
46.80 96285.52 -9.846
46.82 96282.17 -9.834
46.84 96283.92 -9.838
46.86 96284.81 -9.810
46.88 96285.83 -9.854
46.90 96292.54 -9.911
46.92 96293.46 -9.781
46.94 96294.49 -9.909
46.96 96295.77 -9.898
46.98 96298.22 -9.944
47.00 96304.16 -9.827
47.02 96299.35 -9.881
47.04 96299.69 -9.731
47.06 96301.20 -9.713
47.08 96302.19 -9.883
47.10 96305.12 -9.864
47.12 96306.75 -9.775
47.14 96307.86 -9.915
47.16 96309.97 -9.769
47.18 96312.27 -9.865
47.20 96310.29 -9.806
47.22 96314.06 -9.890
47.24 96318.77 -9.751
47.26 96319.10 -9.831
47.28 96317.48 -9.732
47.30 96320.08 -9.708
47.32 96317.97 -9.733
47.34 96326.08 -9.623
47.36 96330.53 -9.709
47.38 96324.56 -9.765
47.40 96331.27 -9.783
47.42 96328.05 -9.713
47.44 96329.26 -9.622
47.46 96337.12 -9.695
47.48 96334.66 -9.774
47.50 96339.87 -9.673
47.52 96335.16 -9.702
47.54 96337.76 -9.699
47.56 96337.22 -9.742
47.58 96344.14 -9.747
47.60 96344.40 -9.758
47.62 96346.46 -9.703
47.64 96345.99 -9.713
47.66 96348.14 -9.788
47.68 96349.22 -9.687
47.70 96346.36 -9.750
47.72 96349.11 -9.782
47.74 96354.39 -9.787
47.76 96354.17 -9.773
47.78 96359.52 -9.873
47.80 96364.39 -9.820
47.82 96362.71 -9.744
47.84 96361.13 -9.782
47.86 96363.73 -9.864
47.88 96368.33 -9.839
47.90 96362.92 -9.897
47.92 96367.72 -9.862
47.94 96369.32 -9.940
47.96 96359.78 -9.902
47.98 96374.28 -9.869
48.00 96377.69 -9.902
48.02 96373.20 -9.807
48.04 96376.89 -9.850
48.06 96378.38 -9.856
48.08 96380.22 -9.829
48.10 96379.58 -9.813
48.12 96380.35 -9.847
48.14 96381.38 -9.822
48.16 96382.63 -9.767
48.18 96383.43 -9.782
48.20 96387.05 -9.768
48.22 96390.93 -9.775
48.24 96390.73 -9.788
48.26 96400.02 -9.780
48.28 96393.73 -9.786
48.30 96393.08 -9.705
48.32 96393.19 -9.683
48.34 96397.32 -9.692
48.36 96401.93 -9.776
48.38 96399.78 -9.719
48.40 96403.89 -9.617
48.42 96405.57 -9.673
48.44 96401.57 -9.714
48.46 96402.58 -9.759
48.48 96404.83 -9.672
48.50 96402.99 -9.715
48.52 96410.85 -9.637
48.54 96417.45 -9.655
48.56 96413.60 -9.752
48.58 96416.73 -9.774
48.60 96421.55 -9.720
48.62 96415.29 -9.751
48.64 96414.66 -9.726
48.66 96422.37 -9.808
48.68 96424.51 -9.799
48.70 96432.62 -9.743
48.72 96424.23 -9.809
48.74 96428.07 -9.717
48.76 96430.09 -9.777
48.78 96431.03 -9.778
48.80 96431.09 -9.815
48.82 96434.35 -9.775
48.84 96433.43 -9.781
48.86 96437.01 -9.830
48.88 96436.93 -9.859
48.90 96449.80 -9.864
48.92 96438.15 -9.907
48.94 96441.19 -9.798
48.96 96443.23 -9.782
48.98 96444.41 -9.748
49.00 96440.51 -9.847
49.02 96450.88 -9.880
49.04 96442.94 -9.845
49.06 96450.75 -9.897
49.08 96458.16 -9.967
49.10 96453.91 -9.839
49.12 96448.95 -9.765
49.14 96454.88 -9.798
49.16 96459.83 -9.877
49.18 96462.41 -9.824
49.20 96461.82 -9.820
49.22 96464.14 -9.856
49.24 96468.33 -9.754
49.26 96462.65 -9.842
49.28 96467.30 -9.748
49.30 96466.13 -9.799
49.32 96472.14 -9.665
49.34 96475.94 -9.813
49.36 96477.35 -9.706
49.38 96474.45 -9.823
49.40 96482.83 -9.811
49.42 96481.12 -9.706
49.44 96474.06 -9.715
49.46 96478.92 -9.628
49.48 96478.61 -9.804
49.50 96486.17 -9.726
49.52 96486.21 -9.713
49.54 96482.14 -9.728
49.56 96486.76 -9.644
49.58 96490.24 -9.677
49.60 96491.41 -9.718
49.62 96491.76 -9.761
49.64 96492.99 -9.738
49.66 96496.50 -9.752
49.68 96499.46 -9.798
49.70 96498.07 -9.782
49.72 96498.79 -9.771
49.74 96498.67 -9.771
49.76 96501.58 -9.848
49.78 96501.88 -9.788
49.80 96506.78 -9.818
49.82 96423.87 -9.829
49.84 96506.97 -9.844
49.86 96503.18 -9.861
49.88 96514.15 -9.791
49.90 96508.49 -9.850
49.92 96512.83 -9.907
49.94 96513.23 -9.885
49.96 96515.63 -9.896
49.98 96517.57 -9.924
50.00 96519.74 -9.852
50.02 96516.27 -9.851
50.04 96524.72 -9.844
50.06 96526.40 -9.854
50.08 96526.42 -9.826
50.10 96521.15 -9.830
50.12 96530.12 -9.835
50.14 96527.11 -9.802
50.16 96535.11 -9.780
50.18 96527.59 -9.812
50.20 96537.16 -9.894
50.22 96540.50 -9.887
50.24 96538.75 -9.839
50.26 96536.38 -9.822
50.28 96544.08 -9.799
50.30 96543.09 -9.731
50.32 96545.29 -9.771
50.34 96538.73 -9.767
50.36 96548.25 -9.767
50.38 96548.99 -9.777
50.40 96548.54 -9.759
50.42 96548.66 -9.697
50.44 96544.44 -9.724
50.46 96550.60 -9.613
50.48 96559.01 -9.722
50.50 96561.04 -9.726
50.52 96563.81 -9.794
50.54 96555.11 -9.699
50.56 96560.99 -9.711
50.58 96560.00 -9.718
50.60 96565.27 -9.748
50.62 96567.87 -9.714
50.64 96563.99 -9.659
50.66 96572.84 -9.809
50.68 96568.53 -9.827
50.70 96572.91 -9.772
50.72 96574.01 -9.810
50.74 96574.41 -9.714
50.76 96575.09 -9.780
50.78 96576.57 -9.770
50.80 96581.87 -9.684
50.82 96584.02 -9.750
50.84 96579.10 -9.823
50.86 96587.05 -9.876
50.88 96583.87 -9.788
50.90 96591.65 -9.891
50.92 96585.07 -9.895
50.94 96588.25 -9.814
50.96 96588.32 -9.843
50.98 96590.46 -9.816
51.00 96598.95 -9.937
51.02 96590.00 -9.873
51.04 96592.99 -9.893
51.06 96594.95 -9.747
51.08 96604.12 -9.901
51.10 96602.20 -9.862
51.12 96601.17 -9.874
51.14 96606.82 -9.793
51.16 96603.45 -9.735
51.18 96605.73 -9.752
51.20 96615.49 -9.842
51.22 96611.40 -9.778
51.24 96613.13 -9.810
51.26 96614.66 -9.740
51.28 96621.44 -9.789
51.30 96610.32 -9.801
51.32 96614.97 -9.702
51.34 96619.14 -9.776
51.36 96624.54 -9.837
51.38 96624.80 -9.793
51.40 96620.56 -9.770
51.42 96628.54 -9.705
51.44 96633.15 -9.767
51.46 96622.77 -9.763
51.48 96631.18 -9.672
51.50 96626.97 -9.751
51.52 96637.07 -9.672
51.54 96635.52 -9.699
51.56 96640.05 -9.742
51.58 96641.97 -9.641
51.60 96643.09 -9.735
51.62 96642.34 -9.725
51.64 96634.24 -9.725
51.66 96641.95 -9.788
51.68 96638.87 -9.779
51.70 96639.69 -9.740
51.72 96648.59 -9.734
51.74 96648.63 -9.780
51.76 96651.13 -9.800
51.78 96652.76 -9.835
51.80 96650.22 -9.798
51.82 96654.22 -9.825
51.84 96654.09 -9.839
51.86 96659.79 -9.839
51.88 96658.71 -9.830
51.90 96661.99 -9.862
51.92 96665.19 -9.856
51.94 96660.65 -9.899
51.96 96659.93 -9.840
51.98 96670.37 -9.871
52.00 96672.27 -9.843
52.02 96674.40 -9.853
52.04 96665.60 -9.953
52.06 96672.05 -9.808
52.08 96672.27 -9.909
52.10 96671.34 -9.858
52.12 96678.34 -9.772
52.14 96680.05 -9.876
52.16 96681.32 -9.821
52.18 96683.42 -9.762
52.20 96684.29 -9.849
52.22 96685.64 -9.752
52.24 96690.77 -9.827
52.26 96687.05 -9.704
52.28 96692.29 -9.768
52.30 96692.42 -9.794
52.32 96688.28 -9.769
52.34 96694.95 -9.735
52.36 96691.20 -9.712
52.38 96701.16 -9.705
52.40 96695.81 -9.770
52.42 96695.26 -9.745
52.44 96700.09 -9.762
52.46 96707.52 -9.709
52.48 96705.70 -9.675
52.50 96702.70 -9.692
52.52 96706.97 -9.719
52.54 96708.57 -9.724
52.56 96708.00 -9.695
52.58 96715.36 -9.660
52.60 96717.09 -9.757
52.62 96714.32 -9.681
52.64 96713.76 -9.735
52.66 96717.93 -9.763
52.68 96718.49 -9.757
52.70 96723.20 -9.788
52.72 96720.23 -9.818
52.74 96722.15 -9.725
52.76 96721.91 -9.785
52.78 96729.28 -9.810
52.80 96723.84 -9.795
52.82 96729.11 -9.801
52.84 96728.02 -9.883
52.86 96733.69 -9.848
52.88 96732.37 -9.886
52.90 96741.26 -9.764
52.92 96734.60 -9.864
52.94 96739.61 -9.924
52.96 96745.52 -9.815
52.98 96738.58 -9.872
53.00 96745.96 -9.881
53.02 96738.05 -9.931
53.04 96752.16 -9.856
53.06 96744.81 -9.815
53.08 96747.98 -9.772
53.10 96753.02 -9.769
53.12 96747.09 -9.866
53.14 96746.97 -9.824
53.16 96755.18 -9.841
53.18 96754.16 -9.758
53.20 96757.63 -9.741
53.22 96762.53 -9.812
53.24 96756.48 -9.910
53.26 96759.44 -9.737
53.28 96760.37 -9.798
53.30 96760.62 -9.758
53.32 96766.89 -9.712
53.34 96762.60 -9.720
53.36 96763.34 -9.684
53.38 96769.21 -9.686
53.40 96774.01 -9.663
53.42 96770.89 -9.754
53.44 96775.24 -9.727
53.46 96778.37 -9.596
53.48 96778.63 -9.732
53.50 96782.97 -9.709
53.52 96777.76 -9.656
53.54 96783.69 -9.703
53.56 96781.38 -9.757
53.58 96784.42 -9.634
53.60 96778.74 -9.671
53.62 96788.30 -9.724
53.64 96787.55 -9.750
53.66 96794.27 -9.769
53.68 96789.18 -9.722
53.70 96792.44 -9.755
53.72 96797.02 -9.823
53.74 96795.68 -9.764
53.76 96801.34 -9.824
53.78 96802.27 -9.764
53.80 96800.49 -9.698
53.82 96803.85 -9.883
53.84 96810.46 -9.813
53.86 96807.98 -9.736
53.88 96805.28 -9.882
53.90 96805.14 -9.918
53.92 96805.76 -9.861
53.94 96812.44 -9.782
53.96 96810.27 -9.916
53.98 96811.95 -9.884
54.00 96813.78 -9.876
54.02 96820.48 -9.708
54.04 96823.05 -9.907
54.06 96815.19 -9.971
54.08 96820.51 -9.852
54.10 96824.34 -9.794
54.12 96820.45 -9.851
54.14 96828.43 -9.860
54.16 96828.48 -9.775
54.18 96827.59 -9.883
54.20 96831.76 -9.811
54.22 96835.01 -9.756
54.24 96832.84 -9.761
54.26 96837.93 -9.846
54.28 96835.98 -9.723
54.30 96832.77 -9.688
54.32 96840.23 -9.754
54.34 96843.83 -9.704
54.36 96846.06 -9.724
54.38 96845.44 -9.710
54.40 96847.41 -9.659
54.42 96851.17 -9.727
54.44 96851.67 -9.723
54.46 96845.62 -9.686
54.48 96852.59 -9.683
54.50 96850.82 -9.610
54.52 96850.32 -9.708
54.54 96858.26 -9.774
54.56 96856.56 -9.686
54.58 96853.15 -9.744
54.60 96858.63 -9.715
54.62 96864.39 -9.678
54.64 96863.83 -9.733
54.66 96865.47 -9.745
54.68 96866.09 -9.765
54.70 96869.67 -9.815
54.72 96872.42 -9.762
54.74 96877.32 -9.776
54.76 96876.57 -9.780
54.78 96872.97 -9.840
54.80 96871.10 -9.883
54.82 96870.23 -9.834
54.84 96877.17 -9.920
54.86 96882.86 -9.836
54.88 96881.95 -9.807
54.90 96885.16 -9.841
54.92 96883.30 -9.777
54.94 96895.09 -9.819
54.96 96878.82 -9.880
54.98 96891.87 -9.853
55.00 96897.17 -9.817
55.02 96891.57 -9.941
55.04 96894.72 -9.882
55.06 96897.10 -9.800
55.08 96906.13 -9.842
55.10 96897.13 -9.690
55.12 96905.54 -9.813
55.14 96899.66 -9.789
55.16 96898.88 -9.856
55.18 96899.59 -9.768
55.20 96901.78 -9.773
55.22 96908.27 -9.834
55.24 96910.24 -9.770
55.26 96913.79 -9.786
55.28 96908.86 -9.747
55.30 96910.82 -9.814
55.32 96913.61 -9.743
55.34 96914.19 -9.756
55.36 96919.19 -9.770
55.38 96918.70 -9.669
55.40 96916.16 -9.771
55.42 96918.33 -9.681
55.44 96918.57 -9.694
55.46 96927.60 -9.732
55.48 96925.27 -9.755
55.50 96924.26 -9.699
55.52 96929.36 -9.720
55.54 96927.30 -9.616
55.56 96932.77 -9.681
55.58 96928.70 -9.736
55.60 96935.23 -9.618
55.62 96936.36 -9.796
55.64 96940.20 -9.746
55.66 96935.73 -9.730
55.68 96940.85 -9.749
55.70 96939.81 -9.835
55.72 96944.27 -9.772
55.74 96953.65 -9.834
55.76 96951.54 -9.791
55.78 96954.45 -9.769
55.80 96953.16 -9.763
55.82 96957.21 -9.835
55.84 96954.79 -9.757
55.86 96957.61 -9.892
55.88 96960.32 -9.887
55.90 96953.13 -9.794
55.92 96952.52 -9.854
55.94 96964.44 -9.848
55.96 96962.31 -9.839
55.98 96958.07 -9.935
56.00 96966.56 -9.870
56.02 96969.94 -9.850
56.04 96966.79 -9.796
56.06 96970.20 -9.892
56.08 96972.43 -9.793
56.10 96971.48 -9.980
56.12 96973.84 -9.905
56.14 96979.39 -9.792
56.16 96975.97 -9.826
56.18 96979.12 -9.843
56.20 96978.83 -9.811
56.22 96975.61 -9.696
56.24 96973.07 -9.742
56.26 96982.71 -9.746
56.28 96984.24 -9.870
56.30 96986.74 -9.734
56.32 96988.51 -9.724
56.34 96994.64 -9.797
56.36 96989.37 -9.725
56.38 96988.21 -9.694
56.40 96989.02 -9.793
56.42 96997.36 -9.746
56.44 97000.52 -9.730
56.46 97001.06 -9.721
56.48 97002.54 -9.672
56.50 97004.23 -9.765
56.52 97001.85 -9.712
56.54 97001.71 -9.774
56.56 97010.60 -9.691
56.58 97009.49 -9.698
56.60 97006.99 -9.724
56.62 97011.83 -9.709
56.64 97010.41 -9.735
56.66 97017.03 -9.746
56.68 97013.34 -9.738
56.70 97018.46 -9.717
56.72 97022.56 -9.796
56.74 97027.38 -9.787
56.76 97027.06 -9.780
56.78 97026.22 -9.755
56.80 97024.73 -9.801
56.82 97023.43 -9.759
56.84 97027.41 -9.727
56.86 97028.42 -9.858
56.88 97030.16 -9.894
56.90 97029.48 -9.791
56.92 97033.24 -9.828
56.94 97034.60 -9.892
56.96 97033.20 -9.846
56.98 97034.67 -9.868
57.00 97042.92 -9.886
57.02 97041.17 -9.911
57.04 97047.00 -9.849
57.06 97041.49 -9.926
57.08 97043.49 -9.809
57.10 97049.62 -9.848
57.12 97045.99 -9.831
57.14 97048.93 -9.927
57.16 97049.75 -9.815
57.18 97055.11 -9.735
57.20 97060.45 -9.852
57.22 97056.37 -9.767
57.24 97060.20 -9.780
57.26 97061.81 -9.748
57.28 97063.52 -9.741
57.30 97061.98 -9.768
57.32 97062.06 -9.777
57.34 97058.87 -9.773
57.36 97063.02 -9.761
57.38 97059.45 -9.710
57.40 97068.47 -9.714
57.42 97076.13 -9.760
57.44 97075.87 -9.638
57.46 97073.06 -9.631
57.48 97077.39 -9.699
57.50 97070.27 -9.708
57.52 97074.85 -9.562
57.54 97082.25 -9.779
57.56 97082.00 -9.663
57.58 97082.83 -9.687
57.60 97080.69 -9.746
57.62 97084.06 -9.663
57.64 97084.81 -9.719
57.66 97083.35 -9.756
57.68 97094.64 -9.878
57.70 97087.89 -9.751
57.72 97094.26 -9.723
57.74 97097.68 -9.852
57.76 97087.67 -9.766
57.78 97094.87 -9.749
57.80 97096.88 -9.748
57.82 97095.74 -9.940
57.84 97100.72 -9.842
57.86 97100.72 -9.821
57.88 97104.19 -9.815
57.90 97108.30 -9.873
57.92 97107.65 -9.856
57.94 97108.62 -9.836
57.96 97105.85 -9.937
57.98 97114.20 -9.924
58.00 97112.62 -9.847
58.02 97112.13 -9.820
58.04 97119.88 -9.778
58.06 97114.88 -9.903
58.08 97117.86 -9.802
58.10 97122.29 -9.901
58.12 97125.55 -9.906
58.14 97119.09 -9.707
58.16 97122.78 -9.796
58.18 97122.26 -9.819
58.20 97128.58 -9.971
58.22 97127.69 -9.775
58.24 97126.47 -9.730
58.26 97133.07 -9.827
58.28 97137.19 -9.790
58.30 97129.61 -9.735
58.32 97135.76 -9.679
58.34 97143.71 -9.777
58.36 97142.93 -9.698
58.38 97149.67 -9.710
58.40 97145.35 -9.696
58.42 97143.21 -9.705
58.44 97143.54 -9.760
58.46 97143.03 -9.691
58.48 97149.75 -9.708
58.50 97152.35 -9.671
58.52 97150.59 -9.764
58.54 97152.13 -9.707
58.56 97147.68 -9.746
58.58 97153.42 -9.753
58.60 97159.27 -9.749
58.62 97162.35 -9.802
58.64 97157.48 -9.790
58.66 97164.41 -9.733
58.68 97164.00 -9.710
58.70 97169.89 -9.784
58.72 97162.91 -9.756
58.74 97166.39 -9.800
58.76 97174.50 -9.802
58.78 97169.08 -9.755
58.80 97173.26 -9.790
58.82 97174.55 -9.827
58.84 97169.90 -9.806
58.86 97178.26 -9.878
58.88 97185.68 -9.849
58.90 97177.48 -9.800
58.92 97185.00 -9.871
58.94 97187.55 -9.757
58.96 97183.44 -9.974
58.98 97189.22 -9.822
59.00 97186.41 -9.900
59.02 97192.26 -9.895
59.04 97185.85 -9.771
59.06 97192.91 -9.800
59.08 97190.46 -9.796
59.10 97192.67 -9.755
59.12 97194.37 -9.817
59.14 97193.20 -9.857
59.16 97199.73 -9.815
59.18 97204.35 -9.753
59.20 97202.73 -9.876
59.22 97207.38 -9.830
59.24 97202.15 -9.720
59.26 97204.48 -9.820
59.28 97206.04 -9.729
59.30 97209.51 -9.775
59.32 97210.93 -9.715
59.34 97215.08 -9.753
59.36 97213.90 -9.643
59.38 97217.31 -9.671
59.40 97221.01 -9.719
59.42 97216.61 -9.715
59.44 97227.93 -9.748
59.46 97219.36 -9.678
59.48 97221.21 -9.709
59.50 97226.06 -9.708
59.52 97229.44 -9.707
59.54 97230.50 -9.677
59.56 97227.95 -9.769
59.58 97227.24 -9.678
59.60 97231.78 -9.700
59.62 97234.47 -9.701
59.64 97235.09 -9.745
59.66 97240.13 -9.738
59.68 97234.07 -9.698
59.70 97239.31 -9.762
59.72 97241.58 -9.859
59.74 97245.75 -9.751
59.76 97244.22 -9.873
59.78 97247.44 -9.798
59.80 97247.83 -9.838
59.82 97245.50 -9.877
59.84 97250.79 -9.776
59.86 97253.02 -9.874
59.88 97254.90 -9.839
59.90 97263.02 -9.929
59.92 97253.70 -9.860
59.94 97263.35 -9.836
59.96 97256.61 -9.786
59.98 97260.11 -9.824
60.00 97259.88 -9.941
60.02 97259.50 -9.782
60.04 97263.81 -9.763
60.06 97268.42 -9.844
60.08 97259.51 -9.759
60.10 97267.95 -9.821
60.12 97265.11 -9.893
60.14 97269.47 -9.817
60.16 97266.71 -9.874
60.18 97272.27 -9.770
60.20 97280.47 -9.819
60.22 97280.35 -9.739
60.24 97274.93 -9.779
60.26 97279.70 -9.799
60.28 97288.03 -9.806
60.30 97284.43 -9.721
60.32 97287.22 -9.779
60.34 97291.85 -9.767
60.36 97282.94 -9.745
60.38 97287.13 -9.719
60.40 97292.13 -9.764
60.42 97292.27 -9.690
60.44 97289.47 -9.735
60.46 97295.35 -9.682
60.48 97289.25 -9.721
60.50 97293.63 -9.705
60.52 97299.35 -9.741
60.54 97303.27 -9.694
60.56 97304.98 -9.679
60.58 97302.94 -9.670
60.60 97310.07 -9.681
60.62 97310.27 -9.714
60.64 97313.21 -9.813
60.66 97318.11 -9.760
60.68 97312.90 -9.806
60.70 97316.84 -9.747
60.72 97315.84 -9.777
60.74 97312.48 -9.740
60.76 97317.76 -9.761
60.78 97314.23 -9.861
60.80 97324.71 -9.914
60.82 97325.47 -9.822
60.84 97323.87 -9.840
60.86 97325.74 -9.886
60.88 97328.62 -9.813
60.90 97333.76 -9.867
60.92 97333.89 -9.784
60.94 97330.54 -9.828
60.96 97333.32 -9.795
60.98 97333.89 -9.881
61.00 97329.24 -9.830
61.02 97331.89 -9.782
61.04 97338.19 -9.913
61.06 97337.22 -9.885
61.08 97343.41 -9.821
61.10 97339.20 -9.803
61.12 97345.33 -9.843
61.14 97350.76 -9.902
61.16 97349.62 -9.742
61.18 97348.78 -9.813
61.20 97348.69 -9.779
61.22 97357.85 -9.801
61.24 97352.90 -9.773
61.26 97354.38 -9.829
61.28 97350.99 -9.751
61.30 97358.05 -9.774
61.32 97358.64 -9.742
61.34 97365.98 -9.832
61.36 97367.19 -9.831
61.38 97359.79 -9.756
61.40 97364.62 -9.792
61.42 97363.55 -9.808
61.44 97376.63 -9.676
61.46 97371.22 -9.566
61.48 97369.07 -9.683
61.50 97368.83 -9.775
61.52 97373.13 -9.702
61.54 97373.77 -9.760
61.56 97381.35 -9.743
61.58 97381.29 -9.781
61.60 97380.65 -9.731
61.62 97375.68 -9.715
61.64 97383.32 -9.742
61.66 97387.47 -9.852
61.68 97393.99 -9.772
61.70 97390.29 -9.738
61.72 97392.08 -9.831
61.74 97390.56 -9.709
61.76 97395.14 -9.837
61.78 97397.15 -9.794
61.80 97398.00 -9.796
61.82 97399.58 -9.828
61.84 97399.53 -9.868
61.86 97398.45 -9.736
61.88 97401.55 -9.868
61.90 97402.25 -9.845
61.92 97402.31 -9.815
61.94 97410.52 -9.934
61.96 97404.03 -9.862
61.98 97413.36 -9.873
62.00 97406.61 -9.865
62.02 97414.76 -9.848
62.04 97414.62 -9.854
62.06 97414.51 -9.902
62.08 97416.58 -9.821
62.10 97418.05 -9.809
62.12 97418.75 -9.839
62.14 97419.35 -9.846
62.16 97421.43 -9.790
62.18 97429.01 -9.849
62.20 97423.60 -9.838
62.22 97425.00 -9.847
62.24 97428.71 -9.746
62.26 97432.14 -9.768
62.28 97429.73 -9.708
62.30 97434.01 -9.812
62.32 97434.72 -9.742
62.34 97436.91 -9.760
62.36 97441.44 -9.715
62.38 97442.77 -9.719
62.40 97437.07 -9.762
62.42 97440.69 -9.625
62.44 97447.38 -9.716
62.46 97444.74 -9.756
62.48 97442.62 -9.698
62.50 97447.16 -9.765
62.52 97449.42 -9.663
62.54 97446.31 -9.688
62.56 97446.63 -9.731
62.58 97453.57 -9.789
62.60 97456.82 -9.712
62.62 97456.89 -9.798
62.64 97462.53 -9.710
62.66 97462.01 -9.735
62.68 97467.97 -9.762
62.70 97462.24 -9.802
62.72 97470.65 -9.769
62.74 97464.00 -9.801
62.76 97463.43 -9.747
62.78 97465.94 -9.758
62.80 97472.98 -9.825
62.82 97472.05 -9.769
62.84 97474.97 -9.774
62.86 97473.47 -9.854
62.88 97476.45 -9.875
62.90 97475.83 -9.831
62.92 97480.72 -9.802
62.94 97484.37 -9.846
62.96 97477.96 -9.833
62.98 97480.13 -9.826
63.00 97485.97 -9.992
63.02 97491.06 -9.719
63.04 97483.88 -9.791
63.06 97486.52 -9.888
63.08 97492.86 -9.790
63.10 97488.31 -9.860
63.12 97496.42 -9.821
63.14 97492.98 -9.857
63.16 97497.31 -9.882
63.18 97499.50 -9.781
63.20 97502.24 -9.683
63.22 97499.02 -9.753
63.24 97504.55 -9.800
63.26 97505.22 -9.869
63.28 97500.97 -9.713
63.30 97504.87 -9.700
63.32 97519.56 -9.810
63.34 97513.54 -9.819
63.36 97506.42 -9.777
63.38 97509.02 -9.815
63.40 97517.56 -9.724
63.42 97521.53 -9.714
63.44 97518.73 -9.633
63.46 97517.38 -9.746
63.48 97513.55 -9.737
63.50 97517.79 -9.684
63.52 97523.99 -9.675
63.54 97525.35 -9.768
63.56 97530.59 -9.831
63.58 97527.48 -9.693
63.60 97527.04 -9.713
63.62 97532.49 -9.741
63.64 97530.03 -9.675
63.66 97531.36 -9.755
63.68 97530.97 -9.773
63.70 97534.21 -9.771
63.72 97536.46 -9.800
63.74 97537.66 -9.794
63.76 97539.16 -9.844
63.78 97544.20 -9.865
63.80 97541.44 -9.862
63.82 97544.90 -9.885
63.84 97557.24 -9.793
63.86 97552.35 -9.832
63.88 97550.64 -9.816
63.90 97553.58 -9.791
63.92 97553.94 -9.797
63.94 97555.68 -9.839
63.96 97553.67 -9.830
63.98 97558.67 -9.820
64.00 97557.49 -9.924
64.02 97562.27 -9.824
64.04 97564.05 -9.834
64.06 97557.93 -9.938
64.08 97569.06 -9.799
64.10 97569.50 -9.729
64.12 97564.17 -9.765
64.14 97564.27 -9.885
64.16 97563.57 -9.818
64.18 97578.67 -9.887
64.20 97570.52 -9.783
64.22 97576.02 -9.788
64.24 97573.52 -9.940
64.26 97585.88 -9.817
64.28 97579.12 -9.827
64.30 97582.97 -9.823
64.32 97586.38 -9.815
64.34 97580.71 -9.725
64.36 97588.16 -9.774
64.38 97590.09 -9.740
64.40 97584.45 -9.686
64.42 97588.86 -9.691
64.44 97593.42 -9.716
64.46 97598.34 -9.702
64.48 97594.74 -9.753
64.50 97590.75 -9.730
64.52 97600.83 -9.692
64.54 97601.22 -9.721
64.56 97596.74 -9.638
64.58 97609.94 -9.791
64.60 97598.16 -9.708
64.62 97607.08 -9.758
64.64 97609.40 -9.621
64.66 97607.06 -9.681
64.68 97611.31 -9.693
64.70 97613.91 -9.831
64.72 97615.71 -9.741
64.74 97615.72 -9.794
64.76 97612.64 -9.746
64.78 97617.59 -9.808
64.80 97619.56 -9.795
64.82 97623.34 -9.785
64.84 97626.35 -9.812
64.86 97620.40 -9.841
64.88 97627.00 -9.776
64.90 97625.94 -9.773
64.92 97631.30 -9.813
64.94 97630.31 -9.913
64.96 97627.85 -9.831
64.98 97633.78 -9.910
65.00 97628.17 -9.795
65.02 97638.05 -9.863
65.04 97635.69 -9.895
65.06 97639.48 -9.879
65.08 97635.32 -9.891
65.10 97637.42 -9.808
65.12 97649.02 -9.838
65.14 97643.93 -9.771
65.16 97646.08 -9.706
65.18 97646.27 -9.827
65.20 97649.25 -9.891
65.22 97653.05 -9.715
65.24 97645.15 -9.721
65.26 97655.03 -9.844
65.28 97653.38 -9.782
65.30 97658.84 -9.780
65.32 97658.98 -9.857
65.34 97660.06 -9.708
65.36 97656.41 -9.734
65.38 97660.31 -9.774
65.40 97661.86 -9.730
65.42 97666.38 -9.837
65.44 97662.60 -9.768
65.46 97665.92 -9.765
65.48 97667.11 -9.709
65.50 97668.29 -9.700
65.52 97673.61 -9.730
65.54 97677.17 -9.745
65.56 97678.61 -9.737
65.58 97677.91 -9.796
65.60 97678.41 -9.697
65.62 97676.86 -9.622
65.64 97687.76 -9.750
65.66 97687.93 -9.704
65.68 97685.99 -9.718
65.70 97681.73 -9.725
65.72 97682.84 -9.854
65.74 97691.24 -9.824
65.76 97692.13 -9.838
65.78 97694.75 -9.852
65.80 97696.71 -9.778
65.82 97699.87 -9.873
65.84 97702.28 -9.814
65.86 97695.51 -9.763
65.88 97699.30 -9.919
65.90 97706.40 -9.787
65.92 97703.62 -9.874
65.94 97701.38 -9.827
65.96 97703.09 -9.899
65.98 97707.04 -9.843
66.00 97706.00 -9.861
66.02 97709.21 -9.839
66.04 97708.50 -9.851
66.06 97719.84 -9.817
66.08 97718.40 -9.755
66.10 97716.83 -9.841
66.12 97715.27 -9.889
66.14 97722.92 -9.847
66.16 97719.25 -9.781
66.18 97724.74 -9.860
66.20 97722.19 -9.856
66.22 97720.47 -9.769
66.24 97727.28 -9.746
66.26 97731.86 -9.814
66.28 97731.84 -9.845
66.30 97735.29 -9.714
66.32 97733.55 -9.737
66.34 97734.80 -9.747
66.36 97737.68 -9.602
66.38 97734.72 -9.759
66.40 97737.55 -9.697
66.42 97747.98 -9.754
66.44 97734.59 -9.681
66.46 97739.16 -9.651
66.48 97744.45 -9.751
66.50 97745.64 -9.649
66.52 97747.27 -9.655
66.54 97748.18 -9.667
66.56 97759.46 -9.680
66.58 97753.48 -9.684
66.60 97751.19 -9.703
66.62 97757.65 -9.747
66.64 97755.11 -9.754
66.66 97757.06 -9.724
66.68 97760.73 -9.808
66.70 97762.52 -9.716
66.72 97766.46 -9.711
66.74 97766.26 -9.849
66.76 97768.47 -9.767
66.78 97772.44 -9.695
66.80 97772.57 -9.844
66.82 97775.17 -9.875
66.84 97767.90 -9.720
66.86 97770.82 -9.852
66.88 97769.69 -9.730
66.90 97781.65 -9.836
66.92 97776.31 -9.874
66.94 97774.38 -9.903
66.96 97781.45 -9.900
66.98 97780.69 -9.925
67.00 97783.09 -9.879
67.02 97785.62 -9.800
67.04 97788.67 -9.935
67.06 97790.50 -9.825
67.08 97795.48 -9.876
67.10 97793.35 -9.848
67.12 97791.56 -9.860
67.14 97790.10 -9.830
67.16 97794.87 -9.784
67.18 97796.20 -9.734
67.20 97796.91 -9.768
67.22 97803.84 -9.738
67.24 97800.54 -9.849
67.26 97803.39 -9.706
67.28 97808.87 -9.794
67.30 97803.10 -9.824
67.32 97804.37 -9.762
67.34 97812.85 -9.815
67.36 97811.39 -9.694
67.38 97808.60 -9.768
67.40 97811.80 -9.735
67.42 97818.79 -9.709
67.44 97818.00 -9.804
67.46 97816.37 -9.653
67.48 97820.54 -9.718
67.50 97827.63 -9.693
67.52 97817.96 -9.670
67.54 97821.06 -9.719
67.56 97825.16 -9.706
67.58 97824.84 -9.787
67.60 97827.68 -9.662
67.62 97826.39 -9.692
67.64 97825.58 -9.745
67.66 97829.83 -9.702
67.68 97832.44 -9.819
67.70 97831.33 -9.691
67.72 97837.72 -9.773
67.74 97830.72 -9.732
67.76 97841.68 -9.801
67.78 97842.74 -9.873
67.80 97841.02 -9.751
67.82 97849.35 -9.851
67.84 97847.32 -9.858
67.86 97852.01 -9.809
67.88 97850.31 -9.814
67.90 97848.48 -9.888
67.92 97855.89 -9.766
67.94 97853.93 -9.790
67.96 97852.30 -9.890
67.98 97857.73 -9.860
68.00 97859.24 -9.864
68.02 97855.56 -9.823
68.04 97857.96 -9.882
68.06 97857.65 -9.785
68.08 97871.46 -9.846
68.10 97867.95 -9.856
68.12 97866.35 -9.812
68.14 97870.84 -9.851
68.16 97872.00 -9.797
68.18 97877.42 -9.812
68.20 97872.61 -9.854
68.22 97879.45 -9.783
68.24 97877.53 -9.775
68.26 97874.57 -9.694
68.28 97877.58 -9.768
68.30 97881.02 -9.736
68.32 97883.49 -9.761
68.34 97885.41 -9.757
68.36 97882.60 -9.754
68.38 97891.66 -9.638
68.40 97893.61 -9.758
68.42 97890.70 -9.725
68.44 97889.72 -9.684
68.46 97893.88 -9.770
68.48 97892.92 -9.736
68.50 97893.55 -9.589
68.52 97893.78 -9.794
68.54 97899.71 -9.769
68.56 97902.78 -9.729
68.58 97898.52 -9.727
68.60 97901.54 -9.647
68.62 97909.89 -9.711
68.64 97904.55 -9.819
68.66 97905.84 -9.758
68.68 97909.56 -9.726
68.70 97913.23 -9.831
68.72 97905.89 -9.732
68.74 97913.85 -9.763
68.76 97915.24 -9.738
68.78 97917.44 -9.752
68.80 97916.97 -9.757
68.82 97916.47 -9.860
68.84 97917.12 -9.853
68.86 97923.00 -9.745
68.88 97920.04 -9.753
68.90 97929.30 -9.839
68.92 97924.55 -9.866
68.94 97931.85 -9.827
68.96 97928.50 -9.734
68.98 97936.42 -9.857
69.00 97934.90 -9.848
69.02 97929.15 -9.858
69.04 97931.18 -9.844
69.06 97937.81 -9.895
69.08 97944.02 -9.876
69.10 97949.73 -9.802
69.12 97940.13 -9.758
69.14 97945.69 -9.844
69.16 97941.32 -9.780
69.18 97946.75 -9.795
69.20 97950.85 -9.744
69.22 97954.95 -9.833
69.24 97949.78 -9.812
69.26 97957.48 -9.784
69.28 97956.59 -9.776
69.30 97955.49 -9.851
69.32 97955.84 -9.759
69.34 97958.89 -9.812
69.36 97957.81 -9.723
69.38 97958.98 -9.759
69.40 97963.49 -9.673
69.42 97958.42 -9.705
69.44 97964.91 -9.781
69.46 97967.73 -9.648
69.48 97968.65 -9.668
69.50 97974.68 -9.662
69.52 97973.89 -9.710
69.54 97973.13 -9.666
69.56 97971.88 -9.707
69.58 97969.72 -9.749
69.60 97980.73 -9.676
69.62 97981.05 -9.775
69.64 97985.97 -9.743
69.66 97985.44 -9.699
69.68 97983.68 -9.710
69.70 97982.28 -9.687
69.72 97986.04 -9.845
69.74 97993.68 -9.760
69.76 97993.02 -9.720
69.78 97996.32 -9.822
69.80 97991.23 -9.801
69.82 97997.64 -9.839
69.84 97996.31 -9.878
69.86 97999.61 -9.677
69.88 97999.34 -9.782
69.90 98000.70 -9.800
69.92 97999.09 -9.827
69.94 98005.45 -9.774
69.96 98001.49 -9.885
69.98 98008.44 -9.906
70.00 98009.06 -9.888
70.02 98009.35 -9.912
70.04 98004.98 -9.939
70.06 98016.35 -9.891
70.08 98012.71 -9.770
70.10 98013.19 -9.792
70.12 98015.62 -9.863
70.14 98018.76 -9.814
70.16 98020.64 -9.937
70.18 98025.76 -9.715
70.20 98024.92 -9.845
70.22 98024.17 -9.852
70.24 98027.75 -9.820
70.26 98022.14 -9.771
70.28 98031.14 -9.754
70.30 98035.75 -9.808
70.32 98031.70 -9.842
70.34 98029.56 -9.754
70.36 98032.29 -9.829
70.38 98033.27 -9.787
70.40 98036.75 -9.702
70.42 98038.28 -9.671
70.44 98044.55 -9.819
70.46 98037.40 -9.644
70.48 98043.73 -9.720
70.50 98046.50 -9.660
70.52 98045.26 -9.715
70.54 98056.66 -9.702
70.56 98046.26 -9.669
70.58 98046.51 -9.685
70.60 98050.88 -9.760
70.62 98057.58 -9.694
70.64 98053.68 -9.761
70.66 98063.18 -9.757
70.68 98060.56 -9.703
70.70 98057.77 -9.699
70.72 98055.93 -9.742
70.74 98063.23 -9.932
70.76 98059.93 -9.705
70.78 98069.84 -9.802
70.80 98068.23 -9.742
70.82 98065.50 -9.837
70.84 98070.39 -9.797
70.86 98078.66 -9.866
70.88 98070.62 -9.841
70.90 98077.26 -9.787
70.92 98082.41 -9.867
70.94 98078.75 -9.902
70.96 98077.65 -9.797
70.98 98071.28 -9.913
71.00 98079.69 -9.872
71.02 98088.12 -9.746
71.04 98079.55 -9.845
71.06 98090.78 -9.892
71.08 98080.11 -9.836
71.10 98087.82 -9.832
71.12 98089.29 -9.807
71.14 98090.63 -9.838
71.16 98097.97 -9.860
71.18 98099.88 -9.883
71.20 98090.09 -9.843
71.22 98093.21 -9.863
71.24 98098.43 -9.732
71.26 98098.52 -9.859
71.28 98102.73 -9.739
71.30 98111.03 -9.804
71.32 98109.48 -9.692
71.34 98106.94 -9.753
71.36 98113.45 -9.812
71.38 98109.08 -9.673
71.40 98110.33 -9.697
71.42 98112.49 -9.694
71.44 98113.17 -9.696
71.46 98119.13 -9.636
71.48 98123.64 -9.729
71.50 98120.60 -9.703
71.52 98118.88 -9.726
71.54 98123.96 -9.733
71.56 98118.86 -9.757
71.58 98123.60 -9.773
71.60 98125.47 -9.759
71.62 98127.43 -9.713
71.64 98128.00 -9.734
71.66 98131.56 -9.819
71.68 98133.28 -9.714
71.70 98137.15 -9.718
71.72 98134.99 -9.812
71.74 98134.20 -9.746
71.76 98135.23 -9.752
71.78 98140.51 -9.768
71.80 98140.13 -9.795
71.82 98150.70 -9.812
71.84 98148.83 -9.910
71.86 98145.97 -9.826
71.88 98151.92 -9.780
71.90 98150.85 -9.838
71.92 98144.10 -9.835
71.94 98158.77 -9.848
71.96 98153.94 -9.875
71.98 98156.09 -9.825
72.00 98153.00 -9.734
72.02 98161.06 -9.905
72.04 98168.52 -9.835
72.06 98157.13 -9.827
72.08 98159.92 -9.892
72.10 98168.79 -9.882
72.12 98167.62 -9.941
72.14 98167.53 -9.767
72.16 98170.87 -9.809
72.18 98172.98 -9.828
72.20 98170.03 -9.812
72.22 98172.48 -9.762
72.24 98174.36 -9.754
72.26 98180.67 -9.754
72.28 98175.34 -9.792
72.30 98180.97 -9.737
72.32 98178.64 -9.681
72.34 98187.76 -9.760
72.36 98188.33 -9.729
72.38 98181.01 -9.772
72.40 98183.69 -9.679
72.42 98185.00 -9.762
72.44 98195.01 -9.748
72.46 98190.15 -9.675
72.48 98195.50 -9.687
72.50 98201.90 -9.724
72.52 98199.81 -9.786
72.54 98202.69 -9.672
72.56 98198.55 -9.584
72.58 98200.54 -9.714
72.60 98204.56 -9.772
72.62 98196.68 -9.777
72.64 98205.58 -9.712
72.66 98205.51 -9.841
72.68 98214.07 -9.877
72.70 98214.92 -9.734
72.72 98213.84 -9.742
72.74 98213.88 -9.782
72.76 98214.37 -9.862
72.78 98221.62 -9.759
72.80 98219.51 -9.781
72.82 98219.86 -9.800
72.84 98218.23 -9.824
72.86 98222.91 -9.830
72.88 98228.36 -9.756
72.90 98219.55 -9.901
72.92 98233.91 -9.899
72.94 98228.55 -9.860
72.96 98224.89 -9.891
72.98 98237.12 -9.810
73.00 98228.35 -9.874
73.02 98229.27 -9.854
73.04 98236.04 -9.974
73.06 98241.03 -9.839
73.08 98238.85 -9.933
73.10 98249.90 -9.802
73.12 98250.83 -9.867
73.14 98242.95 -9.765
73.16 98243.61 -9.881
73.18 98242.74 -9.859
73.20 98252.81 -9.822
73.22 98248.46 -9.766
73.24 98249.58 -9.707
73.26 98252.37 -9.715
73.28 98254.87 -9.699
73.30 98260.88 -9.816
73.32 98254.43 -9.740
73.34 98251.29 -9.717
73.36 98259.18 -9.747
73.38 98261.83 -9.736
73.40 98259.22 -9.707
73.42 98266.85 -9.663
73.44 98266.19 -9.763
73.46 98263.94 -9.742
73.48 98266.09 -9.714
73.50 98272.54 -9.675
73.52 98263.64 -9.720
73.54 98275.52 -9.694
73.56 98273.67 -9.718
73.58 98275.72 -9.631
73.60 98272.18 -9.798
73.62 98278.44 -9.697
73.64 98283.31 -9.740
73.66 98283.66 -9.790
73.68 98280.21 -9.676
73.70 98284.51 -9.737
73.72 98290.57 -9.706
73.74 98290.56 -9.865
73.76 98292.17 -9.767
73.78 98295.81 -9.771
73.80 98289.76 -9.759
73.82 98292.12 -9.782
73.84 98294.52 -9.807
73.86 98298.69 -9.846
73.88 98299.64 -9.881
73.90 98299.30 -9.912
73.92 98296.58 -9.842
73.94 98302.16 -9.894
73.96 98304.91 -9.858
73.98 98304.42 -9.889
74.00 98306.45 -9.838
74.02 98305.51 -9.840
74.04 98311.59 -9.836
74.06 98310.08 -9.777
74.08 98310.54 -9.866
74.10 98312.99 -9.828
74.12 98318.31 -9.774
74.14 98320.42 -9.891
74.16 98322.64 -9.828
74.18 98319.95 -9.765
74.20 98329.10 -9.761
74.22 98326.33 -9.786
74.24 98327.10 -9.854
74.26 98329.02 -9.784
74.28 98329.58 -9.914
74.30 98336.09 -9.704
74.32 98326.79 -9.682
74.34 98328.24 -9.765
74.36 98331.74 -9.789
74.38 98332.33 -9.708
74.40 98345.65 -9.716
74.42 98336.80 -9.805
74.44 98344.30 -9.642
74.46 98342.62 -9.696
74.48 98339.91 -9.719
74.50 98346.19 -9.732
74.52 98350.04 -9.730
74.54 98341.66 -9.686
74.56 98352.13 -9.770
74.58 98352.68 -9.744
74.60 98349.68 -9.779
74.62 98352.91 -9.783
74.64 98352.53 -9.732
74.66 98352.15 -9.726
74.68 98358.42 -9.716
74.70 98359.97 -9.847
74.72 98362.80 -9.755
74.74 98361.36 -9.802
74.76 98366.54 -9.738
74.78 98360.23 -9.824
74.80 98362.49 -9.797
74.82 98365.99 -9.845
74.84 98368.14 -9.719
74.86 98371.02 -9.861
74.88 98376.94 -9.765
74.90 98377.69 -9.876
74.92 98377.67 -9.783
74.94 98373.39 -9.878
74.96 98376.54 -9.716
74.98 98385.64 -9.752
75.00 98383.60 -9.886
75.02 98379.43 -9.923
75.04 98390.25 -9.836
75.06 98386.22 -9.819
75.08 98391.76 -9.901
75.10 98390.74 -9.911
75.12 98392.71 -9.924
75.14 98395.87 -9.896
75.16 98399.43 -9.760
75.18 98395.04 -9.741
75.20 98393.55 -9.808
75.22 98399.57 -9.822
75.24 98403.14 -9.923
75.26 98407.33 -9.718
75.28 98398.04 -9.765
75.30 98401.95 -9.813
75.32 98410.16 -9.799
75.34 98406.66 -9.720
75.36 98408.64 -9.770
75.38 98412.74 -9.694
75.40 98406.92 -9.676
75.42 98413.74 -9.744
75.44 98413.06 -9.633
75.46 98423.74 -9.615
75.48 98413.90 -9.710
75.50 98417.87 -9.698
75.52 98423.42 -9.670
75.54 98423.37 -9.800
75.56 98431.61 -9.671
75.58 98426.06 -9.647
75.60 98431.81 -9.702
75.62 98425.68 -9.750
75.64 98431.30 -9.667
75.66 98430.09 -9.675
75.68 98439.17 -9.653
75.70 98436.72 -9.666
75.72 98430.28 -9.906
75.74 98432.16 -9.740
75.76 98439.20 -9.813
75.78 98439.01 -9.856
75.80 98436.51 -9.920
75.82 98438.33 -9.823
75.84 98444.28 -9.820
75.86 98456.99 -9.913
75.88 98453.58 -9.954
75.90 98450.11 -9.899
75.92 98445.22 -9.901
75.94 98452.50 -9.841
75.96 98457.08 -9.875
75.98 98456.04 -9.903
76.00 98460.80 -9.770
76.02 98459.14 -9.958
76.04 98463.26 -9.818
76.06 98460.65 -9.873
76.08 98463.82 -9.832
76.10 98462.36 -9.987
76.12 98463.77 -9.827
76.14 98468.16 -9.902
76.16 98467.46 -9.778
76.18 98472.98 -9.769
76.20 98469.65 -9.744
76.22 98475.48 -9.851
76.24 98468.68 -9.758
76.26 98478.86 -9.719
76.28 98472.82 -9.795
76.30 98479.92 -9.794
76.32 98482.10 -9.669
76.34 98480.60 -9.839
76.36 98480.34 -9.702
76.38 98488.18 -9.719
76.40 98487.18 -9.715
76.42 98491.45 -9.673
76.44 98492.56 -9.656
76.46 98486.71 -9.713
76.48 98490.89 -9.660
76.50 98493.23 -9.752
76.52 98500.86 -9.676
76.54 98498.07 -9.757
76.56 98498.75 -9.661
76.58 98503.17 -9.669
76.60 98501.37 -9.704
76.62 98502.90 -9.762
76.64 98505.28 -9.754
76.66 98504.76 -9.708
76.68 98511.21 -9.833
76.70 98511.68 -9.793
76.72 98515.19 -9.761
76.74 98514.54 -9.757
76.76 98509.72 -9.852
76.78 98513.88 -9.813
76.80 98513.68 -9.808
76.82 98519.87 -9.801
76.84 98517.85 -9.737
76.86 98521.96 -9.860
76.88 98530.10 -9.810
76.90 98528.39 -9.838
76.92 98524.67 -9.820
76.94 98524.67 -9.752
76.96 98529.72 -9.780
76.98 98528.32 -9.819
77.00 98529.51 -9.858
77.02 98532.30 -9.897
77.04 98535.81 -9.916
77.06 98537.43 -9.812
77.08 98540.98 -9.911
77.10 98538.88 -9.913
77.12 98544.36 -9.792
77.14 98545.54 -9.894
77.16 98547.82 -9.893
77.18 98545.32 -9.805
77.20 98546.83 -9.862
77.22 98548.04 -9.856
77.24 98558.74 -9.829
77.26 98546.62 -9.741
77.28 98555.96 -9.691
77.30 98554.12 -9.786
77.32 98546.14 -9.769
77.34 98561.69 -9.757
77.36 98560.75 -9.716
77.38 98557.88 -9.721
77.40 98562.30 -9.868
77.42 98561.40 -9.809
77.44 98566.93 -9.695
77.46 98563.58 -9.692
77.48 98562.17 -9.728
77.50 98566.70 -9.768
77.52 98573.63 -9.737
77.54 98576.56 -9.723
77.56 98574.34 -9.732
77.58 98573.80 -9.662
77.60 98581.53 -9.710
77.62 98584.78 -9.728
77.64 98585.41 -9.816
77.66 98579.74 -9.711
77.68 98584.25 -9.757
77.70 98585.37 -9.756
77.72 98585.69 -9.810
77.74 98590.96 -9.809
77.76 98588.13 -9.859
77.78 98591.09 -9.811
77.80 98589.09 -9.776
77.82 98595.15 -9.845
77.84 98596.18 -9.802
77.86 98596.66 -9.847
77.88 98601.57 -9.883
77.90 98595.27 -9.823
77.92 98599.55 -9.780
77.94 98600.83 -9.895
77.96 98605.75 -9.893
77.98 98605.30 -9.857
78.00 98607.46 -9.884
78.02 98610.88 -9.777
78.04 98617.08 -9.815
78.06 98617.40 -9.895
78.08 98611.54 -9.882
78.10 98616.02 -9.833
78.12 98618.55 -9.890
78.14 98617.78 -9.797
78.16 98615.60 -9.888
78.18 98622.64 -9.896
78.20 98627.16 -9.761
78.22 98617.34 -9.768
78.24 98625.32 -9.820
78.26 98628.67 -9.727
78.28 98626.66 -9.792
78.30 98629.25 -9.761
78.32 98628.83 -9.761
78.34 98640.25 -9.756
78.36 98637.89 -9.818
78.38 98638.80 -9.658
78.40 98631.24 -9.724
78.42 98645.64 -9.682
78.44 98639.33 -9.749
78.46 98638.63 -9.726
78.48 98653.02 -9.613
78.50 98647.56 -9.678
78.52 98642.95 -9.645
78.54 98651.87 -9.669
78.56 98652.16 -9.706
78.58 98657.24 -9.742
78.60 98658.98 -9.724
78.62 98656.16 -9.609
78.64 98655.04 -9.784
78.66 98660.99 -9.673
78.68 98660.35 -9.804
78.70 98658.61 -9.731
78.72 98671.89 -9.704
78.74 98667.34 -9.858
78.76 98663.39 -9.759
78.78 98664.38 -9.802
78.80 98669.86 -9.837
78.82 98667.46 -9.766
78.84 98680.90 -9.780
78.86 98674.97 -9.781
78.88 98676.49 -9.798
78.90 98674.21 -9.819
78.92 98674.58 -9.876
78.94 98683.55 -9.893
78.96 98674.96 -9.873
78.98 98679.30 -9.822
79.00 98688.24 -9.804
79.02 98690.55 -9.855
79.04 98687.61 -9.868
79.06 98686.15 -9.882
79.08 98688.12 -9.833
79.10 98687.94 -9.833
79.12 98695.13 -9.820
79.14 98697.67 -9.771
79.16 98698.66 -9.884
79.18 98696.33 -9.764
79.20 98698.46 -9.797
79.22 98698.20 -9.787
79.24 98701.95 -9.802
79.26 98698.46 -9.751
79.28 98702.03 -9.756
79.30 98704.45 -9.735
79.32 98706.81 -9.753
79.34 98717.93 -9.672
79.36 98714.55 -9.794
79.38 98709.66 -9.744
79.40 98712.57 -9.706
79.42 98721.93 -9.642
79.44 98720.37 -9.649
79.46 98719.26 -9.753
79.48 98718.30 -9.714
79.50 98719.15 -9.739
79.52 98722.73 -9.656
79.54 98728.16 -9.713
79.56 98721.63 -9.700
79.58 98723.29 -9.718
79.60 98736.21 -9.755
79.62 98733.96 -9.769
79.64 98730.22 -9.692
79.66 98728.02 -9.753
79.68 98734.33 -9.853
79.70 98734.70 -9.720
79.72 98740.41 -9.855
79.74 98731.08 -9.780
79.76 98737.41 -9.803
79.78 98738.88 -9.828
79.80 98747.76 -9.779
79.82 98742.04 -9.856
79.84 98752.41 -9.781
79.86 98745.90 -9.827
79.88 98744.31 -9.790
79.90 98751.04 -9.872
79.92 98753.23 -9.860
79.94 98756.86 -9.902
79.96 98747.94 -9.839
79.98 98757.36 -9.854
80.00 98749.81 -9.842
80.02 98760.10 -9.756
80.04 98757.73 -9.862
80.06 98768.34 -9.845
80.08 98759.76 -9.840
80.10 98762.51 -9.933
80.12 98766.16 -9.823
80.14 98768.68 -9.930
80.16 98768.79 -9.864
80.18 98775.50 -9.767
80.20 98776.43 -9.858
80.22 98774.32 -9.787
80.24 98773.46 -9.835
80.26 98771.21 -9.825
80.28 98785.23 -9.707
80.30 98781.74 -9.824
80.32 98782.92 -9.808
80.34 98525.80 -9.682
80.36 98782.43 -9.733
80.38 98785.63 -9.729
80.40 98788.59 -9.720
80.42 98793.68 -9.646
80.44 98794.22 -9.716
80.46 98798.82 -9.748
80.48 98791.89 -9.709
80.50 98792.24 -9.721
80.52 98803.56 -9.777
80.54 98797.89 -9.648
80.56 98805.92 -9.737
80.58 98795.91 -9.726
80.60 98800.09 -9.647
80.62 98809.03 -9.733
80.64 98810.06 -9.713
80.66 98801.75 -9.741
80.68 98809.87 -9.760
80.70 98819.82 -9.754
80.72 98809.59 -9.750
80.74 98817.03 -9.750
80.76 98818.03 -9.744
80.78 98823.56 -9.811
80.80 98823.36 -9.781
80.82 98823.43 -9.778
80.84 98814.47 -9.858
80.86 98825.19 -9.795
80.88 98821.85 -9.845
80.90 98827.10 -9.930
80.92 98832.22 -9.847
80.94 98831.21 -9.882
80.96 98834.33 -9.808
80.98 98835.04 -9.891
81.00 98831.38 -9.846
81.02 98843.78 -9.890
81.04 98836.98 -9.929
81.06 98840.68 -9.880
81.08 98836.06 -9.801
81.10 98843.40 -9.834
81.12 98843.42 -9.927
81.14 98845.03 -9.821
81.16 98844.75 -9.913
81.18 98851.02 -9.754
81.20 98852.17 -9.822
81.22 98851.77 -9.784
81.24 98855.96 -9.821
81.26 98855.93 -9.729
81.28 98848.38 -9.740
81.30 98856.59 -9.787
81.32 98855.41 -9.692
81.34 98859.46 -9.752
81.36 98863.79 -9.760
81.38 98857.68 -9.692
81.40 98859.41 -9.689
81.42 98868.80 -9.754
81.44 98859.19 -9.635
81.46 98870.65 -9.670
81.48 98872.06 -9.672
81.50 98877.44 -9.693
81.52 98872.71 -9.641
81.54 98870.65 -9.731
81.56 98870.41 -9.743
81.58 98878.41 -9.764
81.60 98884.49 -9.732
81.62 98880.45 -9.742
81.64 98878.46 -9.802
81.66 98885.58 -9.823
81.68 98889.31 -9.749
81.70 98885.13 -9.804
81.72 98883.13 -9.842
81.74 98893.98 -9.790
81.76 98894.89 -9.759
81.78 98890.99 -9.808
81.80 98889.39 -9.821
81.82 98898.32 -9.809
81.84 98897.24 -9.888
81.86 98899.41 -9.758
81.88 98901.19 -9.851
81.90 98898.34 -9.917
81.92 98898.90 -9.939
81.94 98913.72 -9.830
81.96 98903.62 -9.844
81.98 98907.72 -9.832
82.00 98905.03 -9.826
82.02 98907.46 -9.905
82.04 98915.36 -9.760
82.06 98913.73 -9.856
82.08 98913.90 -9.801
82.10 98920.76 -9.756
82.12 98913.15 -9.675
82.14 98925.58 -9.841
82.16 98918.07 -9.837
82.18 98919.50 -9.723
82.20 98915.42 -9.842
82.22 98926.84 -9.716
82.24 98930.55 -9.770
82.26 98923.68 -9.821
82.28 98927.41 -9.772
82.30 98934.21 -9.830
82.32 98930.88 -9.735
82.34 98933.79 -9.748
82.36 98936.57 -9.738
82.38 98937.74 -9.764
82.40 98935.89 -9.666
82.42 98937.64 -9.786
82.44 98934.17 -9.737
82.46 98951.82 -9.677
82.48 98944.11 -9.751
82.50 98947.53 -9.655
82.52 98945.17 -9.724
82.54 98950.88 -9.725
82.56 98948.97 -9.796
82.58 98951.39 -9.769
82.60 98947.00 -9.759
82.62 98946.25 -9.729
82.64 98953.60 -9.737
82.66 98957.85 -9.796
82.68 98963.31 -9.759
82.70 98962.11 -9.708
82.72 98964.15 -9.735
82.74 98962.18 -9.763
82.76 98966.11 -9.681
82.78 98969.42 -9.798
82.80 98965.82 -9.846
82.82 98971.20 -9.807
82.84 98974.66 -9.803
82.86 98972.61 -9.808
82.88 98977.09 -9.940
82.90 98979.47 -9.776
82.92 98981.41 -9.875
82.94 98979.53 -9.774
82.96 98983.35 -9.831
82.98 98984.86 -9.878
83.00 98980.56 -9.829
83.02 98986.48 -9.906
83.04 98984.67 -9.893
83.06 98990.38 -9.964
83.08 98989.99 -9.755
83.10 98996.49 -9.892
83.12 98997.40 -9.820
83.14 98999.71 -9.828
83.16 98993.14 -9.791
83.18 99005.46 -9.783
83.20 98998.11 -9.835
83.22 99009.22 -9.795
83.24 98996.82 -9.774
83.26 99012.30 -9.821
83.28 99005.93 -9.684
83.30 99009.22 -9.708
83.32 99005.89 -9.721
83.34 99008.97 -9.773
83.36 99007.80 -9.695
83.38 99011.35 -9.635
83.40 99016.51 -9.702
83.42 99019.11 -9.706
83.44 99023.78 -9.798
83.46 99021.90 -9.829
83.48 99019.96 -9.693
83.50 99019.83 -9.654
83.52 99019.86 -9.697
83.54 99026.52 -9.749
83.56 99025.85 -9.662
83.58 99025.33 -9.783
83.60 99031.13 -9.769
83.62 99033.69 -9.707
83.64 99034.98 -9.780
83.66 98935.62 -9.720
83.68 99042.35 -9.748
83.70 99037.16 -9.707
83.72 99034.93 -9.840
83.74 99041.52 -9.730
83.76 99047.32 -9.738
83.78 99041.77 -9.784
83.80 99046.59 -9.822
83.82 99051.57 -9.785
83.84 99048.62 -9.852
83.86 99042.28 -9.827
83.88 99049.28 -9.837
83.90 99060.04 -9.812
83.92 99059.72 -9.822
83.94 99057.26 -9.849
83.96 99058.98 -9.866
83.98 99053.94 -9.857
84.00 99062.82 -9.849
84.02 99059.24 -9.992
84.04 99062.44 -9.741
84.06 99065.53 -9.928
84.08 99065.65 -9.854
84.10 99064.97 -9.788
84.12 99064.70 -9.800
84.14 99071.10 -9.825
84.16 99067.77 -9.869
84.18 99072.92 -9.787
84.20 99073.91 -9.722
84.22 99072.64 -9.738
84.24 99078.23 -9.776
84.26 99082.27 -9.724
84.28 99087.67 -9.737
84.30 99085.99 -9.751
84.32 99086.34 -9.748
84.34 99086.67 -9.710
84.36 99084.64 -9.732
84.38 99086.30 -9.711
84.40 99085.05 -9.795
84.42 99093.78 -9.660
84.44 99090.14 -9.746
84.46 99099.09 -9.710
84.48 99104.46 -9.676
84.50 99099.76 -9.742
84.52 99103.42 -9.676
84.54 99103.32 -9.801
84.56 99102.84 -9.708
84.58 99102.81 -9.653
84.60 99111.04 -9.794
84.62 99103.34 -9.711
84.64 99106.94 -9.664
84.66 99103.26 -9.783
84.68 99114.18 -9.699
84.70 99113.70 -9.708
84.72 99111.15 -9.775
84.74 99109.32 -9.836
84.76 99115.25 -9.773
84.78 99119.78 -9.822
84.80 99119.93 -9.815
84.82 99115.43 -9.751
84.84 99121.29 -9.812
84.86 99114.81 -9.817
84.88 99130.16 -9.877
84.90 99124.61 -9.815
84.92 99129.01 -9.839
84.94 99134.33 -9.770
84.96 99130.96 -9.849
84.98 99135.53 -9.917
85.00 99132.85 -9.790
85.02 99138.23 -9.883
85.04 99140.04 -9.859
85.06 99136.31 -9.883
85.08 99140.15 -9.843
85.10 99142.76 -9.868
85.12 99147.92 -9.816
85.14 99145.66 -9.841
85.16 99148.97 -9.775
85.18 99150.71 -9.724
85.20 99152.50 -9.817
85.22 99151.60 -9.783
85.24 99155.74 -9.836
85.26 99156.31 -9.784
85.28 99154.38 -9.752
85.30 99161.95 -9.845
85.32 99156.59 -9.789
85.34 99168.43 -9.843
85.36 99161.25 -9.804
85.38 99159.24 -9.719
85.40 99162.61 -9.752
85.42 99165.42 -9.708
85.44 99170.70 -9.749
85.46 99167.61 -9.652
85.48 99162.18 -9.705
85.50 99176.22 -9.682
85.52 99179.16 -9.680
85.54 99172.05 -9.660
85.56 99179.36 -9.741
85.58 99177.82 -9.762
85.60 99185.21 -9.698
85.62 99180.18 -9.773
85.64 99178.65 -9.779
85.66 99189.55 -9.743
85.68 99184.86 -9.750
85.70 99184.27 -9.728
85.72 99189.88 -9.805
85.74 99193.20 -9.817
85.76 99191.36 -9.789
85.78 99198.87 -9.779
85.80 99196.45 -9.808
85.82 99191.37 -9.853
85.84 99191.42 -9.806
85.86 99199.35 -9.790
85.88 99203.83 -9.795
85.90 99203.85 -9.869
85.92 99204.86 -9.791
85.94 99203.15 -9.831
85.96 99211.13 -9.861
85.98 99210.37 -9.765
86.00 99211.42 -9.867
86.02 99211.33 -9.866
86.04 99216.39 -9.782
86.06 99211.82 -9.802
86.08 99217.53 -9.839
86.10 99217.24 -9.805
86.12 99223.58 -9.835
86.14 99224.10 -9.863
86.16 99215.90 -9.871
86.18 99229.85 -9.794
86.20 99231.15 -9.756
86.22 99233.83 -9.698
86.24 99232.38 -9.814
86.26 99225.98 -9.782
86.28 99229.71 -9.629
86.30 99228.95 -9.784
86.32 99229.03 -9.657
86.34 99230.09 -9.703
86.36 99239.37 -9.727
86.38 99239.05 -9.696
86.40 99237.49 -9.787
86.42 99239.42 -9.729
86.44 99241.03 -9.779
86.46 99249.83 -9.547
86.48 99248.28 -9.708
86.50 99249.02 -9.778
86.52 99251.48 -9.689
86.54 99253.85 -9.737
86.56 99252.68 -9.762
86.58 99253.76 -9.616
86.60 99256.35 -9.650
86.62 99256.89 -9.735
86.64 99258.99 -9.839
86.66 99256.59 -9.784
86.68 99263.32 -9.875
86.70 99264.31 -9.837
86.72 99258.90 -9.728
86.74 99270.71 -9.741
86.76 99271.61 -9.803
86.78 99273.66 -9.719
86.80 99267.17 -9.837
86.82 99271.56 -9.885
86.84 99274.02 -9.963
86.86 99278.16 -9.770
86.88 99278.67 -9.858
86.90 99279.00 -9.912
86.92 99281.37 -9.860
86.94 99278.77 -9.914
86.96 99285.96 -9.857
86.98 99283.32 -9.853
87.00 99285.27 -9.818
87.02 99284.11 -9.783
87.04 99291.18 -9.939
87.06 99291.81 -9.894
87.08 99295.67 -9.743
87.10 99298.48 -9.855
87.12 99297.08 -9.889
87.14 99301.99 -9.848
87.16 99298.87 -9.839
87.18 99299.26 -9.825
87.20 99311.41 -9.661
87.22 99299.89 -9.835
87.24 99301.43 -9.818
87.26 99305.46 -9.775
87.28 99311.41 -9.748
87.30 99305.42 -9.790
87.32 99313.28 -9.714
87.34 99309.73 -9.746
87.36 99313.57 -9.670
87.38 99321.32 -9.695
87.40 99316.98 -9.734
87.42 99317.00 -9.833
87.44 99321.82 -9.633
87.46 99323.85 -9.676
87.48 99325.19 -9.689
87.50 99332.22 -9.734
87.52 99329.98 -9.597
87.54 99326.92 -9.753
87.56 99327.02 -9.710
87.58 99331.73 -9.754
87.60 99328.11 -9.741
87.62 99334.61 -9.687
87.64 99333.32 -9.650
87.66 99338.70 -9.672
87.68 99340.80 -9.703
87.70 99336.71 -9.830
87.72 99336.92 -9.776
87.74 99341.98 -9.683
87.76 99343.76 -9.795
87.78 99343.05 -9.772
87.80 99341.06 -9.848
87.82 99357.47 -9.830
87.84 99347.71 -9.893
87.86 99350.45 -9.809
87.88 99355.83 -9.806
87.90 99358.48 -9.777
87.92 99357.09 -9.920
87.94 99357.81 -9.810
87.96 99363.30 -9.944
87.98 99359.77 -9.794
88.00 99357.85 -9.755
88.02 99366.22 -9.805
88.04 99364.90 -9.834
88.06 99364.42 -9.847
88.08 99365.92 -9.852
88.10 99369.15 -9.886
88.12 99376.29 -9.822
88.14 99378.52 -9.744
88.16 99378.99 -9.787
88.18 99381.96 -9.851
88.20 99381.12 -9.750
88.22 99382.61 -9.836
88.24 99379.92 -9.869
88.26 99380.54 -9.804
88.28 99382.56 -9.760
88.30 99382.56 -9.820
88.32 99390.20 -9.765
88.34 99393.64 -9.759
88.36 99386.22 -9.677
88.38 99391.23 -9.655
88.40 99394.56 -9.699
88.42 99394.08 -9.736
88.44 99401.15 -9.638
88.46 99400.67 -9.735
88.48 99401.36 -9.660
88.50 99400.37 -9.772
88.52 99397.03 -9.719
88.54 99400.68 -9.710
88.56 99404.98 -9.722
88.58 99398.41 -9.729
88.60 99405.23 -9.736
88.62 99409.92 -9.871
88.64 99411.52 -9.694
88.66 99409.74 -9.754
88.68 99412.52 -9.721
88.70 99415.46 -9.731
88.72 99416.45 -9.713
88.74 99414.40 -9.864
88.76 99420.24 -9.788
88.78 99417.81 -9.762
88.80 99419.90 -9.753
88.82 99421.12 -9.823
88.84 99427.42 -9.801
88.86 99428.97 -9.892
88.88 99436.18 -9.820
88.90 99429.86 -9.818
88.92 99433.57 -9.903
88.94 99308.55 -9.863
88.96 99445.96 -9.875
88.98 99434.77 -9.878
89.00 99438.42 -9.900
89.02 99442.40 -9.907
89.04 99434.22 -9.912
89.06 99438.57 -9.824
89.08 99446.03 -9.827
89.10 99444.52 -9.863
89.12 99446.76 -9.812
89.14 99449.25 -9.922
89.16 99450.28 -9.834
89.18 99452.41 -9.875
89.20 99454.75 -9.717
89.22 99449.01 -9.758
89.24 99458.27 -9.817
89.26 99455.44 -9.735
89.28 99454.05 -9.733
89.30 99460.93 -9.802
89.32 99464.50 -9.748
89.34 99463.50 -9.777
89.36 99462.30 -9.751
89.38 99469.46 -9.787
89.40 99463.83 -9.773
89.42 99467.57 -9.736
89.44 99473.15 -9.720
89.46 99467.83 -9.743
89.48 99478.13 -9.740
89.50 99479.21 -9.723
89.52 99475.27 -9.722
89.54 99475.91 -9.678
89.56 99488.38 -9.777
89.58 99485.47 -9.769
89.60 99478.71 -9.699
89.62 99483.98 -9.889
89.64 99490.51 -9.795
89.66 99487.20 -9.726
89.68 99489.59 -9.766
89.70 99495.55 -9.804
89.72 99495.98 -9.740
89.74 99494.61 -9.679
89.76 99497.81 -9.833
89.78 99504.08 -9.753
89.80 99497.96 -9.879
89.82 99503.19 -9.872
89.84 99502.12 -9.924
89.86 99505.37 -9.782
89.88 99505.64 -9.807
89.90 99511.44 -9.820
89.92 99506.85 -9.900
89.94 99503.80 -9.807
89.96 99509.76 -9.859
89.98 99508.97 -9.861
90.00 99511.77 -9.865
90.02 99516.72 -9.906
90.04 99518.25 -9.818
90.06 99524.03 -9.911
90.08 99518.20 -9.893
90.10 99525.40 -9.784
90.12 99518.36 -9.782
90.14 99517.04 -9.820
90.16 99530.37 -9.875
90.18 99525.38 -9.869
90.20 99524.73 -9.904
90.22 99529.60 -9.829
90.24 99531.22 -9.819
90.26 99529.74 -9.702
90.28 99535.45 -9.762
90.30 99534.11 -9.836
90.32 99534.16 -9.711
90.34 99539.51 -9.713
90.36 99541.42 -9.741
90.38 99542.35 -9.743
90.40 99550.10 -9.745
90.42 99543.93 -9.774
90.44 99545.43 -9.733
90.46 99553.09 -9.789
90.48 99549.82 -9.761
90.50 99554.15 -9.663
90.52 99556.24 -9.698
90.54 99557.51 -9.700
90.56 99552.13 -9.802
90.58 99554.11 -9.732
90.60 99556.65 -9.708
90.62 99556.52 -9.701
90.64 99568.18 -9.755
90.66 99558.58 -9.778
90.68 99563.53 -9.722
90.70 99570.80 -9.751
90.72 99565.81 -9.768
90.74 99565.12 -9.760
90.76 99574.35 -9.828
90.78 99577.05 -9.790
90.80 99580.28 -9.862
90.82 99581.27 -9.838
90.84 99571.92 -9.904
90.86 99580.92 -9.885
90.88 99584.49 -9.730
90.90 99584.50 -9.872
90.92 99589.65 -9.830
90.94 99583.11 -9.840
90.96 99591.07 -9.884
90.98 99587.87 -9.921
91.00 99591.71 -9.896
91.02 99593.81 -9.925
91.04 99589.67 -9.890
91.06 99591.29 -9.894
91.08 99590.72 -9.848
91.10 99601.15 -9.760
91.12 99602.45 -9.830
91.14 99595.22 -9.915
91.16 99602.52 -9.793
91.18 99603.78 -9.781
91.20 99609.51 -9.798
91.22 99605.28 -9.854
91.24 99605.52 -9.815
91.26 99610.32 -9.762
91.28 99613.26 -9.790
91.30 99615.73 -9.812
91.32 99614.09 -9.754
91.34 99617.30 -9.765
91.36 99620.19 -9.703
91.38 99614.82 -9.733
91.40 99615.85 -9.733
91.42 99624.40 -9.613
91.44 99621.57 -9.765
91.46 99631.22 -9.749
91.48 99623.50 -9.785
91.50 99627.78 -9.671
91.52 99628.70 -9.710
91.54 99628.24 -9.751
91.56 99634.41 -9.717
91.58 99635.49 -9.682
91.60 99645.48 -9.728
91.62 99633.99 -9.822
91.64 99634.30 -9.793
91.66 99639.52 -9.718
91.68 99634.17 -9.723
91.70 99643.30 -9.679
91.72 99647.04 -9.799
91.74 99641.03 -9.791
91.76 99649.26 -9.737
91.78 99647.78 -9.715
91.80 99650.92 -9.747
91.82 99647.03 -9.809
91.84 99655.74 -9.894
91.86 99654.63 -9.798
91.88 99652.87 -9.878
91.90 99656.89 -9.906
91.92 99659.69 -9.766
91.94 99659.68 -9.962
91.96 99666.19 -9.749
91.98 99669.60 -9.756
92.00 99657.66 -9.817
92.02 99665.70 -9.957
92.04 99670.67 -9.914
92.06 99670.74 -9.914
92.08 99670.97 -9.897
92.10 99673.43 -9.859
92.12 99679.74 -9.850
92.14 99675.60 -9.800
92.16 99679.94 -9.849
92.18 99676.41 -9.754
92.20 99675.73 -9.802
92.22 99680.45 -9.778
92.24 99683.76 -9.789
92.26 99686.31 -9.840
92.28 99686.83 -9.814
92.30 99687.54 -9.808
92.32 99685.84 -9.766
92.34 99684.78 -9.724
92.36 99695.42 -9.663
92.38 99697.47 -9.704
92.40 99698.77 -9.730
92.42 99694.03 -9.790
92.44 99698.84 -9.638
92.46 99704.87 -9.721
92.48 99703.74 -9.791
92.50 99703.57 -9.826
92.52 99706.23 -9.703
92.54 99703.73 -9.753
92.56 99710.69 -9.753
92.58 99710.60 -9.712
92.60 99707.47 -9.651
92.62 99712.40 -9.725
92.64 99716.02 -9.726
92.66 99717.71 -9.788
92.68 99716.59 -9.789
92.70 99718.15 -9.774
92.72 99716.81 -9.831
92.74 99720.88 -9.700
92.76 99724.61 -9.781
92.78 99726.06 -9.797
92.80 99728.70 -9.836
92.82 99728.55 -9.893
92.84 99729.38 -9.823
92.86 99735.08 -9.811
92.88 99733.33 -9.892
92.90 99734.96 -9.930
92.92 99736.22 -9.907
92.94 99734.15 -9.884
92.96 99738.99 -9.801
92.98 99741.30 -9.861
93.00 99741.56 -9.823
93.02 99746.28 -9.903
93.04 99747.53 -9.843
93.06 99744.70 -9.902
93.08 99749.07 -9.785
93.10 99741.41 -9.718
93.12 99749.26 -9.790
93.14 99751.33 -9.846
93.16 99753.70 -9.827
93.18 99753.33 -9.746
93.20 99754.84 -9.810
93.22 99765.71 -9.807
93.24 99754.38 -9.732
93.26 99757.22 -9.717
93.28 99763.42 -9.773
93.30 99764.26 -9.812
93.32 99766.93 -9.695
93.34 99766.93 -9.718
93.36 99764.59 -9.781
93.38 99770.33 -9.698
93.40 99761.83 -9.745
93.42 99774.84 -9.728
93.44 99773.96 -9.648
93.46 99782.21 -9.749
93.48 99775.64 -9.752
93.50 99779.17 -9.705
93.52 99776.88 -9.721
93.54 99781.21 -9.736
93.56 99783.10 -9.705
93.58 99784.08 -9.753
93.60 99782.31 -9.699
93.62 99794.35 -9.786
93.64 99790.51 -9.767
93.66 99791.93 -9.867
93.68 99798.72 -9.737
93.70 99798.65 -9.683
93.72 99797.88 -9.741
93.74 99794.20 -9.760
93.76 99797.71 -9.843
93.78 99800.76 -9.806
93.80 99803.99 -9.803
93.82 99804.46 -9.872
93.84 99806.48 -9.859
93.86 99806.47 -9.786
93.88 99808.99 -9.785
93.90 99810.75 -9.820
93.92 99811.59 -9.903
93.94 99810.99 -9.877
93.96 99824.30 -9.917
93.98 99812.51 -9.827
94.00 99821.26 -9.849
94.02 99813.26 -9.840
94.04 99819.28 -9.841
94.06 99817.76 -9.855
94.08 99829.78 -9.860
94.10 99817.74 -9.790
94.12 99826.37 -9.860
94.14 99825.03 -9.618
94.16 99827.97 -9.828
94.18 99835.45 -9.777
94.20 99832.11 -9.791
94.22 99835.02 -9.802
94.24 99835.34 -9.844
94.26 99839.69 -9.828
94.28 99842.82 -9.792
94.30 99840.91 -9.739
94.32 99840.21 -9.757
94.34 99842.29 -9.738
94.36 99847.76 -9.714
94.38 99848.47 -9.781
94.40 99850.21 -9.680
94.42 99852.20 -9.728
94.44 99852.04 -9.769
94.46 99857.00 -9.802
94.48 99847.41 -9.715
94.50 99856.72 -9.742
94.52 99858.69 -9.705
94.54 99852.15 -9.650
94.56 99863.23 -9.709
94.58 99863.09 -9.723
94.60 99856.80 -9.751
94.62 99862.36 -9.718
94.64 99865.65 -9.644
94.66 99867.64 -9.798
94.68 99865.17 -9.730
94.70 99866.85 -9.725
94.72 99876.39 -9.741
94.74 99871.99 -9.752
94.76 99874.15 -9.798
94.78 99870.88 -9.744
94.80 99872.10 -9.795
94.82 99879.36 -9.790
94.84 99877.80 -9.876
94.86 99882.87 -9.767
94.88 99887.06 -9.893
94.90 99886.09 -9.767
94.92 99896.41 -9.841
94.94 99887.28 -9.857
94.96 99890.91 -9.891
94.98 99886.54 -9.849
95.00 99886.02 -9.942
95.02 99894.46 -9.845
95.04 99901.30 -9.928
95.06 99897.64 -9.870
95.08 99899.48 -9.936
95.10 99895.39 -9.836
95.12 99904.45 -9.854
95.14 99905.59 -9.795
95.16 99906.18 -9.700
95.18 99905.91 -9.769
95.20 99910.53 -9.834
95.22 99913.09 -9.836
95.24 99912.40 -9.818
95.26 99910.60 -9.722
95.28 99917.79 -9.786
95.30 99921.22 -9.708
95.32 99916.16 -9.684
95.34 99916.25 -9.760
95.36 99927.68 -9.735
95.38 99922.76 -9.755
95.40 99924.83 -9.683
95.42 99921.78 -9.752
95.44 99929.62 -9.787
95.46 99930.65 -9.732
95.48 99928.99 -9.716
95.50 99936.87 -9.742
95.52 99938.26 -9.715
95.54 99933.16 -9.653
95.56 99939.88 -9.783
95.58 99937.37 -9.765
95.60 99937.47 -9.690
95.62 99943.42 -9.693
95.64 99940.73 -9.717
95.66 99942.36 -9.801
95.68 99946.61 -9.749
95.70 99954.57 -9.738
95.72 99944.73 -9.783
95.74 99943.06 -9.781
95.76 99954.97 -9.745
95.78 99949.92 -9.786
95.80 99953.60 -9.795
95.82 99951.65 -9.828
95.84 99956.74 -9.853
95.86 99957.60 -9.939
95.88 99960.00 -9.890
95.90 99956.28 -9.796
95.92 99959.23 -9.867
95.94 99968.69 -9.854
95.96 99966.96 -9.853
95.98 99971.69 -9.926
96.00 99966.23 -9.785
96.02 99975.45 -9.795
96.04 99973.03 -9.823
96.06 99966.34 -9.892
96.08 99971.20 -9.856
96.10 99984.08 -9.834
96.12 99985.62 -9.869
96.14 99974.07 -9.876
96.16 99981.47 -9.860
96.18 99981.76 -9.835
96.20 99980.56 -9.803
96.22 99985.21 -9.801
96.24 99988.64 -9.758
96.26 99986.28 -9.819
96.28 99984.74 -9.745
96.30 99998.09 -9.697
96.32 99998.25 -9.836
96.34 99989.50 -9.692
96.36 100002.32 -9.803
96.38 100002.59 -9.727
96.40 99994.42 -9.690
96.42 100003.37 -9.748
96.44 100006.03 -9.675
96.46 100006.95 -9.658
96.48 100006.56 -9.720
96.50 100004.87 -9.771
96.52 100005.98 -9.794
96.54 100010.53 -9.741
96.56 100005.23 -9.724
96.58 100003.68 -9.858
96.60 100009.94 -9.749
96.62 100018.10 -9.730
96.64 100013.21 -9.737
96.66 100010.88 -9.748
96.68 100019.90 -9.722
96.70 100021.91 -9.724
96.72 100024.94 -9.758
96.74 100023.13 -9.827
96.76 100028.07 -9.776
96.78 100026.39 -9.799
96.80 100029.06 -9.918
96.82 100037.05 -9.820
96.84 100036.65 -9.862
96.86 100035.68 -9.798
96.88 100033.29 -9.787
96.90 100037.24 -9.756
96.92 100035.09 -9.823
96.94 100043.00 -9.723
96.96 100044.56 -9.791
96.98 100037.69 -9.830
97.00 100046.78 -9.839
97.02 100051.60 -9.748
97.04 100048.59 -9.825
97.06 100056.78 -9.901
97.08 100047.46 -9.944
97.10 100052.58 -9.912
97.12 100048.30 -9.840
97.14 100059.85 -9.845
97.16 100054.31 -9.725
97.18 100055.19 -9.744
97.20 100062.71 -9.812
97.22 100061.68 -9.776
97.24 100065.78 -9.705
97.26 100066.02 -9.845
97.28 100063.75 -9.773
97.30 100067.29 -9.771
97.32 100070.78 -9.803
97.34 100058.86 -9.695
97.36 100077.65 -9.707
97.38 100074.11 -9.737
97.40 100078.84 -9.782
97.42 100071.38 -9.798
97.44 100081.42 -9.662
97.46 100076.02 -9.670
97.48 100080.08 -9.646
97.50 100080.45 -9.774
97.52 100087.60 -9.656
97.54 100086.62 -9.690
97.56 100090.99 -9.648
97.58 100093.55 -9.694
97.60 100093.74 -9.736
97.62 100092.22 -9.654
97.64 100093.63 -9.646
97.66 100094.14 -9.779
97.68 100093.53 -9.783
97.70 100102.15 -9.715
97.72 100101.79 -9.752
97.74 100105.63 -9.813
97.76 100102.06 -9.724
97.78 100100.62 -9.785
97.80 100112.39 -9.764
97.82 100102.55 -9.802
97.84 100109.28 -9.827
97.86 100111.20 -9.727
97.88 100108.02 -9.826
97.90 100108.81 -9.801
97.92 100117.91 -9.767
97.94 100118.06 -9.796
97.96 100117.64 -9.866
97.98 100119.70 -9.865
98.00 100118.15 -9.851
98.02 100121.36 -9.841
98.04 100122.26 -9.820
98.06 100126.74 -9.894
98.08 100125.14 -9.823
98.10 100133.48 -9.868
98.12 100127.45 -9.930
98.14 100130.18 -9.774
98.16 100135.74 -9.840
98.18 100137.98 -9.791
98.20 100139.17 -9.685
98.22 100133.14 -9.812
98.24 100140.04 -9.763
98.26 100136.76 -9.752
98.28 100142.08 -9.835
98.30 100139.62 -9.757
98.32 100146.01 -9.803
98.34 100145.81 -9.784
98.36 100141.95 -9.805
98.38 100147.53 -9.707
98.40 100150.33 -9.731
98.42 100154.46 -9.708
98.44 100157.06 -9.707
98.46 100156.86 -9.760
98.48 100157.06 -9.747
98.50 100156.43 -9.605
98.52 100159.07 -9.713
98.54 100159.72 -9.734
98.56 100161.99 -9.743
98.58 100169.29 -9.791
98.60 100164.22 -9.664
98.62 100168.51 -9.838
98.64 100173.26 -9.777
98.66 100167.75 -9.786
98.68 100175.76 -9.681
98.70 100174.82 -9.744
98.72 100176.82 -9.769
98.74 100174.04 -9.770
98.76 100177.59 -9.696
98.78 100173.41 -9.698
98.80 100183.04 -9.883
98.82 100187.60 -9.853
98.84 100190.51 -9.871
98.86 100182.64 -9.877
98.88 100185.92 -9.798
98.90 100179.17 -9.780
98.92 100190.95 -9.878
98.94 100193.77 -9.883
98.96 100192.93 -9.966
98.98 100194.91 -9.856
99.00 100197.22 -9.903
99.02 100199.04 -9.766
99.04 100198.85 -9.840
99.06 100208.18 -9.793
99.08 100201.62 -9.854
99.10 100204.80 -9.848
99.12 100214.33 -9.781
99.14 100206.14 -9.782
99.16 100219.63 -9.798
99.18 100212.94 -9.841
99.20 100218.36 -9.771
99.22 100215.72 -9.818
99.24 100212.49 -9.780
99.26 100214.58 -9.777
99.28 100219.89 -9.762
99.30 100217.99 -9.761
99.32 100220.82 -9.821
99.34 100223.67 -9.779
99.36 100224.53 -9.788
99.38 100232.01 -9.801
99.40 100233.71 -9.699
99.42 100234.26 -9.695
99.44 100231.69 -9.716
99.46 100239.19 -9.718
99.48 100235.24 -9.752
99.50 100237.91 -9.676
99.52 100233.40 -9.743
99.54 100232.99 -9.719
99.56 100241.94 -9.619
99.58 100230.47 -9.711
99.60 100245.81 -9.702
99.62 100246.55 -9.857
99.64 100245.30 -9.624
99.66 100242.75 -9.801
99.68 100249.47 -9.819
99.70 100243.61 -9.685
99.72 100254.06 -9.692
99.74 100251.46 -9.778
99.76 100256.81 -9.861
99.78 100257.87 -9.824
99.80 100267.50 -9.779
99.82 100260.93 -9.882
99.84 100264.52 -9.828
99.86 100263.74 -9.838
99.88 100262.73 -9.977
99.90 100259.75 -9.817
99.92 100267.17 -9.859
99.94 100270.17 -9.831
99.96 100270.79 -9.896
99.98 100268.65 -9.840
100.00 100269.62 -9.839
100.02 100272.33 -9.845
100.04 100278.47 -9.893
100.06 100275.19 -9.796
100.08 100281.52 -9.812
100.10 100281.67 -9.886
100.12 100285.29 -9.925
100.14 100288.07 -9.811
100.16 100281.39 -9.828
100.18 100290.17 -9.809
100.20 100287.27 -9.813
100.22 100295.37 -9.882
100.24 100297.56 -9.793
100.26 100293.13 -9.785
100.28 100291.48 -9.760
100.30 100289.84 -9.752
100.32 100300.50 -9.847
100.34 100299.35 -9.747
100.36 100302.05 -9.653
100.38 100302.89 -9.754
100.40 100311.84 -9.779
100.42 100307.66 -9.729
100.44 100303.48 -9.747
100.46 100310.51 -9.759
100.48 100310.43 -9.718
100.50 100316.64 -9.674
100.52 100316.41 -9.668
100.54 100313.72 -9.759
100.56 100319.03 -9.768
100.58 100321.53 -9.771
100.60 100314.01 -9.662
100.62 100323.74 -9.735
100.64 100317.78 -9.655
100.66 100321.82 -9.739
100.68 100319.30 -9.731
100.70 100333.85 -9.618
100.72 100330.43 -9.739
100.74 100332.00 -9.806
100.76 100334.88 -9.746
100.78 100333.19 -9.816
100.80 100333.15 -9.809
100.82 100338.43 -9.778
100.84 100336.17 -9.857
100.86 100339.87 -9.792
100.88 100345.08 -9.828
100.90 100343.49 -9.905
100.92 100339.19 -9.928
100.94 100342.79 -9.808
100.96 100350.58 -9.917
100.98 100342.42 -9.850
101.00 100347.95 -9.959
101.02 100356.51 -9.776
101.04 100355.26 -9.802
101.06 100359.02 -9.813
101.08 100356.72 -9.854
101.10 100366.41 -9.816
101.12 100363.59 -9.777
101.14 100362.65 -9.845
101.16 100363.33 -9.775
101.18 100361.50 -9.805
101.20 100365.37 -9.804
101.22 100371.30 -9.810
101.24 100366.44 -9.754
101.26 100375.69 -9.754
101.28 100371.39 -9.776
101.30 100375.30 -9.761
101.32 100372.98 -9.692
101.34 100378.19 -9.715
101.36 100379.03 -9.728
101.38 100380.60 -9.757
101.40 100388.32 -9.713
101.42 100377.90 -9.729
101.44 100384.22 -9.707
101.46 100389.57 -9.666
101.48 100386.80 -9.699
101.50 100386.13 -9.695
101.52 100392.34 -9.700
101.54 100396.65 -9.773
101.56 100391.55 -9.670
101.58 100395.70 -9.822
101.60 100391.53 -9.676
101.62 100399.20 -9.762
101.64 100396.96 -9.652
101.66 100390.66 -9.828
101.68 100396.23 -9.750
101.70 100403.09 -9.721
101.72 100406.71 -9.829
101.74 100407.54 -9.801
101.76 100407.75 -9.863
101.78 100408.04 -9.738
101.80 100407.45 -9.803
101.82 100411.16 -9.838
101.84 100411.79 -9.884
101.86 100417.91 -9.796
101.88 100414.90 -9.782
101.90 100422.35 -9.882
101.92 100423.37 -9.767
101.94 100416.17 -9.745
101.96 100428.18 -9.815
101.98 100421.77 -9.775
102.00 100424.34 -9.864
102.02 100426.72 -9.923
102.04 100433.83 -9.804
102.06 100435.92 -9.793
102.08 100426.71 -9.888
102.10 100430.95 -9.864
102.12 100438.78 -9.816
102.14 100441.45 -9.883
102.16 100434.86 -9.740
102.18 100433.70 -9.821
102.20 100446.07 -9.803
102.22 100443.26 -9.753
102.24 100449.79 -9.730
102.26 100452.11 -9.779
102.28 100451.34 -9.749
102.30 100445.53 -9.735
102.32 100452.22 -9.766
102.34 100442.13 -9.780
102.36 100459.58 -9.662
102.38 100456.73 -9.694
102.40 100458.58 -9.645
102.42 100463.50 -9.741
102.44 100456.12 -9.724
102.46 100461.53 -9.736
102.48 100470.53 -9.714
102.50 100464.93 -9.767
102.52 100468.27 -9.800
102.54 100466.82 -9.638
102.56 100469.06 -9.706
102.58 100473.96 -9.749
102.60 100468.91 -9.715
102.62 100472.07 -9.679
102.64 100474.48 -9.772
102.66 100486.79 -9.761
102.68 100479.73 -9.723
102.70 100482.88 -9.845
102.72 100480.18 -9.750
102.74 100477.44 -9.822
102.76 100492.49 -9.786
102.78 100487.47 -9.755
102.80 100489.99 -9.745
102.82 100492.85 -9.767
102.84 100488.46 -9.861
102.86 100484.60 -9.801
102.88 100491.75 -9.787
102.90 100491.75 -9.804
102.92 100497.50 -9.809
102.94 100504.08 -9.792
102.96 100497.52 -9.850
102.98 100505.00 -9.857
103.00 100496.98 -9.870
103.02 100500.38 -9.872
103.04 100506.35 -9.862
103.06 100513.28 -9.857
103.08 100513.43 -9.864
103.10 100505.55 -9.873
103.12 100508.97 -9.844
103.14 100516.54 -9.859
103.16 100515.27 -9.823
103.18 100523.57 -9.752
103.20 100522.14 -9.778
103.22 100517.49 -9.810
103.24 100519.02 -9.847
103.26 100520.59 -9.777
103.28 100519.25 -9.825
103.30 100519.71 -9.804
103.32 100527.54 -9.750
103.34 100525.62 -9.682
103.36 100531.23 -9.717
103.38 100531.31 -9.707
103.40 100530.06 -9.676
103.42 100530.33 -9.694
103.44 100533.96 -9.691
103.46 100532.64 -9.794
103.48 100542.66 -9.653
103.50 100540.90 -9.711
103.52 100541.27 -9.725
103.54 100545.44 -9.657
103.56 100545.39 -9.680
103.58 100547.31 -9.757
103.60 100545.79 -9.694
103.62 100546.77 -9.733
103.64 100554.10 -9.657
103.66 100557.59 -9.709
103.68 100548.63 -9.765
103.70 100554.72 -9.835
103.72 100561.05 -9.790
103.74 100562.28 -9.716
103.76 100561.02 -9.807
103.78 100562.72 -9.781
103.80 100566.13 -9.765
103.82 100562.17 -9.827
103.84 100570.17 -9.806
103.86 100562.33 -9.875
103.88 100567.67 -9.719
103.90 100571.51 -9.861
103.92 100575.46 -9.803
103.94 100575.15 -9.809
103.96 100575.38 -9.795
103.98 100577.53 -9.865
104.00 100577.04 -9.845
104.02 100576.46 -9.919
104.04 100587.24 -9.807
104.06 100585.77 -9.829
104.08 100589.38 -9.815
104.10 100592.40 -9.842
104.12 100587.89 -9.894
104.14 100591.85 -9.877
104.16 100586.26 -9.781
104.18 100589.30 -9.764
104.20 100590.75 -9.724
104.22 100593.97 -9.713
104.24 100605.62 -9.760
104.26 100597.71 -9.800
104.28 100606.00 -9.840
104.30 100606.26 -9.750
104.32 100605.45 -9.822
104.34 100598.64 -9.667
104.36 100607.50 -9.747
104.38 100605.06 -9.700
104.40 100606.27 -9.721
104.42 100615.70 -9.767
104.44 100619.26 -9.761
104.46 100611.93 -9.731
104.48 100618.40 -9.593
104.50 100615.84 -9.699
104.52 100615.88 -9.667
104.54 100617.81 -9.729
104.56 100620.43 -9.725
104.58 100625.11 -9.690
104.60 100624.80 -9.686
104.62 100623.86 -9.818
104.64 100631.08 -9.676
104.66 100627.06 -9.694
104.68 100632.56 -9.787
104.70 100635.12 -9.809
104.72 100635.27 -9.753
104.74 100634.76 -9.799
104.76 100638.64 -9.864
104.78 100640.83 -9.858
104.80 100636.92 -9.885
104.82 100636.38 -9.772
104.84 100643.35 -9.759
104.86 100645.21 -9.817
104.88 100643.81 -9.818
104.90 100643.03 -9.896
104.92 100649.12 -9.787
104.94 100651.21 -9.862
104.96 100653.99 -9.851
104.98 100657.20 -9.878
105.00 100657.32 -9.823
105.02 100655.34 -9.803
105.04 100657.13 -9.897
105.06 100658.33 -9.887
105.08 100661.56 -9.839
105.10 100660.50 -9.880
105.12 100658.02 -9.768
105.14 100675.39 -9.792
105.16 100670.55 -9.819
105.18 100672.26 -9.838
105.20 100677.13 -9.794
105.22 100673.94 -9.828
105.24 100675.79 -9.766
105.26 100675.25 -9.877
105.28 100677.77 -9.714
105.30 100679.42 -9.726
105.32 100681.98 -9.817
105.34 100681.95 -9.827
105.36 100682.67 -9.726
105.38 100679.81 -9.700
105.40 100689.00 -9.788
105.42 100681.83 -9.718
105.44 100692.97 -9.674
105.46 100690.29 -9.675
105.48 100692.29 -9.736
105.50 100695.39 -9.765
105.52 100701.85 -9.725
105.54 100701.03 -9.732
105.56 100701.60 -9.593
105.58 100696.96 -9.663
105.60 100698.23 -9.765
105.62 100702.39 -9.711
105.64 100704.65 -9.711
105.66 100709.52 -9.823
105.68 100702.78 -9.829
105.70 100706.34 -9.788
105.72 100707.03 -9.718
105.74 100708.25 -9.767
105.76 100716.06 -9.818
105.78 100708.26 -9.831
105.80 100717.31 -9.761
105.82 100717.65 -9.753
105.84 100719.51 -9.859
105.86 100720.86 -9.864
105.88 100723.19 -9.822
105.90 100718.72 -9.836
105.92 100720.95 -9.853
105.94 100726.30 -9.778
105.96 100728.18 -9.775
105.98 100732.44 -9.878
106.00 100729.67 -9.890
106.02 100730.52 -9.797
106.04 100734.74 -9.922
106.06 100735.13 -9.881
106.08 100737.56 -9.842
106.10 100736.98 -9.893
106.12 100738.44 -9.765
106.14 100745.47 -9.870
106.16 100740.64 -9.815
106.18 100745.07 -9.789
106.20 100751.15 -9.785
106.22 100752.13 -9.813
106.24 100747.92 -9.757
106.26 100752.44 -9.772
106.28 100752.56 -9.726
106.30 100757.68 -9.651
106.32 100751.83 -9.704
106.34 100766.31 -9.765
106.36 100758.42 -9.678
106.38 100759.72 -9.722
106.40 100765.67 -9.697
106.42 100766.71 -9.781
106.44 100768.62 -9.710
106.46 100763.68 -9.692
106.48 100776.81 -9.782
106.50 100765.53 -9.680
106.52 100772.31 -9.758
106.54 100771.07 -9.802
106.56 100773.14 -9.719
106.58 100781.37 -9.719
106.60 100778.59 -9.748
106.62 100778.06 -9.809
106.64 100782.23 -9.705
106.66 100780.68 -9.714
106.68 100788.64 -9.797
106.70 100785.83 -9.721
106.72 100789.15 -9.860
106.74 100793.60 -9.712
106.76 100789.62 -9.789
106.78 100789.92 -9.793
106.80 100798.17 -9.848
106.82 100790.02 -9.781
106.84 100788.66 -9.855
106.86 100799.56 -9.886
106.88 100801.84 -9.860
106.90 100805.85 -9.837
106.92 100800.06 -9.871
106.94 100799.50 -9.771
106.96 100800.68 -9.845
106.98 100808.07 -9.801
107.00 100811.45 -9.864
107.02 100810.99 -9.859
107.04 100810.98 -9.832
107.06 100811.52 -9.803
107.08 100815.30 -9.740
107.10 100808.38 -9.839
107.12 100811.31 -9.873
107.14 100818.86 -9.744
107.16 100820.46 -9.833
107.18 100815.57 -9.769
107.20 100823.83 -9.785
107.22 100827.42 -9.839
107.24 100830.77 -9.775
107.26 100827.36 -9.790
107.28 100829.30 -9.708
107.30 100836.01 -9.780
107.32 100829.31 -9.772
107.34 100831.86 -9.719
107.36 100838.65 -9.717
107.38 100833.81 -9.732
107.40 100838.64 -9.783
107.42 100846.21 -9.681
107.44 100839.37 -9.673
107.46 100841.79 -9.675
107.48 100844.87 -9.673
107.50 100845.31 -9.681
107.52 100849.53 -9.682
107.54 100847.08 -9.746
107.56 100854.17 -9.774
107.58 100853.01 -9.763
107.60 100853.76 -9.756
107.62 100858.91 -9.728
107.64 100855.76 -9.732
107.66 100858.39 -9.786
107.68 100855.11 -9.745
107.70 100861.14 -9.755
107.72 100861.29 -9.829
107.74 100861.96 -9.781
107.76 100863.65 -9.870
107.78 100869.57 -9.747
107.80 100870.66 -9.779
107.82 100867.74 -9.778
107.84 100873.33 -9.815
107.86 100879.86 -9.767
107.88 100877.06 -9.830
107.90 100881.61 -9.760
107.92 100879.72 -9.805
107.94 100883.21 -9.847
107.96 100882.06 -9.814
107.98 100885.44 -9.890
108.00 100884.52 -9.871
108.02 100888.74 -9.783
108.04 100882.02 -9.910
108.06 100891.03 -9.800
108.08 100893.96 -9.879
108.10 100893.83 -9.835
108.12 100893.93 -9.861
108.14 100896.54 -9.868
108.16 100901.46 -9.748
108.18 100901.85 -9.803
108.20 100905.39 -9.781
108.22 100899.95 -9.849
108.24 100904.73 -9.788
108.26 100899.05 -9.825
108.28 100911.32 -9.849
108.30 100908.37 -9.791
108.32 100903.05 -9.742
108.34 100910.35 -9.738
108.36 100910.91 -9.747
108.38 100914.28 -9.813
108.40 100917.70 -9.771
108.42 100921.79 -9.598
108.44 100918.91 -9.617
108.46 100920.76 -9.755
108.48 100917.70 -9.726
108.50 100920.97 -9.718
108.52 100927.71 -9.586
108.54 100925.46 -9.699
108.56 100934.04 -9.677
108.58 100928.74 -9.744
108.60 100937.85 -9.622
108.62 100932.51 -9.761
108.64 100937.79 -9.745
108.66 100937.04 -9.784
108.68 100937.87 -9.779
108.70 100939.66 -9.715
108.72 100938.30 -9.823
108.74 100937.77 -9.830
108.76 100944.76 -9.808
108.78 100936.41 -9.806
108.80 100947.47 -9.831
108.82 100949.11 -9.892
108.84 100953.19 -9.798
108.86 100953.02 -9.795
108.88 100953.71 -9.879
108.90 100950.97 -9.956
108.92 100955.97 -9.879
108.94 100957.04 -9.818
108.96 100961.14 -9.789
108.98 100967.27 -9.913
109.00 100955.85 -9.880
109.02 100965.37 -9.792
109.04 100960.87 -9.879
109.06 100963.17 -9.824
109.08 100966.84 -9.772
109.10 100969.53 -9.861
109.12 100970.72 -9.742
109.14 100968.52 -9.860
109.16 100980.15 -9.878
109.18 100972.47 -9.780
109.20 100972.61 -9.839
109.22 100979.05 -9.783
109.24 100981.36 -9.804
109.26 100980.94 -9.778
109.28 100979.63 -9.771
109.30 100985.10 -9.858
109.32 100988.60 -9.761
109.34 100981.93 -9.702
109.36 100987.19 -9.634
109.38 100991.42 -9.726
109.40 100987.07 -9.744
109.42 100991.79 -9.661
109.44 100994.86 -9.679
109.46 101007.77 -9.586
109.48 100990.65 -9.769
109.50 100997.67 -9.673
109.52 101002.42 -9.702
109.54 101003.40 -9.717
109.56 101003.86 -9.790
109.58 101008.41 -9.683
109.60 101005.02 -9.782
109.62 101009.50 -9.723
109.64 101006.32 -9.738
109.66 101010.45 -9.654
109.68 101019.77 -9.809
109.70 101019.08 -9.703
109.72 101017.55 -9.705
109.74 101015.38 -9.808
109.76 101020.77 -9.834
109.78 101024.29 -9.788
109.80 101021.69 -9.940
109.82 101017.60 -9.731
109.84 101020.99 -9.785
109.86 101021.65 -9.831
109.88 101029.94 -9.888
109.90 101033.41 -9.863
109.92 101030.00 -9.883
109.94 101025.13 -9.849
109.96 101035.76 -9.961
109.98 101041.58 -9.761
110.00 101042.36 -9.854
110.02 101038.87 -10.002
110.04 101037.92 -9.858
110.06 101045.55 -9.810
110.08 101041.15 -9.937
110.10 101044.20 -9.771
110.12 101044.86 -9.842
110.14 101042.86 -9.864
110.16 101056.75 -9.793
110.18 101047.52 -9.888
110.20 101050.20 -9.878
110.22 101051.71 -9.786
110.24 101056.56 -9.776
110.26 101060.27 -9.793
110.28 101054.01 -9.777
110.30 101064.25 -9.815
110.32 101065.00 -9.784
110.34 101057.51 -9.783
110.36 101064.45 -9.662
110.38 100775.86 -9.693
110.40 101071.52 -9.802
110.42 101071.29 -9.777
110.44 101069.35 -9.708
110.46 101074.32 -9.730
110.48 101079.53 -9.697
110.50 101084.28 -9.677
110.52 101079.32 -9.700
110.54 101071.93 -9.730
110.56 101085.74 -9.712
110.58 101086.49 -9.789
110.60 101086.80 -9.685
110.62 101087.51 -9.815
110.64 101093.85 -9.845
110.66 101092.72 -9.741
110.68 101092.09 -9.736
110.70 101088.21 -9.744
110.72 101096.70 -9.721
110.74 101097.16 -9.771
110.76 101092.27 -9.766
110.78 101092.63 -9.765
110.80 101097.82 -9.809
110.82 101100.56 -9.820
110.84 101100.63 -9.757
110.86 101107.08 -9.803
110.88 101111.29 -9.845
110.90 101102.87 -9.909
110.92 101109.30 -9.772
110.94 101116.90 -9.803
110.96 101118.40 -9.832
110.98 101117.35 -9.875
111.00 101113.01 -9.808
111.02 101111.24 -9.764
111.04 101115.88 -9.887
111.06 101119.97 -9.813
111.08 101121.49 -9.852
111.10 101120.06 -9.738
111.12 101123.29 -9.810
111.14 101130.07 -9.835
111.16 101127.88 -9.911
111.18 101127.56 -9.858
111.20 101131.52 -9.724
111.22 101133.72 -9.841
111.24 101133.48 -9.772
111.26 101133.44 -9.806
111.28 101137.45 -9.741
111.30 101135.80 -9.853
111.32 101141.49 -9.825
111.34 101135.43 -9.831
111.36 101140.95 -9.672
111.38 101143.46 -9.691
111.40 101146.01 -9.749
111.42 101145.69 -9.790
111.44 101149.36 -9.662
111.46 101154.41 -9.748
111.48 101154.86 -9.759
111.50 101153.06 -9.652
111.52 101158.92 -9.733
111.54 101152.81 -9.638
111.56 101158.35 -9.713
111.58 101154.89 -9.706
111.60 101155.29 -9.697
111.62 101167.45 -9.695
111.64 101163.17 -9.745
111.66 101166.81 -9.780
111.68 101169.76 -9.744
111.70 101169.54 -9.885
111.72 101173.30 -9.760
111.74 101166.01 -9.807
111.76 101178.89 -9.794
111.78 101174.93 -9.797
111.80 101181.09 -9.810
111.82 101177.06 -9.873
111.84 101175.87 -9.856
111.86 101175.59 -9.867
111.88 101185.89 -9.911
111.90 101181.66 -9.824
111.92 101186.07 -9.833
111.94 101187.40 -9.809
111.96 101183.14 -9.864
111.98 101196.65 -9.901
112.00 101195.72 -9.830
112.02 101186.81 -9.903
112.04 101200.54 -9.890
112.06 101199.24 -9.988
112.08 101192.93 -9.903
112.10 101199.57 -9.907
112.12 101198.12 -9.839
112.14 101203.86 -9.909
112.16 101203.00 -9.729
112.18 101205.15 -9.761
112.20 101209.61 -9.771
112.22 101211.54 -9.772
112.24 101214.89 -9.871
112.26 101216.34 -9.883
112.28 101217.87 -9.760
112.30 101218.98 -9.665
112.32 101213.70 -9.805
112.34 101222.38 -9.804
112.36 101217.49 -9.703
112.38 101222.75 -9.854
112.40 101220.68 -9.839
112.42 101220.67 -9.676
112.44 101227.29 -9.765
112.46 101228.91 -9.704
112.48 101222.76 -9.762
112.50 101234.40 -9.735
112.52 101227.47 -9.640
112.54 101227.93 -9.678
112.56 101236.71 -9.721
112.58 101232.62 -9.689
112.60 101234.74 -9.709
112.62 101234.59 -9.661
112.64 101243.03 -9.650
112.66 101240.25 -9.799
112.68 101242.04 -9.849
112.70 101241.77 -9.767
112.72 101244.75 -9.601
112.74 101250.10 -9.767
112.76 101248.49 -9.750
112.78 101254.48 -9.816
112.80 101248.85 -9.817
112.82 101254.50 -9.673
112.84 101252.06 -9.808
112.86 101265.20 -9.796
112.88 101264.81 -9.918
112.90 101257.87 -9.957
112.92 101263.60 -9.877
112.94 101263.17 -9.852
112.96 101267.27 -9.831
112.98 101264.79 -9.879
113.00 101270.39 -9.879
113.02 101271.06 -9.843
113.04 101269.61 -9.711
113.06 101268.13 -9.751
113.08 101275.75 -9.936
113.10 101279.50 -9.819
113.12 101277.45 -9.790
113.14 101279.84 -9.875
113.16 101287.74 -9.857
113.18 101286.90 -9.827
113.20 101282.64 -9.837
113.22 101286.76 -9.735
113.24 101284.14 -9.774
113.26 101287.47 -9.758
113.28 101291.38 -9.800
113.30 101296.92 -9.729
113.32 101295.05 -9.736
113.34 101298.94 -9.747
113.36 101301.70 -9.609
113.38 101298.75 -9.709
113.40 101299.15 -9.672
113.42 101304.53 -9.753
113.44 101299.26 -9.632
113.46 101298.59 -9.688
113.48 101313.69 -9.680
113.50 101308.50 -9.748
113.52 101306.60 -9.707
113.54 101307.06 -9.722
113.56 101311.93 -9.747
113.58 101312.24 -9.688
113.60 101310.43 -9.639
113.62 101317.19 -9.827
113.64 101319.75 -9.729
113.66 101325.18 -9.739
113.68 101323.94 -9.702
113.70 101324.83 -9.790
113.72 101323.40 -9.818
113.74 101326.52 -9.863
113.76 101325.85 -9.914
113.78 101324.81 -9.870
113.80 101327.47 -9.863
113.82 101322.86 -9.893
113.84 101328.61 -9.819
113.86 101326.08 -9.906
113.88 101327.98 -9.825
113.90 101320.02 -9.892
113.92 101318.18 -9.826
113.94 101327.18 -9.935
113.96 101327.16 -9.860
113.98 101325.84 -9.939
114.00 101324.48 -9.846
114.02 101325.12 -9.818
114.04 101325.20 -9.821
114.06 101323.24 -9.792
114.08 101328.22 -9.866
114.10 101325.98 -9.881
114.12 101324.17 -9.856
114.14 101319.16 -9.910
114.16 101322.19 -9.832
114.18 101322.30 -9.824
114.20 101328.19 -9.818
114.22 101328.90 -9.843
114.24 101322.71 -9.849
114.26 101327.24 -9.821
114.28 101334.51 -9.914
114.30 101321.14 -9.790
114.32 101326.99 -9.872
114.34 101321.40 -9.841
114.36 101322.91 -9.857
114.38 101326.69 -9.910
114.40 101325.20 -9.904
114.42 101326.92 -9.876
114.44 101327.69 -9.863
114.46 101322.86 -9.842
114.48 101331.73 -9.866
114.50 101331.30 -9.833
114.52 101326.88 -9.931
114.54 101325.70 -9.896
114.56 101325.13 -9.855
114.58 101320.40 -9.881
114.60 101320.94 -9.888
114.62 101329.96 -9.903
114.64 101326.11 -9.760
114.66 101325.27 -9.866
114.68 101319.96 -9.849
114.70 101334.68 -9.794
114.72 101333.62 -9.843
114.74 101327.72 -9.844
114.76 101326.83 -9.870
114.78 101326.63 -9.875
114.80 101326.44 -9.889
114.82 101327.59 -9.825
114.84 101330.16 -9.953
114.86 101326.56 -9.866
114.88 101324.96 -9.730
114.90 101326.49 -9.922
114.92 101324.91 -9.829
114.94 101322.84 -9.859
114.96 101318.49 -9.791
114.98 101323.25 -9.847
115.00 101324.17 -9.818
115.02 101323.51 -9.851
115.04 101321.08 -9.902
115.06 101321.64 -9.829
115.08 101322.78 -9.878
115.10 101321.36 -9.828
115.12 101322.85 -9.836
115.14 101322.22 -9.852
115.16 101326.92 -9.851
115.18 101322.63 -9.925
115.20 101321.47 -9.835
115.22 101330.38 -9.853
115.24 101326.74 -9.877
115.26 101329.37 -9.900
115.28 101324.26 -9.920
115.30 101331.70 -9.819
115.32 101328.40 -9.854
115.34 101330.46 -9.832
115.36 101327.12 -9.897
115.38 101324.52 -9.751
115.40 101325.18 -9.850
115.42 101327.55 -9.822
115.44 101328.84 -9.873
115.46 101329.40 -9.808
115.48 101327.02 -10.006
115.50 101319.73 -9.881
115.52 101323.13 -9.848
115.54 101325.99 -9.852
115.56 101328.09 -9.820
115.58 101331.05 -9.857
115.60 101325.60 -9.874
115.62 101324.28 -9.782
115.64 101320.99 -9.854
115.66 101328.33 -9.826
115.68 101326.60 -9.858
115.70 101328.62 -9.803
115.72 101333.56 -9.877
115.74 101329.71 -9.816
115.76 101319.51 -9.866
115.78 101322.48 -9.907
115.80 101326.64 -9.853
115.82 101327.85 -9.968
115.84 101328.23 -9.830
115.86 101331.32 -9.846
115.88 101318.47 -9.875
115.90 101328.31 -9.886
115.92 101321.85 -9.875
115.94 101322.21 -9.759
115.96 101329.97 -9.840
115.98 101324.19 -9.799
116.00 101324.75 -9.818
116.02 101331.13 -9.793
116.04 101319.46 -9.884
116.06 101325.98 -9.854
116.08 101329.28 -9.833
116.10 101329.62 -9.790
116.12 101328.29 -9.850
116.14 101327.34 -9.840
116.16 101330.59 -9.824
116.18 101325.74 -9.854
116.20 101320.42 -9.909
116.22 101330.78 -9.814
116.24 101322.08 -9.835
116.26 101328.23 -9.868
116.28 101319.78 -9.810
116.30 101328.37 -9.933
116.32 101324.83 -9.896
116.34 101322.63 -9.877
116.36 101323.54 -9.826
116.38 101324.89 -9.948
116.40 101328.50 -9.766
116.42 101322.91 -9.832
116.44 101326.03 -9.891
116.46 101328.59 -9.856
116.48 101327.16 -9.834
116.50 101324.97 -9.840
116.52 101318.63 -9.827
116.54 101324.68 -9.847
116.56 101318.10 -9.885
116.58 101332.31 -9.758
116.60 101324.31 -9.861
116.62 101322.77 -9.863
116.64 101330.05 -9.872
116.66 101326.88 -9.789
116.68 101321.24 -9.811
116.70 101329.06 -9.848
116.72 101328.25 -9.971
116.74 101324.47 -9.830
116.76 101326.76 -9.853
116.78 101318.69 -9.871
116.80 101324.28 -9.858
116.82 101324.63 -9.882
116.84 101323.56 -9.805
116.86 101326.45 -9.856
116.88 101330.32 -9.842
116.90 101326.77 -9.927
116.92 101329.04 -9.818
116.94 101323.81 -9.868
116.96 101328.39 -9.837
116.98 101329.47 -9.863
117.00 101322.44 -9.899
117.02 101330.64 -9.882
117.04 101320.97 -9.811
117.06 101324.56 -9.865
117.08 101328.39 -9.910
117.10 101325.12 -9.820
117.12 101329.71 -9.827
117.14 101330.84 -9.796
117.16 101325.37 -9.862
117.18 101325.55 -9.809
117.20 101326.62 -9.845
117.22 101317.09 -9.877
117.24 101322.24 -9.824
117.26 101326.76 -9.875
117.28 101324.00 -9.814
117.30 101324.20 -9.862
117.32 101324.85 -9.870
117.34 101325.38 -9.875
117.36 101323.19 -9.875
117.38 101327.97 -9.819
117.40 101327.55 -9.867
117.42 101330.05 -9.900
117.44 101330.46 -9.840
117.46 101330.77 -9.831
117.48 101323.58 -9.897
117.50 101323.21 -9.895
117.52 101321.02 -9.940
117.54 101325.05 -9.862
117.56 101320.86 -9.884
117.58 101327.78 -9.836
117.60 101325.95 -9.852
117.62 101322.89 -9.964
117.64 101325.46 -9.874
117.66 101324.71 -9.750
117.68 101325.07 -9.907
117.70 101327.45 -9.960
117.72 101331.21 -9.757
117.74 101330.18 -9.829
117.76 101328.83 -9.995
117.78 101322.94 -9.869
117.80 101325.86 -9.892
117.82 101324.75 -9.892
117.84 101328.59 -9.798
117.86 101321.38 -9.823
117.88 101328.94 -9.868
117.90 101317.28 -9.879
117.92 101325.48 -9.865
117.94 101327.83 -9.817
117.96 101324.75 -9.927
117.98 101325.04 -9.903
118.00 101324.83 -9.869
118.02 101319.26 -9.794
118.04 101317.85 -9.917
118.06 101323.70 -9.869
118.08 101326.09 -9.844
118.10 101325.03 -9.842
118.12 101315.53 -9.945
118.14 101323.32 -9.881
118.16 101325.00 -9.827
118.18 101329.17 -9.801
118.20 101322.10 -9.853
118.22 101326.93 -9.808
118.24 101319.14 -9.947
118.26 101320.08 -9.833
118.28 101328.26 -9.800
118.30 101320.67 -9.906
118.32 101337.31 -9.805
118.34 101328.67 -9.810
118.36 101325.73 -9.871
118.38 101327.46 -9.852
118.40 101321.43 -9.953
118.42 101321.18 -9.859
118.44 101320.93 -9.834
118.46 101328.52 -9.805
118.48 101328.87 -9.905
118.50 101322.17 -9.841
118.52 101328.21 -9.812
118.54 101326.88 -9.896
118.56 101319.52 -9.848
118.58 101325.70 -9.796
118.60 101334.68 -9.919
118.62 101320.55 -9.928
118.64 101321.18 -9.814
118.66 101321.49 -9.853
118.68 101326.95 -9.847
118.70 101319.12 -9.828
118.72 101325.26 -9.809
118.74 101328.14 -9.798
118.76 101325.35 -9.950
118.78 101328.98 -9.822
118.80 101325.81 -9.814
118.82 101326.34 -9.840
118.84 101322.43 -9.792
118.86 101328.54 -9.930
118.88 101330.55 -9.867
118.90 101324.90 -9.852
118.92 101324.95 -9.800
118.94 101326.75 -9.723
118.96 101324.84 -9.922
118.98 101323.84 -9.775
119.00 101329.44 -9.871
119.02 101319.00 -9.817
119.04 101319.87 -9.813
119.06 101330.88 -9.939
119.08 101326.88 -9.797
119.10 101324.77 -9.825
119.12 101328.30 -9.825
119.14 101322.33 -9.882
119.16 101327.01 -9.778
119.18 101324.73 -9.815
119.20 101329.40 -9.837
119.22 101327.41 -9.919
119.24 101327.00 -9.818
119.26 101320.69 -9.849
119.28 101320.44 -9.859
119.30 101324.78 -9.881
119.32 101318.95 -9.906
119.34 101319.54 -9.805
119.36 101326.09 -9.815
119.38 101330.95 -9.844
119.40 101322.62 -9.881
119.42 101329.21 -9.838
119.44 101320.23 -9.815
119.46 101325.90 -9.865
119.48 101320.39 -9.783
119.50 101323.41 -9.884
119.52 101324.09 -9.846
119.54 101321.03 -9.850
119.56 101323.44 -9.841
119.58 101328.36 -9.911
119.60 101325.49 -9.909
119.62 101322.07 -9.924
119.64 101318.85 -9.863
119.66 101322.52 -9.792
119.68 101327.78 -9.810
119.70 101326.49 -9.803
119.72 101320.03 -9.842
119.74 101321.53 -9.906
119.76 101319.66 -9.789
119.78 101324.71 -9.909
119.80 101331.00 -9.861
119.82 101317.83 -9.936
119.84 101322.88 -9.873
119.86 101329.81 -9.824
119.88 101327.71 -9.855
119.90 101315.46 -9.724
119.92 101317.18 -9.882
119.94 101321.42 -9.772
119.96 101328.12 -9.881
119.98 101326.20 -9.842
120.00 101329.96 -9.857
120.02 101325.51 -9.774
120.04 101325.55 -9.819
120.06 101322.62 -9.845
120.08 101327.86 -9.911
120.10 101319.20 -9.831
120.12 101325.57 -9.848
120.14 101326.64 -9.864
120.16 101323.97 -9.842
120.18 101327.10 -9.895
120.20 101326.29 -9.872
120.22 101325.99 -9.802
120.24 101322.91 -9.788
120.26 101325.77 -9.906
120.28 101321.16 -9.785
120.30 101323.95 -9.922
120.32 101319.96 -9.884
120.34 101325.73 -9.931
120.36 101326.28 -9.848
120.38 101327.76 -9.791
120.40 101320.99 -9.840
120.42 101329.01 -9.881
120.44 101324.53 -9.939
120.46 101325.47 -9.857
120.48 101331.31 -9.815
120.50 101324.54 -9.811
120.52 101322.63 -9.860
120.54 101320.30 -9.829
120.56 101326.87 -9.936
120.58 101321.82 -9.877
120.60 101328.50 -9.899
120.62 101322.51 -9.922
120.64 101317.04 -9.762
120.66 101329.67 -9.770
120.68 101322.04 -9.907
120.70 101328.95 -9.811
120.72 101322.24 -9.850
120.74 101322.02 -9.885
120.76 101319.49 -9.805
120.78 101323.32 -9.829
120.80 101320.94 -9.896
120.82 101322.57 -9.780
120.84 101327.36 -9.771
120.86 101323.48 -9.902
120.88 101328.19 -9.851
120.90 101326.93 -9.810
120.92 101324.75 -9.817
120.94 101324.36 -9.775
120.96 101323.16 -9.792
120.98 101320.55 -9.911
121.00 101326.85 -9.893
121.02 101322.49 -9.826
121.04 101317.96 -9.862
121.06 101326.26 -9.892
121.08 101321.20 -9.830
121.10 101325.51 -9.908
121.12 101326.08 -9.844
121.14 101322.85 -9.874
121.16 101322.67 -9.827
121.18 101324.28 -9.897
121.20 101323.27 -9.758
121.22 101326.76 -9.831
121.24 101330.32 -9.831
121.26 101334.16 -9.785
121.28 101324.94 -9.787
121.30 101330.79 -9.861
121.32 101326.86 -9.885
121.34 101324.47 -9.902
121.36 101326.58 -9.876
121.38 101323.12 -9.922
121.40 101315.09 -9.887
121.42 101326.28 -9.860
121.44 101324.58 -9.811
121.46 101322.71 -9.981
121.48 101326.33 -9.926
121.50 101322.89 -9.836
121.52 101328.43 -9.767
121.54 101319.22 -9.871
121.56 101326.68 -9.872
121.58 101324.71 -9.840
121.60 101327.18 -9.842
121.62 101321.62 -9.875
121.64 101335.72 -9.830
121.66 101320.09 -9.632
121.68 101327.52 -9.925
121.70 101323.37 -9.877
121.72 101327.86 -9.761
121.74 101324.02 -9.902
121.76 101325.25 -9.847
121.78 101319.00 -9.848
121.80 101326.52 -9.800
121.82 101325.29 -9.796
121.84 101323.79 -9.893
121.86 101324.86 -9.872
121.88 101323.66 -9.854
121.90 101326.13 -9.814
121.92 101324.78 -9.844
121.94 101330.20 -9.781
121.96 101329.40 -9.854
121.98 101325.04 -9.925
122.00 101316.96 -9.873
122.02 101329.29 -9.897
122.04 101323.59 -9.847
122.06 101323.99 -9.876
122.08 101323.63 -9.900
122.10 101326.88 -9.814
122.12 101328.40 -9.886
122.14 101316.22 -9.864
122.16 101319.43 -9.866
122.18 101327.79 -9.859
122.20 101323.07 -9.873
122.22 101324.51 -9.922
122.24 101329.12 -9.811
122.26 101324.15 -9.893
122.28 101322.42 -9.831
122.30 101325.03 -9.725
122.32 101324.50 -9.761
122.34 101325.86 -9.830
122.36 101328.98 -9.833
122.38 101325.09 -9.858
122.40 101328.13 -9.925
122.42 101318.34 -9.869
122.44 101330.55 -9.839
122.46 101323.81 -9.908
122.48 101322.60 -9.862
122.50 101322.76 -9.845
122.52 101326.24 -9.881
122.54 101325.43 -9.835
122.56 101329.72 -9.788
122.58 101325.15 -9.870
122.60 101318.56 -9.890
122.62 101316.77 -9.874
122.64 101321.83 -9.860
122.66 101322.55 -9.886
122.68 101325.76 -9.861
122.70 101330.97 -9.810
122.72 101323.16 -9.876
122.74 101326.56 -9.773
122.76 101322.77 -9.787
122.78 101321.91 -9.781
122.80 101327.73 -9.818
122.82 101322.47 -9.832
122.84 101326.15 -9.765
122.86 101319.31 -9.855
122.88 101329.94 -9.802
122.90 101322.04 -9.924
122.92 101322.70 -9.940
122.94 101324.36 -9.964
122.96 101320.54 -9.859
122.98 101325.78 -9.888
123.00 101322.50 -9.821
123.02 101321.87 -9.768
123.04 101328.47 -9.973
123.06 101325.45 -9.874
123.08 101324.10 -9.918
123.10 101329.25 -9.800
123.12 101324.85 -9.838
123.14 101322.50 -9.830
123.16 101324.29 -9.842
123.18 101323.47 -9.850
123.20 101323.28 -9.872
123.22 101321.16 -9.863
123.24 101327.24 -9.788
123.26 101331.55 -9.857
123.28 101323.51 -9.892
123.30 101325.85 -9.807
123.32 101327.72 -9.853
123.34 101330.95 -9.749
123.36 101319.38 -9.788
123.38 101326.03 -9.831
123.40 101324.72 -9.845
123.42 101332.02 -9.819
123.44 101322.15 -9.916
123.46 101325.15 -9.828
123.48 101322.50 -9.879
123.50 101323.40 -9.838
123.52 101326.81 -9.780
123.54 101329.28 -9.804
123.56 101327.23 -9.874
123.58 101326.40 -9.913
123.60 101331.02 -9.809
123.62 101328.11 -9.791
123.64 101322.62 -9.788
123.66 101323.28 -9.894
123.68 101323.72 -9.932
123.70 101327.50 -9.850
123.72 101329.38 -9.841
123.74 101324.64 -9.927
123.76 101319.23 -9.879
123.78 101319.43 -9.805
123.80 101329.51 -9.824
123.82 101323.90 -9.926
123.84 101326.83 -9.794
123.86 101321.94 -9.860
123.88 101323.45 -9.941
123.90 101330.10 -9.860
123.92 101322.81 -9.871
123.94 101325.14 -9.951
123.96 101326.40 -9.732
123.98 101325.59 -9.873
124.00 101318.14 -9.853
124.02 101322.02 -9.886
124.04 101324.64 -9.860
124.06 101329.98 -9.859
124.08 101326.76 -9.904
124.10 101330.75 -9.850
124.12 101326.58 -9.852
124.14 101330.24 -9.937
124.16 101326.42 -9.932
124.18 101327.92 -9.870
124.20 101321.18 -9.964
124.22 101316.92 -9.851
124.24 101328.70 -9.866
124.26 101325.09 -9.905
124.28 101319.16 -9.874
124.30 101327.15 -9.917
124.32 101329.15 -9.827
124.34 101324.35 -9.908
124.36 101322.91 -9.854
124.38 101324.31 -9.907
124.40 101324.18 -9.823
124.42 101327.27 -9.875
124.44 101325.00 -9.752
124.46 101326.36 -9.894
124.48 101327.60 -9.801
124.50 101320.87 -9.880
124.52 101323.42 -9.867
124.54 101320.30 -9.896
124.56 101331.90 -9.844
124.58 101318.33 -9.798
124.60 101325.83 -9.795
124.62 101326.41 -9.855
124.64 101325.72 -9.837
124.66 101324.61 -9.816
124.68 101328.85 -9.852
124.70 101325.88 -9.794
124.72 101321.25 -9.755
124.74 101327.10 -9.830
124.76 101324.69 -9.881
124.78 101325.06 -9.886
124.80 101322.42 -9.856
124.82 101319.12 -9.900
124.84 101322.89 -9.877
124.86 101326.62 -9.837
124.88 101327.39 -9.851
124.90 101323.85 -9.808
124.92 101324.89 -9.880
124.94 101324.28 -9.790
124.96 101320.16 -9.857
124.98 101319.60 -9.908
125.00 101324.95 -9.891
125.02 101324.72 -9.788
125.04 101328.32 -9.873
125.06 101329.13 -9.876
125.08 101321.51 -9.886
125.10 101323.99 -9.865
125.12 101320.15 -9.772
125.14 101325.82 -9.784
125.16 101329.36 -9.818
125.18 101323.17 -9.861
125.20 101329.28 -9.878
125.22 101326.34 -9.766
125.24 101330.36 -9.846
125.26 101320.37 -9.917
125.28 101323.89 -9.896
125.30 101328.22 -9.890
125.32 101333.59 -9.827
125.34 101326.03 -9.923
125.36 101326.82 -9.830
125.38 101321.61 -9.883
125.40 101315.10 -9.907
125.42 101323.30 -9.923
125.44 101318.82 -9.933
125.46 101328.65 -9.941
125.48 101323.82 -9.911
125.50 101324.06 -9.874
125.52 101318.59 -9.829
125.54 101329.73 -9.896
125.56 101322.59 -9.871
125.58 101321.71 -9.780
125.60 101328.10 -9.801
125.62 101324.48 -9.844
125.64 101325.39 -9.812
125.66 101326.47 -9.866
125.68 101327.30 -9.887
125.70 101321.89 -9.960
125.72 101317.17 -9.865
125.74 101322.61 -9.855
125.76 101323.37 -9.856
125.78 101324.39 -9.857
125.80 101325.93 -9.792
125.82 101324.26 -9.936
125.84 101321.78 -9.868
125.86 101324.45 -9.822
125.88 101324.83 -9.719
125.90 101328.42 -9.880
125.92 101323.12 -9.800
125.94 101320.55 -9.843
125.96 101327.16 -9.902
125.98 101325.22 -9.872
126.00 101330.30 -9.845
126.02 101322.39 -9.857
126.04 101329.00 -9.829
126.06 101324.11 -9.900
126.08 101325.08 -9.886
126.10 101325.88 -9.857
126.12 101323.68 -9.764
126.14 101323.76 -9.879
126.16 101331.83 -9.758
126.18 101320.43 -9.875
126.20 101326.75 -9.808
126.22 101321.70 -9.874
126.24 101322.43 -9.873
126.26 101326.51 -9.830
126.28 101320.89 -9.789
126.30 101327.37 -9.884
126.32 101328.15 -9.909
126.34 101326.71 -9.939
126.36 101327.93 -9.843
126.38 101331.14 -9.890
126.40 101330.41 -9.857
126.42 101326.81 -9.881
126.44 101329.79 -9.801
126.46 101325.57 -9.873
126.48 101328.46 -9.787
126.50 101325.56 -9.858
126.52 101320.25 -9.954
126.54 101321.42 -9.859
126.56 101329.97 -9.888
126.58 101329.62 -9.896
126.60 101317.41 -9.882
126.62 101330.36 -9.866
126.64 101333.58 -9.972
126.66 101331.05 -9.816
126.68 101319.30 -9.852
126.70 101328.00 -9.871
126.72 101329.99 -9.851
126.74 101323.72 -9.844
126.76 101325.90 -9.836
126.78 101319.44 -9.857
126.80 101321.46 -9.896
126.82 101323.80 -9.874
126.84 101323.04 -9.801
126.86 101320.70 -9.817
126.88 101329.61 -9.748
126.90 101328.86 -9.851
126.92 101323.18 -9.813
126.94 101326.52 -9.826
126.96 101321.35 -9.814
126.98 101321.60 -9.858
127.00 101327.82 -9.961
127.02 101325.76 -9.883
127.04 101329.49 -9.709
127.06 101332.07 -9.841
127.08 101323.26 -9.804
127.10 101324.50 -9.795
127.12 101327.49 -9.830
127.14 101328.40 -9.876
127.16 101327.43 -9.904
127.18 101326.01 -9.839
127.20 101318.90 -9.825
127.22 101322.31 -9.790
127.24 101322.95 -9.933
127.26 101329.19 -9.930
127.28 101331.48 -9.850
127.30 101331.63 -9.934
127.32 101325.85 -9.843
127.34 101325.99 -9.839
127.36 101332.30 -9.864
127.38 101327.78 -9.900
127.40 101322.54 -9.833
127.42 101330.94 -9.769
127.44 101321.61 -9.874
127.46 101329.32 -9.875
127.48 101325.58 -9.840
127.50 101325.98 -9.798
127.52 101321.11 -9.812
127.54 101332.60 -9.784
127.56 101325.65 -9.843
127.58 101324.31 -9.835
127.60 101320.92 -9.855
127.62 101327.57 -9.868
127.64 101323.57 -9.867
127.66 101326.55 -9.866
127.68 101325.32 -9.864
127.70 101322.81 -9.884
127.72 101325.81 -9.819
127.74 101328.32 -9.837
127.76 101320.98 -9.920
127.78 101324.36 -9.839
127.80 101327.95 -9.787
127.82 101324.75 -9.831
127.84 101324.77 -9.855
127.86 101322.69 -9.837
127.88 101322.05 -9.844
127.90 101321.55 -9.945
127.92 101321.21 -9.807
127.94 101331.23 -9.830
127.96 101325.43 -9.913
127.98 101319.65 -9.976
128.00 101326.68 -9.913
128.02 101327.83 -9.819
128.04 101329.14 -9.749
128.06 101324.62 -9.881
128.08 101325.20 -9.911
128.10 101329.27 -9.799
128.12 101330.12 -9.945
128.14 101323.86 -9.936
128.16 101325.40 -9.863
128.18 101322.08 -9.969
128.20 101326.67 -9.851
128.22 101327.93 -9.851
128.24 101326.96 -9.904
128.26 101325.63 -9.923
128.28 101321.31 -9.780
128.30 101328.58 -9.895
128.32 101328.00 -9.822
128.34 101329.62 -9.848
128.36 101317.69 -9.859
128.38 101324.09 -9.834
128.40 101329.38 -9.838
128.42 101321.72 -9.866
128.44 101326.47 -9.848
128.46 101317.49 -9.803
128.48 101320.30 -9.881
128.50 101325.87 -9.845
128.52 101321.46 -9.908
128.54 101322.17 -9.896
128.56 101325.62 -9.831
128.58 101321.50 -9.838
128.60 101326.05 -9.811
128.62 101326.00 -9.852
128.64 101322.66 -9.762
128.66 101326.24 -9.938
128.68 101324.88 -9.820
128.70 101324.20 -9.739
128.72 101324.72 -9.926
128.74 101327.82 -9.864
128.76 101321.92 -9.862
128.78 101328.46 -9.916
128.80 101324.47 -9.842
128.82 101328.74 -9.828
128.84 101324.87 -9.870
128.86 101325.29 -9.839
128.88 101320.55 -9.812
128.90 101322.46 -9.898
128.92 101326.62 -9.879
128.94 101325.62 -9.834
128.96 101318.24 -9.833
128.98 101331.11 -9.856
129.00 101324.14 -9.836
129.02 101325.16 -9.769
129.04 101328.65 -9.886
129.06 101322.67 -9.803
129.08 101322.58 -9.845
129.10 101322.99 -9.868
129.12 101328.34 -9.931
129.14 101321.22 -9.880
129.16 101323.85 -9.795
129.18 101321.83 -9.793
129.20 101324.91 -9.851
129.22 101322.40 -9.925
129.24 101327.44 -9.754
129.26 101324.93 -9.905
129.28 101326.71 -9.877
129.30 101326.31 -9.944
129.32 101330.04 -9.790
129.34 101326.33 -9.905
129.36 101321.40 -9.908
129.38 101323.12 -9.728
129.40 101325.06 -9.821
129.42 101321.51 -9.893
129.44 101329.23 -9.824
129.46 101326.14 -9.817
129.48 101325.09 -9.848
129.50 101330.06 -9.845
129.52 101319.99 -9.886
129.54 101328.27 -9.871
129.56 101327.63 -9.822
129.58 101319.37 -9.889
129.60 101321.16 -9.735
129.62 101325.70 -9.772
129.64 101321.11 -9.842
129.66 101326.20 -9.946
129.68 101323.09 -9.890
129.70 101320.98 -9.834
129.72 101326.58 -9.778
129.74 101331.46 -9.866
129.76 101321.22 -9.887
129.78 101321.61 -9.868
129.80 101326.99 -9.819
129.82 101320.69 -9.824
129.84 101321.92 -9.774
129.86 101322.01 -9.856
129.88 101320.92 -9.911
129.90 101327.21 -9.868
129.92 101331.30 -9.848
129.94 101317.51 -9.784
129.96 101327.55 -9.889
129.98 101323.28 -9.906
130.00 101323.10 -9.784
130.02 101318.72 -9.890
130.04 101324.89 -9.842
130.06 101324.42 -9.802
130.08 101321.11 -9.788
130.10 101324.81 -9.830
130.12 101325.09 -9.841
130.14 101330.21 -9.749
130.16 101322.75 -9.810
130.18 101328.75 -9.901
130.20 101323.53 -9.861
130.22 101323.91 -9.783
130.24 101326.39 -9.853
130.26 101322.84 -9.724
130.28 101321.58 -9.932
130.30 101319.77 -9.804
130.32 101326.90 -9.822
130.34 101327.03 -9.807
130.36 101323.01 -9.848
130.38 101329.30 -9.930
130.40 101328.52 -9.938
130.42 101322.99 -9.870
130.44 101318.03 -9.807
130.46 101329.16 -9.876
130.48 101326.35 -9.912
130.50 101325.22 -9.887
130.52 101326.10 -9.856
130.54 101329.12 -9.883
130.56 101327.19 -9.923
130.58 101327.44 -9.834
130.60 101328.98 -9.890
130.62 101321.43 -9.769
130.64 101335.05 -9.901
130.66 101320.37 -9.821
130.68 101322.15 -9.800
130.70 101325.04 -9.921
130.72 101323.28 -9.921
130.74 101320.44 -9.826
130.76 101321.05 -9.746
130.78 101321.17 -9.965
130.80 101323.02 -9.738
130.82 101319.67 -9.813
130.84 101326.37 -9.906
130.86 101325.25 -9.938
130.88 101328.06 -9.797
130.90 101325.71 -9.832
130.92 101325.04 -9.733
130.94 101321.09 -9.819
130.96 101322.22 -9.920
130.98 101323.29 -9.862
131.00 101324.46 -9.756
131.02 101328.27 -9.757
131.04 101327.46 -9.879
131.06 101328.51 -9.885
131.08 101331.19 -9.896
131.10 101321.94 -9.837
131.12 101328.83 -9.886
131.14 101324.56 -9.780
131.16 101319.45 -9.850
131.18 101321.04 -9.838
131.20 101320.69 -9.831
131.22 101329.21 -9.882
131.24 101328.17 -9.873
131.26 101323.54 -9.842
131.28 101330.48 -9.891
131.30 101322.02 -9.961
131.32 101324.66 -9.862
131.34 101319.87 -9.902
131.36 101327.45 -9.944
131.38 101324.58 -9.937
131.40 101321.57 -9.806
131.42 101326.86 -9.795
131.44 101316.17 -9.831
131.46 101325.93 -9.908
131.48 101323.83 -9.795
131.50 101325.79 -9.915
131.52 101327.82 -9.907
131.54 101316.13 -9.845
131.56 101326.93 -9.826
131.58 101319.13 -9.744
131.60 101327.21 -9.860
131.62 101319.34 -9.843
131.64 101325.60 -9.875
131.66 101323.22 -9.890
131.68 101321.64 -9.922
131.70 101319.80 -9.872
131.72 101324.12 -9.916
131.74 101321.05 -9.869
131.76 101323.00 -9.842
131.78 101332.47 -9.920
131.80 101321.57 -9.819
131.82 101317.20 -9.885
131.84 101333.88 -9.814
131.86 101325.58 -9.822
131.88 101326.67 -9.848
131.90 101321.41 -9.858
131.92 101327.96 -9.902
131.94 101321.31 -9.712
131.96 101316.40 -9.836
131.98 101321.99 -9.876
132.00 101325.37 -9.825
132.02 101326.92 -9.897
132.04 101332.54 -9.870
132.06 101322.75 -9.916
132.08 101323.66 -9.872
132.10 101321.39 -9.850
132.12 101323.78 -9.881
132.14 101324.90 -9.865
132.16 101320.73 -9.829
132.18 101328.33 -9.883
132.20 101323.49 -9.882
132.22 101323.04 -9.857
132.24 101319.54 -9.868
132.26 101329.86 -9.840
132.28 101323.26 -9.793
132.30 101322.10 -9.853
132.32 101321.18 -9.879
132.34 101322.84 -9.861
132.36 101329.39 -9.889
132.38 101327.22 -9.873
132.40 101319.64 -9.882
132.42 101326.10 -9.916
132.44 101320.46 -9.831
132.46 101324.93 -9.956
132.48 101329.95 -9.902
132.50 101325.01 -9.925
132.52 101328.35 -9.883
132.54 101331.08 -9.816
132.56 101329.16 -9.918
132.58 101326.47 -9.919
132.60 101322.48 -9.795
132.62 101320.79 -9.911
132.64 101321.21 -9.845
132.66 101323.21 -9.895
132.68 101324.33 -9.882
132.70 101317.65 -9.838
132.72 101325.93 -9.921
132.74 101317.18 -9.827
132.76 101331.67 -9.900
132.78 101326.93 -9.822
132.80 101328.90 -9.867
132.82 101322.91 -9.860
132.84 101330.29 -9.850
132.86 101322.41 -9.850
132.88 101332.28 -9.947
132.90 101327.47 -9.946
132.92 101324.70 -9.912
132.94 101323.07 -9.863
132.96 101326.38 -9.788
132.98 101326.49 -9.836
133.00 101318.81 -9.873
133.02 101326.14 -9.838
133.04 101330.58 -9.776
133.06 101322.60 -9.844
133.08 101325.31 -9.791
133.10 101324.72 -9.803
133.12 101330.84 -9.850
133.14 101319.52 -9.856
133.16 101327.57 -9.839
133.18 101327.32 -9.923
133.20 101327.86 -9.858
133.22 101326.47 -9.762
133.24 101328.53 -9.786
133.26 101325.75 -9.871
133.28 101317.87 -9.787
133.30 101319.61 -9.868
133.32 101322.86 -9.831
133.34 101324.07 -9.853
133.36 101324.29 -9.824
133.38 101320.98 -9.762
133.40 101323.61 -9.832
133.42 101325.98 -9.882
133.44 101325.93 -9.861
133.46 101323.20 -9.859
133.48 101325.01 -9.802
133.50 101318.35 -9.871
133.52 101323.31 -9.832
133.54 101322.63 -9.860
133.56 101332.30 -9.923
133.58 101322.97 -9.861
133.60 101326.30 -9.820
133.62 101326.88 -9.772
133.64 101317.35 -9.949
133.66 101327.66 -9.820
133.68 101325.56 -9.892
133.70 101324.65 -9.881
133.72 101331.36 -9.814
133.74 101324.30 -9.946
