fase mag
-359.500 -9.487
-358.986 -9.488
-358.473 -9.488
-357.959 -9.489
-357.446 -9.490
-356.932 -9.491
-356.418 -9.492
-355.905 -9.493
-355.391 -9.494
-354.878 -9.496
-354.364 -9.498
-353.851 -9.500
-353.337 -9.502
-352.823 -9.504
-352.310 -9.507
-351.796 -9.510
-351.283 -9.513
-350.769 -9.516
-350.255 -9.519
-349.742 -9.522
-349.228 -9.526
-348.715 -9.530
-348.201 -9.534
-347.687 -9.538
-347.174 -9.542
-346.660 -9.546
-346.147 -9.551
-345.633 -9.556
-345.554 -9.557
-345.119 -9.561
-344.606 -9.566
-344.092 -9.571
-343.579 -9.577
-343.065 -9.582
-342.552 -9.588
-342.038 -9.594
-341.524 -9.600
-341.011 -9.606
-340.497 -9.613
-339.984 -9.619
-339.470 -9.626
-338.956 -9.633
-338.443 -9.640
-337.929 -9.648
-337.416 -9.655
-336.902 -9.663
-336.388 -9.671
-336.364 -9.671
-335.875 -9.679
-335.361 -9.687
-334.848 -9.695
-334.334 -9.703
-333.820 -9.712
-333.307 -9.721
-332.793 -9.730
-332.280 -9.739
-331.766 -9.748
-331.253 -9.757
-330.739 -9.767
-330.225 -9.777
-329.769 -9.785
-329.712 -9.786
-329.198 -9.797
-328.685 -9.807
-328.171 -9.817
-327.657 -9.827
-327.144 -9.838
-326.630 -9.849
-326.117 -9.860
-325.603 -9.871
-325.089 -9.882
-324.576 -9.894
-324.296 -9.900
-324.062 -9.905
-323.549 -9.917
-323.035 -9.929
-322.521 -9.941
-322.008 -9.953
-321.494 -9.965
-320.981 -9.977
-320.467 -9.990
-319.954 -10.003
-319.483 -10.014
-319.440 -10.015
-318.926 -10.028
-318.413 -10.041
-317.899 -10.055
-317.386 -10.068
-316.872 -10.082
-316.358 -10.095
-315.845 -10.109
-315.331 -10.123
-315.116 -10.129
-314.818 -10.137
-314.304 -10.151
-313.790 -10.165
-313.277 -10.180
-312.763 -10.194
-312.250 -10.209
-311.736 -10.224
-311.222 -10.239
-311.069 -10.243
-310.709 -10.254
-310.195 -10.269
-309.682 -10.284
-309.168 -10.300
-308.655 -10.315
-308.141 -10.331
-307.627 -10.346
-307.266 -10.358
-307.114 -10.362
-306.600 -10.378
-306.087 -10.394
-305.573 -10.411
-305.059 -10.427
-304.546 -10.443
-304.032 -10.460
-303.653 -10.472
-303.519 -10.476
-303.005 -10.493
-302.491 -10.510
-301.978 -10.527
-301.464 -10.544
-300.951 -10.561
-300.437 -10.578
-300.193 -10.587
-299.923 -10.596
-299.410 -10.613
-298.896 -10.631
-298.383 -10.648
-297.869 -10.666
-297.356 -10.684
-296.856 -10.701
-296.842 -10.701
-296.328 -10.719
-295.815 -10.737
-295.301 -10.756
-294.788 -10.774
-294.274 -10.792
-293.760 -10.810
-293.620 -10.815
-293.247 -10.829
-292.733 -10.847
-292.220 -10.866
-291.706 -10.885
-291.192 -10.903
-290.679 -10.922
-290.466 -10.930
-290.165 -10.941
-289.652 -10.960
-289.138 -10.979
-288.624 -10.998
-288.111 -11.017
-287.597 -11.036
-287.380 -11.044
-287.084 -11.055
-286.570 -11.075
-286.057 -11.094
-285.543 -11.113
-285.029 -11.133
-284.516 -11.152
-284.347 -11.159
-284.002 -11.172
-283.489 -11.191
-282.975 -11.211
-282.461 -11.231
-281.948 -11.251
-281.434 -11.270
-281.358 -11.273
-280.921 -11.290
-280.407 -11.310
-279.893 -11.330
-279.380 -11.350
-278.866 -11.370
-278.401 -11.388
-278.353 -11.390
-277.839 -11.410
-277.325 -11.430
-276.812 -11.450
-276.298 -11.470
-275.785 -11.490
-275.469 -11.502
-275.271 -11.510
-274.758 -11.530
-274.244 -11.550
-273.730 -11.570
-273.217 -11.590
-272.703 -11.611
-272.552 -11.617
-272.190 -11.631
-271.676 -11.651
-271.162 -11.671
-270.649 -11.691
-270.135 -11.712
-269.642 -11.731
-269.622 -11.732
-269.108 -11.752
-268.594 -11.772
-268.081 -11.792
-267.567 -11.813
-267.054 -11.833
-266.731 -11.845
-266.540 -11.853
-266.026 -11.873
-265.513 -11.893
-264.999 -11.913
-264.486 -11.934
-263.972 -11.954
-263.811 -11.960
-263.459 -11.974
-262.945 -11.994
-262.431 -12.014
-261.918 -12.034
-261.404 -12.054
-260.891 -12.074
-260.873 -12.074
-260.377 -12.094
-259.863 -12.114
-259.350 -12.133
-258.836 -12.153
-258.323 -12.173
-257.910 -12.189
-257.809 -12.193
-257.295 -12.212
-256.782 -12.232
-256.268 -12.252
-255.755 -12.271
-255.241 -12.291
-254.911 -12.303
-254.727 -12.310
-254.214 -12.330
-253.700 -12.349
-253.187 -12.368
-252.673 -12.388
-252.160 -12.407
-251.866 -12.418
-251.646 -12.426
-251.132 -12.445
-250.619 -12.464
-250.105 -12.483
-249.592 -12.502
-249.078 -12.521
-248.764 -12.532
-248.564 -12.539
-248.051 -12.558
-247.537 -12.577
-247.024 -12.595
-246.510 -12.614
-245.996 -12.632
-245.592 -12.647
-245.483 -12.651
-244.969 -12.669
-244.456 -12.687
-243.942 -12.705
-243.428 -12.723
-242.915 -12.741
-242.401 -12.759
-242.333 -12.761
-241.888 -12.776
-241.374 -12.794
-240.861 -12.812
-240.347 -12.829
-239.833 -12.846
-239.320 -12.864
-238.968 -12.876
-238.806 -12.881
-238.293 -12.898
-237.779 -12.915
-237.265 -12.932
-236.752 -12.949
-236.238 -12.965
-235.725 -12.982
-235.473 -12.990
-235.211 -12.998
-234.697 -13.015
-234.184 -13.031
-233.670 -13.047
-233.157 -13.063
-232.643 -13.079
-232.129 -13.095
-231.817 -13.104
-231.616 -13.111
-231.102 -13.126
-230.589 -13.142
-230.075 -13.157
-229.562 -13.172
-229.048 -13.187
-228.534 -13.202
-228.021 -13.217
-227.960 -13.219
-227.507 -13.232
-226.994 -13.247
-226.480 -13.261
-225.966 -13.275
-225.453 -13.290
-224.939 -13.304
-224.426 -13.318
-223.912 -13.331
-223.843 -13.333
-223.398 -13.345
-222.885 -13.359
-222.371 -13.372
-221.858 -13.386
-221.344 -13.399
-220.830 -13.412
-220.317 -13.425
-219.803 -13.437
-219.379 -13.448
-219.290 -13.450
-218.776 -13.462
-218.263 -13.475
-217.749 -13.487
-217.235 -13.499
-216.722 -13.511
-216.208 -13.523
-215.695 -13.534
-215.181 -13.546
-214.667 -13.557
-214.429 -13.562
-214.154 -13.568
-213.640 -13.579
-213.127 -13.590
-212.613 -13.601
-212.099 -13.611
-211.586 -13.622
-211.072 -13.632
-210.559 -13.642
-210.045 -13.652
-209.531 -13.662
-209.018 -13.672
-208.739 -13.677
-208.504 -13.681
-207.991 -13.690
-207.477 -13.700
-206.964 -13.709
-206.450 -13.717
-205.936 -13.726
-205.423 -13.735
-204.909 -13.743
-204.396 -13.751
-203.882 -13.759
-203.368 -13.767
-202.855 -13.775
-202.341 -13.782
-201.828 -13.790
-201.725 -13.791
-201.314 -13.797
-200.800 -13.804
-200.287 -13.811
-199.773 -13.818
-199.260 -13.824
-198.746 -13.831
-198.232 -13.837
-197.719 -13.843
-197.205 -13.849
-196.692 -13.854
-196.178 -13.860
-195.665 -13.865
-195.151 -13.871
-194.637 -13.876
-194.124 -13.880
-193.610 -13.885
-193.097 -13.890
-192.583 -13.894
-192.069 -13.898
-191.556 -13.902
-191.104 -13.906
-191.042 -13.906
-190.529 -13.910
-190.015 -13.913
-189.501 -13.917
-188.988 -13.920
-188.474 -13.923
-187.961 -13.925
-187.447 -13.928
-186.933 -13.931
-186.420 -13.933
-185.906 -13.935
-185.393 -13.937
-184.879 -13.939
-184.366 -13.940
-183.852 -13.942
-183.338 -13.943
-182.825 -13.944
-182.311 -13.945
-181.798 -13.945
-181.284 -13.946
-180.770 -13.946
-180.257 -13.946
-179.743 -13.946
-179.230 -13.946
-178.716 -13.946
-178.202 -13.945
-177.689 -13.945
-177.175 -13.944
-176.662 -13.943
-176.148 -13.942
-175.634 -13.940
-175.121 -13.939
-174.607 -13.937
-174.094 -13.935
-173.580 -13.933
-173.067 -13.931
-172.553 -13.928
-172.039 -13.925
-171.526 -13.923
-171.012 -13.920
-170.499 -13.917
-169.985 -13.913
-169.471 -13.910
-168.958 -13.906
-168.896 -13.906
-168.444 -13.902
-167.931 -13.898
-167.417 -13.894
-166.903 -13.890
-166.390 -13.885
-165.876 -13.880
-165.363 -13.876
-164.849 -13.871
-164.335 -13.865
-163.822 -13.860
-163.308 -13.854
-162.795 -13.849
-162.281 -13.843
-161.768 -13.837
-161.254 -13.831
-160.740 -13.824
-160.227 -13.818
-159.713 -13.811
-159.200 -13.804
-158.686 -13.797
-158.275 -13.791
-158.172 -13.790
-157.659 -13.782
-157.145 -13.775
-156.632 -13.767
-156.118 -13.759
-155.604 -13.751
-155.091 -13.743
-154.577 -13.735
-154.064 -13.726
-153.550 -13.717
-153.036 -13.709
-152.523 -13.700
-152.009 -13.690
-151.496 -13.681
-151.261 -13.677
-150.982 -13.672
-150.469 -13.662
-149.955 -13.652
-149.441 -13.642
-148.928 -13.632
-148.414 -13.622
-147.901 -13.611
-147.387 -13.601
-146.873 -13.590
-146.360 -13.579
-145.846 -13.568
-145.571 -13.562
-145.333 -13.557
-144.819 -13.546
-144.305 -13.534
-143.792 -13.523
-143.278 -13.511
-142.765 -13.499
-142.251 -13.487
-141.737 -13.475
-141.224 -13.462
-140.710 -13.450
-140.621 -13.448
-140.197 -13.437
-139.683 -13.425
-139.170 -13.412
-138.656 -13.399
-138.142 -13.386
-137.629 -13.372
-137.115 -13.359
-136.602 -13.345
-136.157 -13.333
-136.088 -13.331
-135.574 -13.318
-135.061 -13.304
-134.547 -13.290
-134.034 -13.275
-133.520 -13.261
-133.006 -13.247
-132.493 -13.232
-132.040 -13.219
-131.979 -13.217
-131.466 -13.202
-130.952 -13.187
-130.438 -13.172
-129.925 -13.157
-129.411 -13.142
-128.898 -13.126
-128.384 -13.111
-128.183 -13.104
-127.871 -13.095
-127.357 -13.079
-126.843 -13.063
-126.330 -13.047
-125.816 -13.031
-125.303 -13.015
-124.789 -12.998
-124.527 -12.990
-124.275 -12.982
-123.762 -12.965
-123.248 -12.949
-122.735 -12.932
-122.221 -12.915
-121.707 -12.898
-121.194 -12.881
-121.032 -12.876
-120.680 -12.864
-120.167 -12.846
-119.653 -12.829
-119.139 -12.812
-118.626 -12.794
-118.112 -12.776
-117.667 -12.761
-117.599 -12.759
-117.085 -12.741
-116.572 -12.723
-116.058 -12.705
-115.544 -12.687
-115.031 -12.669
-114.517 -12.651
-114.408 -12.647
-114.004 -12.632
-113.490 -12.614
-112.976 -12.595
-112.463 -12.577
-111.949 -12.558
-111.436 -12.539
-111.236 -12.532
-110.922 -12.521
-110.408 -12.502
-109.895 -12.483
-109.381 -12.464
-108.868 -12.445
-108.354 -12.426
-108.134 -12.418
-107.840 -12.407
-107.327 -12.388
-106.813 -12.368
-106.300 -12.349
-105.786 -12.330
-105.273 -12.310
-105.089 -12.303
-104.759 -12.291
-104.245 -12.271
-103.732 -12.252
-103.218 -12.232
-102.705 -12.212
-102.191 -12.193
-102.090 -12.189
-101.677 -12.173
-101.164 -12.153
-100.650 -12.133
-100.137 -12.114
-99.623 -12.094
-99.127 -12.074
-99.109 -12.074
-98.596 -12.054
-98.082 -12.034
-97.569 -12.014
-97.055 -11.994
-96.541 -11.974
-96.189 -11.960
-96.028 -11.954
-95.514 -11.934
-95.001 -11.913
-94.487 -11.893
-93.974 -11.873
-93.460 -11.853
-93.269 -11.845
-92.946 -11.833
-92.433 -11.813
-91.919 -11.792
-91.406 -11.772
-90.892 -11.752
-90.378 -11.732
-90.358 -11.731
-89.865 -11.712
-89.351 -11.691
-88.838 -11.671
-88.324 -11.651
-87.810 -11.631
-87.448 -11.617
-87.297 -11.611
-86.783 -11.590
-86.270 -11.570
-85.756 -11.550
-85.242 -11.530
-84.729 -11.510
-84.531 -11.502
-84.215 -11.490
-83.702 -11.470
-83.188 -11.450
-82.675 -11.430
-82.161 -11.410
-81.647 -11.390
-81.599 -11.388
-81.134 -11.370
-80.620 -11.350
-80.107 -11.330
-79.593 -11.310
-79.079 -11.290
-78.642 -11.273
-78.566 -11.270
-78.052 -11.251
-77.539 -11.231
-77.025 -11.211
-76.511 -11.191
-75.998 -11.172
-75.653 -11.159
-75.484 -11.152
-74.971 -11.133
-74.457 -11.113
-73.943 -11.094
-73.430 -11.075
-72.916 -11.055
-72.620 -11.044
-72.403 -11.036
-71.889 -11.017
-71.376 -10.998
-70.862 -10.979
-70.348 -10.960
-69.835 -10.941
-69.534 -10.930
-69.321 -10.922
-68.808 -10.903
-68.294 -10.885
-67.780 -10.866
-67.267 -10.847
-66.753 -10.829
-66.380 -10.815
-66.240 -10.810
-65.726 -10.792
-65.212 -10.774
-64.699 -10.756
-64.185 -10.737
-63.672 -10.719
-63.158 -10.701
-63.144 -10.701
-62.644 -10.684
-62.131 -10.666
-61.617 -10.648
-61.104 -10.631
-60.590 -10.613
-60.077 -10.596
-59.807 -10.587
-59.563 -10.578
-59.049 -10.561
-58.536 -10.544
-58.022 -10.527
-57.509 -10.510
-56.995 -10.493
-56.481 -10.476
-56.347 -10.472
-55.968 -10.460
-55.454 -10.443
-54.941 -10.427
-54.427 -10.411
-53.913 -10.394
-53.400 -10.378
-52.886 -10.362
-52.734 -10.358
-52.373 -10.346
-51.859 -10.331
-51.345 -10.315
-50.832 -10.300
-50.318 -10.284
-49.805 -10.269
-49.291 -10.254
-48.931 -10.243
-48.778 -10.239
-48.264 -10.224
-47.750 -10.209
-47.237 -10.194
-46.723 -10.180
-46.210 -10.165
-45.696 -10.151
-45.182 -10.137
-44.884 -10.129
-44.669 -10.123
-44.155 -10.109
-43.642 -10.095
-43.128 -10.082
-42.614 -10.068
-42.101 -10.055
-41.587 -10.041
-41.074 -10.028
-40.560 -10.015
-40.517 -10.014
-40.046 -10.003
-39.533 -9.990
-39.019 -9.977
-38.506 -9.965
-37.992 -9.953
-37.479 -9.941
-36.965 -9.929
-36.451 -9.917
-35.938 -9.905
-35.704 -9.900
-35.424 -9.894
-34.911 -9.882
-34.397 -9.871
-33.883 -9.860
-33.370 -9.849
-32.856 -9.838
-32.343 -9.827
-31.829 -9.817
-31.315 -9.807
-30.802 -9.797
-30.288 -9.786
-30.231 -9.785
-29.775 -9.777
-29.261 -9.767
-28.747 -9.757
-28.234 -9.748
-27.720 -9.739
-27.207 -9.730
-26.693 -9.721
-26.180 -9.712
-25.666 -9.703
-25.152 -9.695
-24.639 -9.687
-24.125 -9.679
-23.636 -9.671
-23.612 -9.671
-23.098 -9.663
-22.584 -9.655
-22.071 -9.648
-21.557 -9.640
-21.044 -9.633
-20.530 -9.626
-20.016 -9.619
-19.503 -9.613
-18.989 -9.606
-18.476 -9.600
-17.962 -9.594
-17.448 -9.588
-16.935 -9.582
-16.421 -9.577
-15.908 -9.571
-15.394 -9.566
-14.881 -9.561
-14.446 -9.557
-14.367 -9.556
-13.853 -9.551
-13.340 -9.546
-12.826 -9.542
-12.313 -9.538
-11.799 -9.534
-11.285 -9.530
-10.772 -9.526
-10.258 -9.522
-9.745 -9.519
-9.231 -9.516
-8.717 -9.513
-8.204 -9.510
-7.690 -9.507
-7.177 -9.504
-6.663 -9.502
-6.149 -9.500
-5.636 -9.498
-5.122 -9.496
-4.609 -9.494
-4.095 -9.493
-3.582 -9.492
-3.068 -9.491
-2.554 -9.490
-2.041 -9.489
-1.527 -9.488
-1.014 -9.488
-0.500 -9.487

-359.500 0.041
-358.986 0.041
-358.473 0.040
-357.959 0.039
-357.446 0.037
-356.932 0.035
-356.418 0.033
-355.905 0.030
-355.391 0.027
-354.878 0.024
-354.364 0.020
-353.851 0.016
-353.337 0.012
-352.823 0.007
-352.310 0.002
-351.796 -0.003
-351.283 -0.009
-350.769 -0.015
-350.255 -0.022
-349.742 -0.028
-349.228 -0.036
-348.715 -0.043
-348.201 -0.051
-347.809 -0.057
-347.687 -0.059
-347.174 -0.068
-346.660 -0.077
-346.147 -0.086
-345.633 -0.095
-345.119 -0.105
-344.606 -0.116
-344.092 -0.126
-343.579 -0.137
-343.065 -0.148
-342.552 -0.160
-342.061 -0.172
-342.038 -0.172
-341.524 -0.185
-341.011 -0.197
-340.497 -0.210
-339.984 -0.224
-339.470 -0.237
-338.956 -0.251
-338.443 -0.266
-337.929 -0.281
-337.744 -0.286
-337.416 -0.296
-336.902 -0.311
-336.388 -0.327
-335.875 -0.343
-335.361 -0.360
-334.848 -0.376
-334.334 -0.394
-334.128 -0.401
-333.820 -0.411
-333.307 -0.429
-332.793 -0.447
-332.280 -0.465
-331.766 -0.484
-331.253 -0.503
-330.949 -0.515
-330.739 -0.523
-330.225 -0.543
-329.712 -0.563
-329.198 -0.583
-328.685 -0.604
-328.171 -0.626
-328.077 -0.629
-327.657 -0.647
-327.144 -0.669
-326.630 -0.691
-326.117 -0.713
-325.603 -0.736
-325.436 -0.744
-325.089 -0.759
-324.576 -0.783
-324.062 -0.807
-323.549 -0.831
-323.035 -0.855
-322.973 -0.858
-322.521 -0.880
-322.008 -0.905
-321.494 -0.931
-320.981 -0.956
-320.656 -0.973
-320.467 -0.982
-319.954 -1.009
-319.440 -1.035
-318.926 -1.062
-318.460 -1.087
-318.413 -1.090
-317.899 -1.117
-317.386 -1.145
-316.872 -1.173
-316.365 -1.202
-316.358 -1.202
-315.845 -1.231
-315.331 -1.260
-314.818 -1.290
-314.359 -1.316
-314.304 -1.319
-313.790 -1.349
-313.277 -1.380
-312.763 -1.410
-312.429 -1.431
-312.250 -1.441
-311.736 -1.473
-311.222 -1.504
-310.709 -1.536
-310.565 -1.545
-310.195 -1.568
-309.682 -1.600
-309.168 -1.633
-308.759 -1.660
-308.655 -1.666
-308.141 -1.699
-307.627 -1.733
-307.114 -1.767
-307.006 -1.774
-306.600 -1.801
-306.087 -1.835
-305.573 -1.870
-305.301 -1.888
-305.059 -1.905
-304.546 -1.940
-304.032 -1.975
-303.636 -2.003
-303.519 -2.011
-303.005 -2.047
-302.491 -2.083
-302.010 -2.117
-301.978 -2.120
-301.464 -2.156
-300.951 -2.193
-300.437 -2.230
-300.419 -2.232
-299.923 -2.268
-299.410 -2.305
-298.896 -2.343
-298.859 -2.346
-298.383 -2.381
-297.869 -2.420
-297.356 -2.459
-297.327 -2.461
-296.842 -2.497
-296.328 -2.536
-295.822 -2.575
-295.815 -2.576
-295.301 -2.615
-294.788 -2.655
-294.340 -2.690
-294.274 -2.695
-293.760 -2.735
-293.247 -2.775
-292.880 -2.804
-292.733 -2.815
-292.220 -2.856
-291.706 -2.897
-291.439 -2.918
-291.192 -2.938
-290.679 -2.979
-290.165 -3.021
-290.016 -3.033
-289.652 -3.062
-289.138 -3.104
-288.624 -3.146
-288.610 -3.147
-288.111 -3.188
-287.597 -3.230
-287.218 -3.262
-287.084 -3.273
-286.570 -3.315
-286.057 -3.358
-285.840 -3.376
-285.543 -3.401
-285.029 -3.444
-284.516 -3.487
-284.474 -3.491
-284.002 -3.530
-283.489 -3.574
-283.119 -3.605
-282.975 -3.617
-282.461 -3.661
-281.948 -3.705
-281.774 -3.720
-281.434 -3.749
-280.921 -3.792
-280.437 -3.834
-280.407 -3.837
-279.893 -3.881
-279.380 -3.925
-279.109 -3.948
-278.866 -3.969
-278.353 -4.014
-277.839 -4.058
-277.786 -4.063
-277.325 -4.103
-276.812 -4.147
-276.469 -4.177
-276.298 -4.192
-275.785 -4.237
-275.271 -4.282
-275.156 -4.292
-274.758 -4.327
-274.244 -4.371
-273.847 -4.406
-273.730 -4.416
-273.217 -4.461
-272.703 -4.506
-272.541 -4.521
-272.190 -4.551
-271.676 -4.597
-271.236 -4.635
-271.162 -4.642
-270.649 -4.687
-270.135 -4.732
-269.933 -4.750
-269.622 -4.777
-269.108 -4.822
-268.629 -4.864
-268.594 -4.867
-268.081 -4.912
-267.567 -4.957
-267.325 -4.979
-267.054 -5.002
-266.540 -5.047
-266.026 -5.092
-266.018 -5.093
-265.513 -5.137
-264.999 -5.182
-264.709 -5.207
-264.486 -5.227
-263.972 -5.272
-263.459 -5.316
-263.396 -5.322
-262.945 -5.361
-262.431 -5.406
-262.078 -5.436
-261.918 -5.450
-261.404 -5.495
-260.891 -5.539
-260.755 -5.551
-260.377 -5.583
-259.863 -5.628
-259.425 -5.665
-259.350 -5.672
-258.836 -5.716
-258.323 -5.760
-258.088 -5.780
-257.809 -5.803
-257.295 -5.847
-256.782 -5.891
-256.741 -5.894
-256.268 -5.934
-255.755 -5.977
-255.386 -6.009
-255.241 -6.021
-254.727 -6.064
-254.214 -6.107
-254.019 -6.123
-253.700 -6.149
-253.187 -6.192
-252.673 -6.235
-252.639 -6.237
-252.160 -6.277
-251.646 -6.319
-251.246 -6.352
-251.132 -6.361
-250.619 -6.403
-250.105 -6.445
-249.838 -6.466
-249.592 -6.486
-249.078 -6.528
-248.564 -6.569
-248.414 -6.581
-248.051 -6.610
-247.537 -6.650
-247.024 -6.691
-246.971 -6.695
-246.510 -6.731
-245.996 -6.772
-245.508 -6.810
-245.483 -6.812
-244.969 -6.851
-244.456 -6.891
-244.024 -6.924
-243.942 -6.930
-243.428 -6.970
-242.915 -7.008
-242.516 -7.039
-242.401 -7.047
-241.888 -7.086
-241.374 -7.124
-240.981 -7.153
-240.861 -7.162
-240.347 -7.200
-239.833 -7.237
-239.418 -7.268
-239.320 -7.275
-238.806 -7.312
-238.293 -7.349
-237.823 -7.382
-237.779 -7.385
-237.265 -7.421
-236.752 -7.457
-236.238 -7.493
-236.194 -7.496
-235.725 -7.529
-235.211 -7.564
-234.697 -7.599
-234.526 -7.611
-234.184 -7.634
-233.670 -7.668
-233.157 -7.703
-232.815 -7.725
-232.643 -7.737
-232.129 -7.770
-231.616 -7.804
-231.102 -7.837
-231.057 -7.840
-230.589 -7.870
-230.075 -7.902
-229.562 -7.935
-229.246 -7.954
-229.048 -7.967
-228.534 -7.998
-228.021 -8.030
-227.507 -8.061
-227.375 -8.069
-226.994 -8.092
-226.480 -8.122
-225.966 -8.152
-225.453 -8.182
-225.437 -8.183
-224.939 -8.212
-224.426 -8.241
-223.912 -8.270
-223.422 -8.298
-223.398 -8.299
-222.885 -8.327
-222.371 -8.355
-221.858 -8.383
-221.344 -8.411
-221.318 -8.412
-220.830 -8.438
-220.317 -8.465
-219.803 -8.491
-219.290 -8.517
-219.111 -8.526
-218.776 -8.543
-218.263 -8.569
-217.749 -8.594
-217.235 -8.619
-216.780 -8.641
-216.722 -8.644
-216.208 -8.668
-215.695 -8.692
-215.181 -8.716
-214.667 -8.739
-214.301 -8.755
-214.154 -8.762
-213.640 -8.785
-213.127 -8.807
-212.613 -8.829
-212.099 -8.851
-211.638 -8.870
-211.586 -8.872
-211.072 -8.893
-210.559 -8.914
-210.045 -8.934
-209.531 -8.954
-209.018 -8.974
-208.738 -8.984
-208.504 -8.993
-207.991 -9.012
-207.477 -9.031
-206.964 -9.049
-206.450 -9.067
-205.936 -9.085
-205.523 -9.099
-205.423 -9.102
-204.909 -9.119
-204.396 -9.136
-203.882 -9.152
-203.368 -9.168
-202.855 -9.184
-202.341 -9.199
-201.850 -9.213
-201.828 -9.214
-201.314 -9.228
-200.800 -9.243
-200.287 -9.257
-199.773 -9.270
-199.260 -9.283
-198.746 -9.296
-198.232 -9.309
-197.719 -9.321
-197.431 -9.328
-197.205 -9.333
-196.692 -9.344
-196.178 -9.356
-195.665 -9.366
-195.151 -9.377
-194.637 -9.387
-194.124 -9.397
-193.610 -9.406
-193.097 -9.415
-192.583 -9.424
-192.069 -9.432
-191.556 -9.440
-191.434 -9.442
-191.042 -9.448
-190.529 -9.455
-190.015 -9.462
-189.501 -9.469
-188.988 -9.475
-188.474 -9.481
-187.961 -9.487
-187.447 -9.492
-186.933 -9.497
-186.420 -9.501
-185.906 -9.506
-185.393 -9.510
-184.879 -9.513
-184.366 -9.516
-183.852 -9.519
-183.338 -9.521
-182.825 -9.523
-182.311 -9.525
-181.798 -9.527
-181.284 -9.528
-180.770 -9.528
-180.257 -9.529
-179.743 -9.529
-179.230 -9.528
-178.716 -9.528
-178.202 -9.527
-177.689 -9.525
-177.175 -9.523
-176.662 -9.521
-176.148 -9.519
-175.634 -9.516
-175.121 -9.513
-174.607 -9.510
-174.094 -9.506
-173.580 -9.501
-173.067 -9.497
-172.553 -9.492
-172.039 -9.487
-171.526 -9.481
-171.012 -9.475
-170.499 -9.469
-169.985 -9.462
-169.471 -9.455
-168.958 -9.448
-168.566 -9.442
-168.444 -9.440
-167.931 -9.432
-167.417 -9.424
-166.903 -9.415
-166.390 -9.406
-165.876 -9.397
-165.363 -9.387
-164.849 -9.377
-164.335 -9.366
-163.822 -9.356
-163.308 -9.344
-162.795 -9.333
-162.569 -9.328
-162.281 -9.321
-161.768 -9.309
-161.254 -9.296
-160.740 -9.283
-160.227 -9.270
-159.713 -9.257
-159.200 -9.243
-158.686 -9.228
-158.172 -9.214
-158.150 -9.213
-157.659 -9.199
-157.145 -9.184
-156.632 -9.168
-156.118 -9.152
-155.604 -9.136
-155.091 -9.119
-154.577 -9.102
-154.477 -9.099
-154.064 -9.085
-153.550 -9.067
-153.036 -9.049
-152.523 -9.031
-152.009 -9.012
-151.496 -8.993
-151.262 -8.984
-150.982 -8.974
-150.469 -8.954
-149.955 -8.934
-149.441 -8.914
-148.928 -8.893
-148.414 -8.872
-148.362 -8.870
-147.901 -8.851
-147.387 -8.829
-146.873 -8.807
-146.360 -8.785
-145.846 -8.762
-145.699 -8.755
-145.333 -8.739
-144.819 -8.716
-144.305 -8.692
-143.792 -8.668
-143.278 -8.644
-143.220 -8.641
-142.765 -8.619
-142.251 -8.594
-141.737 -8.569
-141.224 -8.543
-140.889 -8.526
-140.710 -8.517
-140.197 -8.491
-139.683 -8.465
-139.170 -8.438
-138.682 -8.412
-138.656 -8.411
-138.142 -8.383
-137.629 -8.355
-137.115 -8.327
-136.602 -8.299
-136.578 -8.298
-136.088 -8.270
-135.574 -8.241
-135.061 -8.212
-134.563 -8.183
-134.547 -8.182
-134.034 -8.152
-133.520 -8.122
-133.006 -8.092
-132.625 -8.069
-132.493 -8.061
-131.979 -8.030
-131.466 -7.998
-130.952 -7.967
-130.754 -7.954
-130.438 -7.935
-129.925 -7.902
-129.411 -7.870
-128.943 -7.840
-128.898 -7.837
-128.384 -7.804
-127.871 -7.770
-127.357 -7.737
-127.185 -7.725
-126.843 -7.703
-126.330 -7.668
-125.816 -7.634
-125.474 -7.611
-125.303 -7.599
-124.789 -7.564
-124.275 -7.529
-123.806 -7.496
-123.762 -7.493
-123.248 -7.457
-122.735 -7.421
-122.221 -7.385
-122.177 -7.382
-121.707 -7.349
-121.194 -7.312
-120.680 -7.275
-120.582 -7.268
-120.167 -7.237
-119.653 -7.200
-119.139 -7.162
-119.019 -7.153
-118.626 -7.124
-118.112 -7.086
-117.599 -7.047
-117.484 -7.039
-117.085 -7.008
-116.572 -6.970
-116.058 -6.930
-115.976 -6.924
-115.544 -6.891
-115.031 -6.851
-114.517 -6.812
-114.492 -6.810
-114.004 -6.772
-113.490 -6.731
-113.029 -6.695
-112.976 -6.691
-112.463 -6.650
-111.949 -6.610
-111.586 -6.581
-111.436 -6.569
-110.922 -6.528
-110.408 -6.486
-110.162 -6.466
-109.895 -6.445
-109.381 -6.403
-108.868 -6.361
-108.754 -6.352
-108.354 -6.319
-107.840 -6.277
-107.361 -6.237
-107.327 -6.235
-106.813 -6.192
-106.300 -6.149
-105.981 -6.123
-105.786 -6.107
-105.273 -6.064
-104.759 -6.021
-104.614 -6.009
-104.245 -5.977
-103.732 -5.934
-103.259 -5.894
-103.218 -5.891
-102.705 -5.847
-102.191 -5.803
-101.912 -5.780
-101.677 -5.760
-101.164 -5.716
-100.650 -5.672
-100.575 -5.665
-100.137 -5.628
-99.623 -5.583
-99.245 -5.551
-99.109 -5.539
-98.596 -5.495
-98.082 -5.450
-97.922 -5.436
-97.569 -5.406
-97.055 -5.361
-96.604 -5.322
-96.541 -5.316
-96.028 -5.272
-95.514 -5.227
-95.291 -5.207
-95.001 -5.182
-94.487 -5.137
-93.982 -5.093
-93.974 -5.092
-93.460 -5.047
-92.946 -5.002
-92.675 -4.979
-92.433 -4.957
-91.919 -4.912
-91.406 -4.867
-91.371 -4.864
-90.892 -4.822
-90.378 -4.777
-90.067 -4.750
-89.865 -4.732
-89.351 -4.687
-88.838 -4.642
-88.764 -4.635
-88.324 -4.597
-87.810 -4.551
-87.459 -4.521
-87.297 -4.506
-86.783 -4.461
-86.270 -4.416
-86.153 -4.406
-85.756 -4.371
-85.242 -4.327
-84.844 -4.292
-84.729 -4.282
-84.215 -4.237
-83.702 -4.192
-83.531 -4.177
-83.188 -4.147
-82.675 -4.103
-82.214 -4.063
-82.161 -4.058
-81.647 -4.014
-81.134 -3.969
-80.891 -3.948
-80.620 -3.925
-80.107 -3.881
-79.593 -3.837
-79.563 -3.834
-79.079 -3.792
-78.566 -3.749
-78.226 -3.720
-78.052 -3.705
-77.539 -3.661
-77.025 -3.617
-76.881 -3.605
-76.511 -3.574
-75.998 -3.530
-75.526 -3.491
-75.484 -3.487
-74.971 -3.444
-74.457 -3.401
-74.160 -3.376
-73.943 -3.358
-73.430 -3.315
-72.916 -3.273
-72.782 -3.262
-72.403 -3.230
-71.889 -3.188
-71.390 -3.147
-71.376 -3.146
-70.862 -3.104
-70.348 -3.062
-69.984 -3.033
-69.835 -3.021
-69.321 -2.979
-68.808 -2.938
-68.561 -2.918
-68.294 -2.897
-67.780 -2.856
-67.267 -2.815
-67.120 -2.804
-66.753 -2.775
-66.240 -2.735
-65.726 -2.695
-65.660 -2.690
-65.212 -2.655
-64.699 -2.615
-64.185 -2.576
-64.178 -2.575
-63.672 -2.536
-63.158 -2.497
-62.673 -2.461
-62.644 -2.459
-62.131 -2.420
-61.617 -2.381
-61.141 -2.346
-61.104 -2.343
-60.590 -2.305
-60.077 -2.268
-59.581 -2.232
-59.563 -2.230
-59.049 -2.193
-58.536 -2.156
-58.022 -2.120
-57.990 -2.117
-57.509 -2.083
-56.995 -2.047
-56.481 -2.011
-56.364 -2.003
-55.968 -1.975
-55.454 -1.940
-54.941 -1.905
-54.699 -1.888
-54.427 -1.870
-53.913 -1.835
-53.400 -1.801
-52.994 -1.774
-52.886 -1.767
-52.373 -1.733
-51.859 -1.699
-51.345 -1.666
-51.241 -1.660
-50.832 -1.633
-50.318 -1.600
-49.805 -1.568
-49.435 -1.545
-49.291 -1.536
-48.778 -1.504
-48.264 -1.473
-47.750 -1.441
-47.571 -1.431
-47.237 -1.410
-46.723 -1.380
-46.210 -1.349
-45.696 -1.319
-45.641 -1.316
-45.182 -1.290
-44.669 -1.260
-44.155 -1.231
-43.642 -1.202
-43.635 -1.202
-43.128 -1.173
-42.614 -1.145
-42.101 -1.117
-41.587 -1.090
-41.540 -1.087
-41.074 -1.062
-40.560 -1.035
-40.046 -1.009
-39.533 -0.982
-39.344 -0.973
-39.019 -0.956
-38.506 -0.931
-37.992 -0.905
-37.479 -0.880
-37.027 -0.858
-36.965 -0.855
-36.451 -0.831
-35.938 -0.807
-35.424 -0.783
-34.911 -0.759
-34.564 -0.744
-34.397 -0.736
-33.883 -0.713
-33.370 -0.691
-32.856 -0.669
-32.343 -0.647
-31.923 -0.629
-31.829 -0.626
-31.315 -0.604
-30.802 -0.583
-30.288 -0.563
-29.775 -0.543
-29.261 -0.523
-29.051 -0.515
-28.747 -0.503
-28.234 -0.484
-27.720 -0.465
-27.207 -0.447
-26.693 -0.429
-26.180 -0.411
-25.872 -0.401
-25.666 -0.394
-25.152 -0.376
-24.639 -0.360
-24.125 -0.343
-23.612 -0.327
-23.098 -0.311
-22.584 -0.296
-22.256 -0.286
-22.071 -0.281
-21.557 -0.266
-21.044 -0.251
-20.530 -0.237
-20.016 -0.224
-19.503 -0.210
-18.989 -0.197
-18.476 -0.185
-17.962 -0.172
-17.939 -0.172
-17.448 -0.160
-16.935 -0.148
-16.421 -0.137
-15.908 -0.126
-15.394 -0.116
-14.881 -0.105
-14.367 -0.095
-13.853 -0.086
-13.340 -0.077
-12.826 -0.068
-12.313 -0.059
-12.191 -0.057
-11.799 -0.051
-11.285 -0.043
-10.772 -0.036
-10.258 -0.028
-9.745 -0.022
-9.231 -0.015
-8.717 -0.009
-8.204 -0.003
-7.690 0.002
-7.177 0.007
-6.663 0.012
-6.149 0.016
-5.636 0.020
-5.122 0.024
-4.609 0.027
-4.095 0.030
-3.582 0.033
-3.068 0.035
-2.554 0.037
-2.041 0.039
-1.527 0.040
-1.014 0.041
-0.500 0.041

-359.500 7.691
-358.986 7.690
-358.473 7.689
-357.959 7.687
-357.446 7.685
-356.932 7.682
-356.418 7.679
-355.905 7.675
-355.391 7.671
-354.878 7.666
-354.364 7.661
-353.851 7.655
-353.337 7.649
-352.823 7.643
-352.310 7.635
-351.796 7.628
-351.283 7.620
-350.771 7.611
-350.769 7.611
-350.255 7.602
-349.742 7.592
-349.228 7.582
-348.715 7.571
-348.201 7.560
-347.687 7.549
-347.174 7.536
-346.660 7.524
-346.147 7.511
-345.633 7.497
-345.615 7.496
-345.119 7.483
-344.606 7.468
-344.092 7.453
-343.579 7.437
-343.065 7.421
-342.552 7.405
-342.038 7.387
-341.882 7.382
-341.524 7.370
-341.011 7.352
-340.497 7.333
-339.984 7.314
-339.470 7.294
-338.956 7.274
-338.803 7.268
-338.443 7.253
-337.929 7.232
-337.416 7.210
-336.902 7.188
-336.388 7.165
-336.126 7.153
-335.875 7.142
-335.361 7.118
-334.848 7.094
-334.334 7.069
-333.820 7.043
-333.725 7.039
-333.307 7.018
-332.793 6.991
-332.280 6.964
-331.766 6.937
-331.532 6.924
-331.253 6.909
-330.739 6.881
-330.225 6.852
-329.712 6.822
-329.501 6.810
-329.198 6.792
-328.685 6.762
-328.171 6.731
-327.657 6.699
-327.601 6.695
-327.144 6.667
-326.630 6.634
-326.117 6.601
-325.812 6.581
-325.603 6.567
-325.089 6.533
-324.576 6.498
-324.114 6.466
-324.062 6.463
-323.549 6.427
-323.035 6.391
-322.521 6.354
-322.497 6.352
-322.008 6.316
-321.494 6.278
-320.981 6.240
-320.950 6.237
-320.467 6.201
-319.954 6.161
-319.464 6.123
-319.440 6.121
-318.926 6.081
-318.413 6.039
-318.035 6.009
-317.899 5.998
-317.386 5.955
-316.872 5.913
-316.654 5.894
-316.358 5.869
-315.845 5.825
-315.331 5.781
-315.317 5.780
-314.818 5.736
-314.304 5.691
-314.022 5.665
-313.790 5.645
-313.277 5.598
-312.763 5.551
-312.763 5.551
-312.250 5.503
-311.736 5.455
-311.539 5.436
-311.222 5.406
-310.709 5.357
-310.346 5.322
-310.195 5.307
-309.682 5.257
-309.182 5.207
-309.168 5.206
-308.655 5.155
-308.141 5.103
-308.045 5.093
-307.627 5.050
-307.114 4.997
-306.933 4.979
-306.600 4.944
-306.087 4.890
-305.845 4.864
-305.573 4.835
-305.059 4.780
-304.778 4.750
-304.546 4.725
-304.032 4.668
-303.732 4.635
-303.519 4.612
-303.005 4.555
-302.705 4.521
-302.491 4.497
-301.978 4.439
-301.696 4.406
-301.464 4.380
-300.951 4.321
-300.704 4.292
-300.437 4.261
-299.923 4.201
-299.727 4.177
-299.410 4.140
-298.896 4.079
-298.766 4.063
-298.383 4.017
-297.869 3.955
-297.819 3.948
-297.356 3.892
-296.885 3.834
-296.842 3.829
-296.328 3.765
-295.965 3.720
-295.815 3.701
-295.301 3.636
-295.056 3.605
-294.788 3.571
-294.274 3.506
-294.158 3.491
-293.760 3.440
-293.271 3.376
-293.247 3.373
-292.733 3.306
-292.394 3.262
-292.220 3.239
-291.706 3.171
-291.527 3.147
-291.192 3.103
-290.679 3.034
-290.668 3.033
-290.165 2.965
-289.819 2.918
-289.652 2.896
-289.138 2.826
-288.977 2.804
-288.624 2.756
-288.143 2.690
-288.111 2.685
-287.597 2.614
-287.317 2.575
-287.084 2.543
-286.570 2.471
-286.497 2.461
-286.057 2.399
-285.683 2.346
-285.543 2.327
-285.029 2.254
-284.876 2.232
-284.516 2.181
-284.074 2.117
-284.002 2.107
-283.489 2.034
-283.277 2.003
-282.975 1.959
-282.485 1.888
-282.461 1.885
-281.948 1.811
-281.699 1.774
-281.434 1.736
-280.921 1.660
-280.915 1.660
-280.407 1.585
-280.137 1.545
-279.893 1.509
-279.380 1.433
-279.361 1.431
-278.866 1.357
-278.590 1.316
-278.353 1.281
-277.839 1.204
-277.821 1.202
-277.325 1.128
-277.055 1.087
-276.812 1.051
-276.298 0.974
-276.291 0.973
-275.785 0.897
-275.531 0.858
-275.271 0.820
-274.771 0.744
-274.758 0.742
-274.244 0.665
-274.014 0.629
-273.730 0.587
-273.257 0.515
-273.217 0.509
-272.703 0.431
-272.502 0.401
-272.190 0.353
-271.748 0.286
-271.676 0.275
-271.162 0.197
-270.995 0.172
-270.649 0.119
-270.241 0.057
-270.135 0.041
-269.622 -0.037
-269.488 -0.057
-269.108 -0.115
-268.735 -0.172
-268.594 -0.193
-268.081 -0.271
-267.981 -0.286
-267.567 -0.349
-267.227 -0.401
-267.054 -0.427
-266.540 -0.504
-266.471 -0.515
-266.026 -0.582
-265.714 -0.629
-265.513 -0.660
-264.999 -0.737
-264.956 -0.744
-264.486 -0.815
-264.196 -0.858
-263.972 -0.892
-263.459 -0.969
-263.434 -0.973
-262.945 -1.046
-262.670 -1.087
-262.431 -1.123
-261.918 -1.199
-261.903 -1.202
-261.404 -1.276
-261.133 -1.316
-260.891 -1.352
-260.377 -1.428
-260.360 -1.431
-259.863 -1.504
-259.584 -1.545
-259.350 -1.579
-258.836 -1.655
-258.803 -1.660
-258.323 -1.730
-258.019 -1.774
-257.809 -1.804
-257.295 -1.879
-257.230 -1.888
-256.782 -1.953
-256.437 -2.003
-256.268 -2.027
-255.755 -2.101
-255.639 -2.117
-255.241 -2.174
-254.835 -2.232
-254.727 -2.247
-254.214 -2.319
-254.025 -2.346
-253.700 -2.392
-253.209 -2.461
-253.187 -2.464
-252.673 -2.535
-252.387 -2.575
-252.160 -2.606
-251.646 -2.677
-251.558 -2.690
-251.132 -2.748
-250.721 -2.804
-250.619 -2.818
-250.105 -2.887
-249.877 -2.918
-249.592 -2.957
-249.078 -3.026
-249.024 -3.033
-248.564 -3.094
-248.162 -3.147
-248.051 -3.162
-247.537 -3.229
-247.292 -3.262
-247.024 -3.297
-246.510 -3.363
-246.411 -3.376
-245.996 -3.430
-245.520 -3.491
-245.483 -3.495
-244.969 -3.561
-244.619 -3.605
-244.456 -3.626
-243.942 -3.690
-243.706 -3.720
-243.428 -3.754
-242.915 -3.817
-242.780 -3.834
-242.401 -3.880
-241.888 -3.943
-241.842 -3.948
-241.374 -4.005
-240.890 -4.063
-240.861 -4.066
-240.347 -4.127
-239.923 -4.177
-239.833 -4.188
-239.320 -4.248
-238.942 -4.292
-238.806 -4.307
-238.293 -4.366
-237.944 -4.406
-237.779 -4.425
-237.265 -4.483
-236.928 -4.521
-236.752 -4.540
-236.238 -4.597
-235.894 -4.635
-235.725 -4.654
-235.211 -4.710
-234.841 -4.750
-234.697 -4.765
-234.184 -4.820
-233.766 -4.864
-233.670 -4.874
-233.157 -4.928
-232.669 -4.979
-232.643 -4.981
-232.129 -5.034
-231.616 -5.086
-231.549 -5.093
-231.102 -5.138
-230.589 -5.189
-230.402 -5.207
-230.075 -5.240
-229.562 -5.290
-229.228 -5.322
-229.048 -5.339
-228.534 -5.388
-228.024 -5.436
-228.021 -5.437
-227.507 -5.485
-226.994 -5.532
-226.788 -5.551
-226.480 -5.579
-225.966 -5.625
-225.516 -5.665
-225.453 -5.671
-224.939 -5.716
-224.426 -5.761
-224.207 -5.780
-223.912 -5.805
-223.398 -5.849
-222.885 -5.892
-222.855 -5.894
-222.371 -5.934
-221.858 -5.976
-221.457 -6.009
-221.344 -6.018
-220.830 -6.059
-220.317 -6.099
-220.007 -6.123
-219.803 -6.139
-219.290 -6.178
-218.776 -6.217
-218.500 -6.237
-218.263 -6.255
-217.749 -6.293
-217.235 -6.330
-216.929 -6.352
-216.722 -6.367
-216.208 -6.403
-215.695 -6.438
-215.284 -6.466
-215.181 -6.473
-214.667 -6.508
-214.154 -6.542
-213.640 -6.575
-213.555 -6.581
-213.127 -6.608
-212.613 -6.641
-212.099 -6.673
-211.728 -6.695
-211.586 -6.704
-211.072 -6.735
-210.559 -6.765
-210.045 -6.795
-209.784 -6.810
-209.531 -6.824
-209.018 -6.853
-208.504 -6.881
-207.991 -6.909
-207.699 -6.924
-207.477 -6.936
-206.964 -6.963
-206.450 -6.989
-205.936 -7.014
-205.438 -7.039
-205.423 -7.039
-204.909 -7.064
-204.396 -7.088
-203.882 -7.112
-203.368 -7.135
-202.947 -7.153
-202.855 -7.157
-202.341 -7.179
-201.828 -7.201
-201.314 -7.222
-200.800 -7.242
-200.287 -7.262
-200.143 -7.268
-199.773 -7.282
-199.260 -7.301
-198.746 -7.319
-198.232 -7.337
-197.719 -7.354
-197.205 -7.371
-196.869 -7.382
-196.692 -7.388
-196.178 -7.404
-195.665 -7.419
-195.151 -7.434
-194.637 -7.448
-194.124 -7.462
-193.610 -7.476
-193.097 -7.489
-192.769 -7.496
-192.583 -7.501
-192.069 -7.513
-191.556 -7.524
-191.042 -7.535
-190.529 -7.546
-190.015 -7.556
-189.501 -7.565
-188.988 -7.574
-188.474 -7.582
-187.961 -7.590
-187.447 -7.598
-186.933 -7.604
-186.420 -7.611
-186.419 -7.611
-185.906 -7.617
-185.393 -7.622
-184.879 -7.627
-184.366 -7.632
-183.852 -7.636
-183.338 -7.639
-182.825 -7.642
-182.311 -7.645
-181.798 -7.647
-181.284 -7.648
-180.770 -7.649
-180.257 -7.650
-179.743 -7.650
-179.230 -7.649
-178.716 -7.648
-178.202 -7.647
-177.689 -7.645
-177.175 -7.642
-176.662 -7.639
-176.148 -7.636
-175.634 -7.632
-175.121 -7.627
-174.607 -7.622
-174.094 -7.617
-173.581 -7.611
-173.580 -7.611
-173.067 -7.604
-172.553 -7.598
-172.039 -7.590
-171.526 -7.582
-171.012 -7.574
-170.499 -7.565
-169.985 -7.556
-169.471 -7.546
-168.958 -7.535
-168.444 -7.524
-167.931 -7.513
-167.417 -7.501
-167.231 -7.496
-166.903 -7.489
-166.390 -7.476
-165.876 -7.462
-165.363 -7.448
-164.849 -7.434
-164.335 -7.419
-163.822 -7.404
-163.308 -7.388
-163.131 -7.382
-162.795 -7.371
-162.281 -7.354
-161.768 -7.337
-161.254 -7.319
-160.740 -7.301
-160.227 -7.282
-159.857 -7.268
-159.713 -7.262
-159.200 -7.242
-158.686 -7.222
-158.172 -7.201
-157.659 -7.179
-157.145 -7.157
-157.053 -7.153
-156.632 -7.135
-156.118 -7.112
-155.604 -7.088
-155.091 -7.064
-154.577 -7.039
-154.562 -7.039
-154.064 -7.014
-153.550 -6.989
-153.036 -6.963
-152.523 -6.936
-152.301 -6.924
-152.009 -6.909
-151.496 -6.881
-150.982 -6.853
-150.469 -6.824
-150.216 -6.810
-149.955 -6.795
-149.441 -6.765
-148.928 -6.735
-148.414 -6.704
-148.272 -6.695
-147.901 -6.673
-147.387 -6.641
-146.873 -6.608
-146.445 -6.581
-146.360 -6.575
-145.846 -6.542
-145.333 -6.508
-144.819 -6.473
-144.716 -6.466
-144.305 -6.438
-143.792 -6.403
-143.278 -6.367
-143.071 -6.352
-142.765 -6.330
-142.251 -6.293
-141.737 -6.255
-141.500 -6.237
-141.224 -6.217
-140.710 -6.178
-140.197 -6.139
-139.993 -6.123
-139.683 -6.099
-139.170 -6.059
-138.656 -6.018
-138.543 -6.009
-138.142 -5.976
-137.629 -5.934
-137.145 -5.894
-137.115 -5.892
-136.602 -5.849
-136.088 -5.805
-135.793 -5.780
-135.574 -5.761
-135.061 -5.716
-134.547 -5.671
-134.484 -5.665
-134.034 -5.625
-133.520 -5.579
-133.212 -5.551
-133.006 -5.532
-132.493 -5.485
-131.979 -5.437
-131.976 -5.436
-131.466 -5.388
-130.952 -5.339
-130.772 -5.322
-130.438 -5.290
-129.925 -5.240
-129.598 -5.207
-129.411 -5.189
-128.898 -5.138
-128.451 -5.093
-128.384 -5.086
-127.871 -5.034
-127.357 -4.981
-127.331 -4.979
-126.843 -4.928
-126.330 -4.874
-126.234 -4.864
-125.816 -4.820
-125.303 -4.765
-125.159 -4.750
-124.789 -4.710
-124.275 -4.654
-124.106 -4.635
-123.762 -4.597
-123.248 -4.540
-123.072 -4.521
-122.735 -4.483
-122.221 -4.425
-122.056 -4.406
-121.707 -4.366
-121.194 -4.307
-121.058 -4.292
-120.680 -4.248
-120.167 -4.188
-120.077 -4.177
-119.653 -4.127
-119.139 -4.066
-119.110 -4.063
-118.626 -4.005
-118.158 -3.948
-118.112 -3.943
-117.599 -3.880
-117.220 -3.834
-117.085 -3.817
-116.572 -3.754
-116.294 -3.720
-116.058 -3.690
-115.544 -3.626
-115.381 -3.605
-115.031 -3.561
-114.517 -3.495
-114.480 -3.491
-114.004 -3.430
-113.589 -3.376
-113.490 -3.363
-112.976 -3.297
-112.708 -3.262
-112.463 -3.229
-111.949 -3.162
-111.838 -3.147
-111.436 -3.094
-110.976 -3.033
-110.922 -3.026
-110.408 -2.957
-110.123 -2.918
-109.895 -2.887
-109.381 -2.818
-109.279 -2.804
-108.868 -2.748
-108.442 -2.690
-108.354 -2.677
-107.840 -2.606
-107.613 -2.575
-107.327 -2.535
-106.813 -2.464
-106.791 -2.461
-106.300 -2.392
-105.975 -2.346
-105.786 -2.319
-105.273 -2.247
-105.165 -2.232
-104.759 -2.174
-104.361 -2.117
-104.245 -2.101
-103.732 -2.027
-103.563 -2.003
-103.218 -1.953
-102.770 -1.888
-102.705 -1.879
-102.191 -1.804
-101.981 -1.774
-101.677 -1.730
-101.197 -1.660
-101.164 -1.655
-100.650 -1.579
-100.416 -1.545
-100.137 -1.504
-99.640 -1.431
-99.623 -1.428
-99.109 -1.352
-98.867 -1.316
-98.596 -1.276
-98.097 -1.202
-98.082 -1.199
-97.569 -1.123
-97.330 -1.087
-97.055 -1.046
-96.566 -0.973
-96.541 -0.969
-96.028 -0.892
-95.804 -0.858
-95.514 -0.815
-95.044 -0.744
-95.001 -0.737
-94.487 -0.660
-94.286 -0.629
-93.974 -0.582
-93.529 -0.515
-93.460 -0.504
-92.946 -0.427
-92.773 -0.401
-92.433 -0.349
-92.019 -0.286
-91.919 -0.271
-91.406 -0.193
-91.265 -0.172
-90.892 -0.115
-90.512 -0.057
-90.378 -0.037
-89.865 0.041
-89.759 0.057
-89.351 0.119
-89.005 0.172
-88.838 0.197
-88.324 0.275
-88.252 0.286
-87.810 0.353
-87.498 0.401
-87.297 0.431
-86.783 0.509
-86.743 0.515
-86.270 0.587
-85.986 0.629
-85.756 0.665
-85.242 0.742
-85.229 0.744
-84.729 0.820
-84.469 0.858
-84.215 0.897
-83.709 0.973
-83.702 0.974
-83.188 1.051
-82.945 1.087
-82.675 1.128
-82.179 1.202
-82.161 1.204
-81.647 1.281
-81.410 1.316
-81.134 1.357
-80.639 1.431
-80.620 1.433
-80.107 1.509
-79.863 1.545
-79.593 1.585
-79.085 1.660
-79.079 1.660
-78.566 1.736
-78.301 1.774
-78.052 1.811
-77.539 1.885
-77.515 1.888
-77.025 1.959
-76.723 2.003
-76.511 2.034
-75.998 2.107
-75.926 2.117
-75.484 2.181
-75.124 2.232
-74.971 2.254
-74.457 2.327
-74.317 2.346
-73.943 2.399
-73.503 2.461
-73.430 2.471
-72.916 2.543
-72.683 2.575
-72.403 2.614
-71.889 2.685
-71.857 2.690
-71.376 2.756
-71.023 2.804
-70.862 2.826
-70.348 2.896
-70.181 2.918
-69.835 2.965
-69.332 3.033
-69.321 3.034
-68.808 3.103
-68.473 3.147
-68.294 3.171
-67.780 3.239
-67.606 3.262
-67.267 3.306
-66.753 3.373
-66.729 3.376
-66.240 3.440
-65.842 3.491
-65.726 3.506
-65.212 3.571
-64.944 3.605
-64.699 3.636
-64.185 3.701
-64.035 3.720
-63.672 3.765
-63.158 3.829
-63.115 3.834
-62.644 3.892
-62.181 3.948
-62.131 3.955
-61.617 4.017
-61.234 4.063
-61.104 4.079
-60.590 4.140
-60.273 4.177
-60.077 4.201
-59.563 4.261
-59.296 4.292
-59.049 4.321
-58.536 4.380
-58.304 4.406
-58.022 4.439
-57.509 4.497
-57.295 4.521
-56.995 4.555
-56.481 4.612
-56.268 4.635
-55.968 4.668
-55.454 4.725
-55.222 4.750
-54.941 4.780
-54.427 4.835
-54.155 4.864
-53.913 4.890
-53.400 4.944
-53.067 4.979
-52.886 4.997
-52.373 5.050
-51.955 5.093
-51.859 5.103
-51.345 5.155
-50.832 5.206
-50.818 5.207
-50.318 5.257
-49.805 5.307
-49.654 5.322
-49.291 5.357
-48.778 5.406
-48.461 5.436
-48.264 5.455
-47.750 5.503
-47.237 5.551
-47.237 5.551
-46.723 5.598
-46.210 5.645
-45.978 5.665
-45.696 5.691
-45.182 5.736
-44.683 5.780
-44.669 5.781
-44.155 5.825
-43.642 5.869
-43.346 5.894
-43.128 5.913
-42.614 5.955
-42.101 5.998
-41.965 6.009
-41.587 6.039
-41.074 6.081
-40.560 6.121
-40.536 6.123
-40.046 6.161
-39.533 6.201
-39.050 6.237
-39.019 6.240
-38.506 6.278
-37.992 6.316
-37.503 6.352
-37.479 6.354
-36.965 6.391
-36.451 6.427
-35.938 6.463
-35.886 6.466
-35.424 6.498
-34.911 6.533
-34.397 6.567
-34.188 6.581
-33.883 6.601
-33.370 6.634
-32.856 6.667
-32.399 6.695
-32.343 6.699
-31.829 6.731
-31.315 6.762
-30.802 6.792
-30.499 6.810
-30.288 6.822
-29.775 6.852
-29.261 6.881
-28.747 6.909
-28.468 6.924
-28.234 6.937
-27.720 6.964
-27.207 6.991
-26.693 7.018
-26.275 7.039
-26.180 7.043
-25.666 7.069
-25.152 7.094
-24.639 7.118
-24.125 7.142
-23.874 7.153
-23.612 7.165
-23.098 7.188
-22.584 7.210
-22.071 7.232
-21.557 7.253
-21.197 7.268
-21.044 7.274
-20.530 7.294
-20.016 7.314
-19.503 7.333
-18.989 7.352
-18.476 7.370
-18.118 7.382
-17.962 7.387
-17.448 7.405
-16.935 7.421
-16.421 7.437
-15.908 7.453
-15.394 7.468
-14.881 7.483
-14.385 7.496
-14.367 7.497
-13.853 7.511
-13.340 7.524
-12.826 7.536
-12.313 7.549
-11.799 7.560
-11.285 7.571
-10.772 7.582
-10.258 7.592
-9.745 7.602
-9.231 7.611
-9.229 7.611
-8.717 7.620
-8.204 7.628
-7.690 7.635
-7.177 7.643
-6.663 7.649
-6.149 7.655
-5.636 7.661
-5.122 7.666
-4.609 7.671
-4.095 7.675
-3.582 7.679
-3.068 7.682
-2.554 7.685
-2.041 7.687
-1.527 7.689
-1.014 7.690
-0.500 7.691

-359.500 18.271
-358.986 18.270
-358.473 18.269
-357.959 18.267
-357.446 18.264
-356.932 18.260
-356.418 18.256
-356.230 18.255
-355.905 18.252
-355.391 18.246
-354.878 18.241
-354.364 18.234
-353.851 18.227
-353.337 18.219
-352.823 18.211
-352.310 18.202
-351.796 18.192
-351.283 18.182
-350.769 18.171
-350.255 18.159
-349.742 18.147
-349.471 18.140
-349.228 18.134
-348.715 18.121
-348.201 18.107
-347.687 18.092
-347.174 18.077
-346.660 18.060
-346.147 18.044
-345.633 18.026
-345.616 18.026
-345.119 18.008
-344.606 17.990
-344.092 17.971
-343.579 17.951
-343.065 17.930
-342.616 17.911
-342.552 17.909
-342.038 17.887
-341.524 17.864
-341.011 17.841
-340.497 17.817
-340.078 17.797
-339.984 17.792
-339.470 17.767
-338.956 17.741
-338.443 17.715
-337.929 17.687
-337.843 17.682
-337.416 17.659
-336.902 17.631
-336.388 17.601
-335.875 17.571
-335.826 17.568
-335.361 17.540
-334.848 17.509
-334.334 17.476
-333.978 17.454
-333.820 17.443
-333.307 17.410
-332.793 17.376
-332.280 17.340
-332.262 17.339
-331.766 17.305
-331.253 17.268
-330.739 17.231
-330.659 17.225
-330.225 17.193
-329.712 17.154
-329.198 17.114
-329.147 17.110
-328.685 17.074
-328.171 17.033
-327.716 16.996
-327.657 16.991
-327.144 16.948
-326.630 16.905
-326.356 16.881
-326.117 16.861
-325.603 16.816
-325.089 16.770
-325.055 16.767
-324.576 16.724
-324.062 16.676
-323.810 16.652
-323.549 16.628
-323.035 16.579
-322.614 16.538
-322.521 16.529
-322.008 16.478
-321.494 16.427
-321.462 16.423
-320.981 16.375
-320.467 16.321
-320.351 16.309
-319.954 16.267
-319.440 16.212
-319.277 16.195
-318.926 16.157
-318.413 16.100
-318.238 16.080
-317.899 16.042
-317.386 15.984
-317.230 15.966
-316.872 15.924
-316.358 15.864
-316.251 15.851
-315.845 15.803
-315.331 15.741
-315.299 15.737
-314.818 15.678
-314.374 15.622
-314.304 15.614
-313.790 15.549
-313.472 15.508
-313.277 15.483
-312.763 15.416
-312.593 15.393
-312.250 15.348
-311.736 15.279
-311.735 15.279
-311.222 15.210
-310.897 15.165
-310.709 15.139
-310.195 15.067
-310.078 15.050
-309.682 14.994
-309.277 14.936
-309.168 14.920
-308.655 14.845
-308.494 14.821
-308.141 14.769
-307.726 14.707
-307.627 14.692
-307.114 14.614
-306.974 14.592
-306.600 14.535
-306.237 14.478
-306.087 14.454
-305.573 14.373
-305.514 14.363
-305.059 14.291
-304.804 14.249
-304.546 14.207
-304.108 14.134
-304.032 14.122
-303.519 14.036
-303.423 14.020
-303.005 13.949
-302.751 13.906
-302.491 13.861
-302.090 13.791
-301.978 13.772
-301.464 13.681
-301.439 13.677
-300.951 13.590
-300.800 13.562
-300.437 13.497
-300.171 13.448
-299.923 13.403
-299.551 13.333
-299.410 13.307
-298.940 13.219
-298.896 13.211
-298.383 13.113
-298.339 13.104
-297.869 13.014
-297.747 12.990
-297.356 12.914
-297.163 12.876
-296.842 12.812
-296.587 12.761
-296.328 12.710
-296.018 12.647
-295.815 12.606
-295.458 12.532
-295.301 12.500
-294.904 12.418
-294.788 12.394
-294.358 12.303
-294.274 12.286
-293.818 12.189
-293.760 12.177
-293.285 12.074
-293.247 12.066
-292.759 11.960
-292.733 11.954
-292.239 11.845
-292.220 11.841
-291.724 11.731
-291.706 11.727
-291.216 11.617
-291.192 11.611
-290.713 11.502
-290.679 11.494
-290.216 11.388
-290.165 11.376
-289.723 11.273
-289.652 11.257
-289.236 11.159
-289.138 11.136
-288.754 11.044
-288.624 11.014
-288.277 10.930
-288.111 10.890
-287.804 10.815
-287.597 10.766
-287.335 10.701
-287.084 10.639
-286.871 10.587
-286.570 10.512
-286.411 10.472
-286.057 10.384
-285.955 10.358
-285.543 10.254
-285.502 10.243
-285.054 10.129
-285.029 10.123
-284.609 10.014
-284.516 9.990
-284.168 9.900
-284.002 9.857
-283.730 9.785
-283.489 9.722
-283.295 9.671
-282.975 9.586
-282.863 9.557
-282.461 9.449
-282.435 9.442
-282.009 9.328
-281.948 9.311
-281.586 9.213
-281.434 9.172
-281.166 9.099
-280.921 9.032
-280.748 8.984
-280.407 8.891
-280.333 8.870
-279.920 8.755
-279.893 8.748
-279.509 8.641
-279.380 8.605
-279.101 8.526
-278.866 8.461
-278.695 8.412
-278.353 8.316
-278.290 8.298
-277.887 8.183
-277.839 8.170
-277.487 8.069
-277.325 8.023
-277.088 7.954
-276.812 7.875
-276.690 7.840
-276.298 7.727
-276.294 7.725
-275.899 7.611
-275.785 7.578
-275.506 7.496
-275.271 7.428
-275.114 7.382
-274.758 7.278
-274.723 7.268
-274.333 7.153
-274.244 7.127
-273.944 7.039
-273.730 6.976
-273.556 6.924
-273.217 6.824
-273.168 6.810
-272.781 6.695
-272.703 6.672
-272.396 6.581
-272.190 6.520
-272.010 6.466
-271.676 6.367
-271.625 6.352
-271.240 6.237
-271.162 6.215
-270.856 6.123
-270.649 6.062
-270.471 6.009
-270.135 5.909
-270.087 5.894
-269.703 5.780
-269.622 5.756
-269.319 5.665
-269.108 5.603
-268.935 5.551
-268.594 5.450
-268.550 5.436
-268.165 5.322
-268.081 5.297
-267.780 5.207
-267.567 5.145
-267.394 5.093
-267.054 4.992
-267.007 4.979
-266.620 4.864
-266.540 4.841
-266.233 4.750
-266.026 4.689
-265.844 4.635
-265.513 4.538
-265.454 4.521
-265.064 4.406
-264.999 4.388
-264.672 4.292
-264.486 4.238
-264.280 4.177
-263.972 4.088
-263.885 4.063
-263.490 3.948
-263.459 3.940
-263.093 3.834
-262.945 3.792
-262.695 3.720
-262.431 3.645
-262.295 3.605
-261.918 3.498
-261.893 3.491
-261.489 3.376
-261.404 3.352
-261.084 3.262
-260.891 3.208
-260.676 3.147
-260.377 3.064
-260.267 3.033
-259.863 2.921
-259.854 2.918
-259.441 2.804
-259.350 2.779
-259.024 2.690
-258.836 2.639
-258.605 2.575
-258.323 2.499
-258.183 2.461
-257.809 2.360
-257.759 2.346
-257.331 2.232
-257.295 2.222
-256.901 2.117
-256.782 2.086
-256.468 2.003
-256.268 1.951
-256.032 1.888
-255.755 1.817
-255.592 1.774
-255.241 1.684
-255.148 1.660
-254.727 1.552
-254.701 1.545
-254.251 1.431
-254.214 1.421
-253.797 1.316
-253.700 1.292
-253.339 1.202
-253.187 1.164
-252.876 1.087
-252.673 1.038
-252.410 0.973
-252.160 0.912
-251.939 0.858
-251.646 0.788
-251.463 0.744
-251.132 0.665
-250.983 0.629
-250.619 0.544
-250.498 0.515
-250.105 0.423
-250.008 0.401
-249.592 0.304
-249.513 0.286
-249.078 0.187
-249.013 0.172
-248.564 0.070
-248.507 0.057
-248.051 -0.045
-247.995 -0.057
-247.537 -0.158
-247.477 -0.172
-247.024 -0.271
-246.954 -0.286
-246.510 -0.382
-246.424 -0.401
-245.996 -0.492
-245.888 -0.515
-245.483 -0.600
-245.345 -0.629
-244.969 -0.707
-244.795 -0.744
-244.456 -0.813
-244.237 -0.858
-243.942 -0.918
-243.673 -0.973
-243.428 -1.021
-243.100 -1.087
-242.915 -1.124
-242.519 -1.202
-242.401 -1.225
-241.930 -1.316
-241.888 -1.324
-241.374 -1.423
-241.333 -1.431
-240.861 -1.520
-240.727 -1.545
-240.347 -1.616
-240.112 -1.660
-239.833 -1.710
-239.487 -1.774
-239.320 -1.804
-238.851 -1.888
-238.806 -1.896
-238.293 -1.987
-238.206 -2.003
-237.779 -2.077
-237.550 -2.117
-237.265 -2.166
-236.883 -2.232
-236.752 -2.254
-236.238 -2.340
-236.204 -2.346
-235.725 -2.426
-235.513 -2.461
-235.211 -2.510
-234.809 -2.575
-234.697 -2.593
-234.184 -2.675
-234.092 -2.690
-233.670 -2.756
-233.362 -2.804
-233.157 -2.836
-232.643 -2.914
-232.616 -2.918
-232.129 -2.992
-231.856 -3.033
-231.616 -3.068
-231.102 -3.144
-231.080 -3.147
-230.589 -3.218
-230.287 -3.262
-230.075 -3.292
-229.562 -3.364
-229.476 -3.376
-229.048 -3.436
-228.647 -3.491
-228.534 -3.506
-228.021 -3.575
-227.799 -3.605
-227.507 -3.644
-226.994 -3.711
-226.929 -3.720
-226.480 -3.777
-226.038 -3.834
-225.966 -3.843
-225.453 -3.907
-225.123 -3.948
-224.939 -3.971
-224.426 -4.034
-224.184 -4.063
-223.912 -4.095
-223.398 -4.156
-223.218 -4.177
-222.885 -4.216
-222.371 -4.275
-222.223 -4.292
-221.858 -4.333
-221.344 -4.390
-221.198 -4.406
-220.830 -4.446
-220.317 -4.502
-220.140 -4.521
-219.803 -4.556
-219.290 -4.610
-219.046 -4.635
-218.776 -4.663
-218.263 -4.715
-217.913 -4.750
-217.749 -4.766
-217.235 -4.816
-216.737 -4.864
-216.722 -4.866
-216.208 -4.914
-215.695 -4.962
-215.515 -4.979
-215.181 -5.009
-214.667 -5.055
-214.241 -5.093
-214.154 -5.101
-213.640 -5.145
-213.127 -5.189
-212.908 -5.207
-212.613 -5.232
-212.099 -5.274
-211.586 -5.316
-211.509 -5.322
-211.072 -5.357
-210.559 -5.396
-210.045 -5.436
-210.036 -5.436
-209.531 -5.474
-209.018 -5.512
-208.504 -5.549
-208.476 -5.551
-207.991 -5.585
-207.477 -5.621
-206.964 -5.655
-206.813 -5.665
-206.450 -5.689
-205.936 -5.723
-205.423 -5.755
-205.029 -5.780
-204.909 -5.787
-204.396 -5.818
-203.882 -5.849
-203.368 -5.879
-203.093 -5.894
-202.855 -5.908
-202.341 -5.936
-201.828 -5.964
-201.314 -5.991
-200.965 -6.009
-200.800 -6.017
-200.287 -6.043
-199.773 -6.068
-199.260 -6.092
-198.746 -6.115
-198.577 -6.123
-198.232 -6.138
-197.719 -6.161
-197.205 -6.182
-196.692 -6.203
-196.178 -6.224
-195.813 -6.237
-195.665 -6.243
-195.151 -6.262
-194.637 -6.281
-194.124 -6.298
-193.610 -6.315
-193.097 -6.332
-192.583 -6.347
-192.424 -6.352
-192.069 -6.362
-191.556 -6.377
-191.042 -6.391
-190.529 -6.404
-190.015 -6.416
-189.501 -6.428
-188.988 -6.440
-188.474 -6.450
-187.961 -6.460
-187.616 -6.466
-187.447 -6.469
-186.933 -6.478
-186.420 -6.486
-185.906 -6.494
-185.393 -6.501
-184.879 -6.507
-184.366 -6.513
-183.852 -6.518
-183.338 -6.522
-182.825 -6.526
-182.311 -6.529
-181.798 -6.531
-181.284 -6.533
-180.770 -6.534
-180.257 -6.535
-179.743 -6.535
-179.230 -6.534
-178.716 -6.533
-178.202 -6.531
-177.689 -6.529
-177.175 -6.526
-176.662 -6.522
-176.148 -6.518
-175.634 -6.513
-175.121 -6.507
-174.607 -6.501
-174.094 -6.494
-173.580 -6.486
-173.067 -6.478
-172.553 -6.469
-172.384 -6.466
-172.039 -6.460
-171.526 -6.450
-171.012 -6.440
-170.499 -6.428
-169.985 -6.416
-169.471 -6.404
-168.958 -6.391
-168.444 -6.377
-167.931 -6.362
-167.576 -6.352
-167.417 -6.347
-166.903 -6.332
-166.390 -6.315
-165.876 -6.298
-165.363 -6.281
-164.849 -6.262
-164.335 -6.243
-164.187 -6.237
-163.822 -6.224
-163.308 -6.203
-162.795 -6.182
-162.281 -6.161
-161.768 -6.138
-161.423 -6.123
-161.254 -6.115
-160.740 -6.092
-160.227 -6.068
-159.713 -6.043
-159.200 -6.017
-159.035 -6.009
-158.686 -5.991
-158.172 -5.964
-157.659 -5.936
-157.145 -5.908
-156.907 -5.894
-156.632 -5.879
-156.118 -5.849
-155.604 -5.818
-155.091 -5.787
-154.971 -5.780
-154.577 -5.755
-154.064 -5.723
-153.550 -5.689
-153.187 -5.665
-153.036 -5.655
-152.523 -5.621
-152.009 -5.585
-151.524 -5.551
-151.496 -5.549
-150.982 -5.512
-150.469 -5.474
-149.964 -5.436
-149.955 -5.436
-149.441 -5.396
-148.928 -5.357
-148.491 -5.322
-148.414 -5.316
-147.901 -5.274
-147.387 -5.232
-147.092 -5.207
-146.873 -5.189
-146.360 -5.145
-145.846 -5.101
-145.759 -5.093
-145.333 -5.055
-144.819 -5.009
-144.485 -4.979
-144.305 -4.962
-143.792 -4.914
-143.278 -4.866
-143.263 -4.864
-142.765 -4.816
-142.251 -4.766
-142.087 -4.750
-141.737 -4.715
-141.224 -4.663
-140.954 -4.635
-140.710 -4.610
-140.197 -4.556
-139.860 -4.521
-139.683 -4.502
-139.170 -4.446
-138.802 -4.406
-138.656 -4.390
-138.142 -4.333
-137.777 -4.292
-137.629 -4.275
-137.115 -4.216
-136.782 -4.177
-136.602 -4.156
-136.088 -4.095
-135.816 -4.063
-135.574 -4.034
-135.061 -3.971
-134.877 -3.948
-134.547 -3.907
-134.034 -3.843
-133.962 -3.834
-133.520 -3.777
-133.071 -3.720
-133.006 -3.711
-132.493 -3.644
-132.201 -3.605
-131.979 -3.575
-131.466 -3.506
-131.353 -3.491
-130.952 -3.436
-130.524 -3.376
-130.438 -3.364
-129.925 -3.292
-129.713 -3.262
-129.411 -3.218
-128.920 -3.147
-128.898 -3.144
-128.384 -3.068
-128.144 -3.033
-127.871 -2.992
-127.384 -2.918
-127.357 -2.914
-126.843 -2.836
-126.638 -2.804
-126.330 -2.756
-125.908 -2.690
-125.816 -2.675
-125.303 -2.593
-125.191 -2.575
-124.789 -2.510
-124.487 -2.461
-124.275 -2.426
-123.796 -2.346
-123.762 -2.340
-123.248 -2.254
-123.117 -2.232
-122.735 -2.166
-122.450 -2.117
-122.221 -2.077
-121.794 -2.003
-121.707 -1.987
-121.194 -1.896
-121.149 -1.888
-120.680 -1.804
-120.513 -1.774
-120.167 -1.710
-119.888 -1.660
-119.653 -1.616
-119.273 -1.545
-119.139 -1.520
-118.667 -1.431
-118.626 -1.423
-118.112 -1.324
-118.070 -1.316
-117.599 -1.225
-117.481 -1.202
-117.085 -1.124
-116.900 -1.087
-116.572 -1.021
-116.327 -0.973
-116.058 -0.918
-115.763 -0.858
-115.544 -0.813
-115.205 -0.744
-115.031 -0.707
-114.655 -0.629
-114.517 -0.600
-114.112 -0.515
-114.004 -0.492
-113.576 -0.401
-113.490 -0.382
-113.046 -0.286
-112.976 -0.271
-112.523 -0.172
-112.463 -0.158
-112.005 -0.057
-111.949 -0.045
-111.493 0.057
-111.436 0.070
-110.987 0.172
-110.922 0.187
-110.487 0.286
-110.408 0.304
-109.992 0.401
-109.895 0.423
-109.502 0.515
-109.381 0.544
-109.017 0.629
-108.868 0.665
-108.537 0.744
-108.354 0.788
-108.061 0.858
-107.840 0.912
-107.590 0.973
-107.327 1.038
-107.124 1.087
-106.813 1.164
-106.661 1.202
-106.300 1.292
-106.203 1.316
-105.786 1.421
-105.749 1.431
-105.299 1.545
-105.273 1.552
-104.852 1.660
-104.759 1.684
-104.408 1.774
-104.245 1.817
-103.968 1.888
-103.732 1.951
-103.532 2.003
-103.218 2.086
-103.099 2.117
-102.705 2.222
-102.669 2.232
-102.241 2.346
-102.191 2.360
-101.817 2.461
-101.677 2.499
-101.395 2.575
-101.164 2.639
-100.976 2.690
-100.650 2.779
-100.559 2.804
-100.146 2.918
-100.137 2.921
-99.733 3.033
-99.623 3.064
-99.324 3.147
-99.109 3.208
-98.916 3.262
-98.596 3.352
-98.511 3.376
-98.107 3.491
-98.082 3.498
-97.705 3.605
-97.569 3.645
-97.305 3.720
-97.055 3.792
-96.907 3.834
-96.541 3.940
-96.510 3.948
-96.115 4.063
-96.028 4.088
-95.720 4.177
-95.514 4.238
-95.328 4.292
-95.001 4.388
-94.936 4.406
-94.546 4.521
-94.487 4.538
-94.156 4.635
-93.974 4.689
-93.767 4.750
-93.460 4.841
-93.380 4.864
-92.993 4.979
-92.946 4.992
-92.606 5.093
-92.433 5.145
-92.220 5.207
-91.919 5.297
-91.835 5.322
-91.450 5.436
-91.406 5.450
-91.065 5.551
-90.892 5.603
-90.681 5.665
-90.378 5.756
-90.297 5.780
-89.913 5.894
-89.865 5.909
-89.529 6.009
-89.351 6.062
-89.144 6.123
-88.838 6.215
-88.760 6.237
-88.375 6.352
-88.324 6.367
-87.990 6.466
-87.810 6.520
-87.604 6.581
-87.297 6.672
-87.219 6.695
-86.832 6.810
-86.783 6.824
-86.444 6.924
-86.270 6.976
-86.056 7.039
-85.756 7.127
-85.667 7.153
-85.277 7.268
-85.242 7.278
-84.886 7.382
-84.729 7.428
-84.494 7.496
-84.215 7.578
-84.101 7.611
-83.706 7.725
-83.702 7.727
-83.310 7.840
-83.188 7.875
-82.912 7.954
-82.675 8.023
-82.513 8.069
-82.161 8.170
-82.113 8.183
-81.710 8.298
-81.647 8.316
-81.305 8.412
-81.134 8.461
-80.899 8.526
-80.620 8.605
-80.491 8.641
-80.107 8.748
-80.080 8.755
-79.667 8.870
-79.593 8.891
-79.252 8.984
-79.079 9.032
-78.834 9.099
-78.566 9.172
-78.414 9.213
-78.052 9.311
-77.991 9.328
-77.565 9.442
-77.539 9.449
-77.137 9.557
-77.025 9.586
-76.705 9.671
-76.511 9.722
-76.270 9.785
-75.998 9.857
-75.832 9.900
-75.484 9.990
-75.391 10.014
-74.971 10.123
-74.946 10.129
-74.498 10.243
-74.457 10.254
-74.045 10.358
-73.943 10.384
-73.589 10.472
-73.430 10.512
-73.129 10.587
-72.916 10.639
-72.665 10.701
-72.403 10.766
-72.196 10.815
-71.889 10.890
-71.723 10.930
-71.376 11.014
-71.246 11.044
-70.862 11.136
-70.764 11.159
-70.348 11.257
-70.277 11.273
-69.835 11.376
-69.784 11.388
-69.321 11.494
-69.287 11.502
-68.808 11.611
-68.784 11.617
-68.294 11.727
-68.276 11.731
-67.780 11.841
-67.761 11.845
-67.267 11.954
-67.241 11.960
-66.753 12.066
-66.715 12.074
-66.240 12.177
-66.182 12.189
-65.726 12.286
-65.642 12.303
-65.212 12.394
-65.096 12.418
-64.699 12.500
-64.542 12.532
-64.185 12.606
-63.982 12.647
-63.672 12.710
-63.413 12.761
-63.158 12.812
-62.837 12.876
-62.644 12.914
-62.253 12.990
-62.131 13.014
-61.661 13.104
-61.617 13.113
-61.104 13.211
-61.060 13.219
-60.590 13.307
-60.449 13.333
-60.077 13.403
-59.829 13.448
-59.563 13.497
-59.200 13.562
-59.049 13.590
-58.561 13.677
-58.536 13.681
-58.022 13.772
-57.910 13.791
-57.509 13.861
-57.249 13.906
-56.995 13.949
-56.577 14.020
-56.481 14.036
-55.968 14.122
-55.892 14.134
-55.454 14.207
-55.196 14.249
-54.941 14.291
-54.486 14.363
-54.427 14.373
-53.913 14.454
-53.763 14.478
-53.400 14.535
-53.026 14.592
-52.886 14.614
-52.373 14.692
-52.274 14.707
-51.859 14.769
-51.506 14.821
-51.345 14.845
-50.832 14.920
-50.723 14.936
-50.318 14.994
-49.922 15.050
-49.805 15.067
-49.291 15.139
-49.103 15.165
-48.778 15.210
-48.265 15.279
-48.264 15.279
-47.750 15.348
-47.407 15.393
-47.237 15.416
-46.723 15.483
-46.528 15.508
-46.210 15.549
-45.696 15.614
-45.626 15.622
-45.182 15.678
-44.701 15.737
-44.669 15.741
-44.155 15.803
-43.749 15.851
-43.642 15.864
-43.128 15.924
-42.770 15.966
-42.614 15.984
-42.101 16.042
-41.762 16.080
-41.587 16.100
-41.074 16.157
-40.723 16.195
-40.560 16.212
-40.046 16.267
-39.649 16.309
-39.533 16.321
-39.019 16.375
-38.538 16.423
-38.506 16.427
-37.992 16.478
-37.479 16.529
-37.386 16.538
-36.965 16.579
-36.451 16.628
-36.190 16.652
-35.938 16.676
-35.424 16.724
-34.945 16.767
-34.911 16.770
-34.397 16.816
-33.883 16.861
-33.644 16.881
-33.370 16.905
-32.856 16.948
-32.343 16.991
-32.284 16.996
-31.829 17.033
-31.315 17.074
-30.853 17.110
-30.802 17.114
-30.288 17.154
-29.775 17.193
-29.341 17.225
-29.261 17.231
-28.747 17.268
-28.234 17.305
-27.738 17.339
-27.720 17.340
-27.207 17.376
-26.693 17.410
-26.180 17.443
-26.022 17.454
-25.666 17.476
-25.152 17.509
-24.639 17.540
-24.174 17.568
-24.125 17.571
-23.612 17.601
-23.098 17.631
-22.584 17.659
-22.157 17.682
-22.071 17.687
-21.557 17.715
-21.044 17.741
-20.530 17.767
-20.016 17.792
-19.922 17.797
-19.503 17.817
-18.989 17.841
-18.476 17.864
-17.962 17.887
-17.448 17.909
-17.384 17.911
-16.935 17.930
-16.421 17.951
-15.908 17.971
-15.394 17.990
-14.881 18.008
-14.384 18.026
-14.367 18.026
-13.853 18.044
-13.340 18.060
-12.826 18.077
-12.313 18.092
-11.799 18.107
-11.285 18.121
-10.772 18.134
-10.529 18.140
-10.258 18.147
-9.745 18.159
-9.231 18.171
-8.717 18.182
-8.204 18.192
-7.690 18.202
-7.177 18.211
-6.663 18.219
-6.149 18.227
-5.636 18.234
-5.122 18.241
-4.609 18.246
-4.095 18.252
-3.770 18.255
-3.582 18.256
-3.068 18.260
-2.554 18.264
-2.041 18.267
-1.527 18.269
-1.014 18.270
-0.500 18.271

-269.714 40.000
-269.710 39.886
-269.706 39.771
-269.702 39.657
-269.698 39.542
-269.694 39.428
-269.690 39.313
-269.686 39.199
-269.682 39.084
-269.677 38.970
-269.673 38.856
-269.669 38.741
-269.664 38.627
-269.660 38.512
-269.655 38.398
-269.651 38.283
-269.646 38.169
-269.642 38.054
-269.637 37.940
-269.632 37.825
-269.627 37.711
-269.622 37.597
-269.622 37.583
-269.617 37.482
-269.612 37.368
-269.607 37.253
-269.602 37.139
-269.596 37.024
-269.591 36.910
-269.586 36.795
-269.580 36.681
-269.575 36.567
-269.569 36.452
-269.563 36.338
-269.557 36.223
-269.552 36.109
-269.546 35.994
-269.540 35.880
-269.534 35.765
-269.527 35.651
-269.521 35.536
-269.515 35.422
-269.508 35.308
-269.502 35.193
-269.495 35.079
-269.488 34.964
-269.482 34.850
-269.475 34.735
-269.468 34.621
-269.461 34.506
-269.454 34.392
-269.446 34.278
-269.439 34.163
-269.432 34.049
-269.424 33.934
-269.416 33.820
-269.409 33.705
-269.401 33.591
-269.393 33.476
-269.385 33.362
-269.377 33.247
-269.368 33.133
-269.360 33.019
-269.352 32.904
-269.343 32.790
-269.334 32.675
-269.325 32.561
-269.316 32.446
-269.307 32.332
-269.298 32.217
-269.289 32.103
-269.279 31.989
-269.270 31.874
-269.260 31.760
-269.250 31.645
-269.240 31.531
-269.230 31.416
-269.220 31.302
-269.210 31.187
-269.199 31.073
-269.189 30.959
-269.178 30.844
-269.167 30.730
-269.156 30.615
-269.145 30.501
-269.133 30.386
-269.122 30.272
-269.110 30.157
-269.108 30.135
-269.099 30.043
-269.087 29.928
-269.074 29.814
-269.062 29.700
-269.050 29.585
-269.037 29.471
-269.024 29.356
-269.011 29.242
-268.998 29.127
-268.985 29.013
-268.972 28.898
-268.958 28.784
-268.944 28.670
-268.930 28.555
-268.916 28.441
-268.902 28.326
-268.887 28.212
-268.872 28.097
-268.857 27.983
-268.842 27.868
-268.827 27.754
-268.811 27.639
-268.795 27.525
-268.779 27.411
-268.763 27.296
-268.747 27.182
-268.730 27.067
-268.713 26.953
-268.696 26.838
-268.679 26.724
-268.661 26.609
-268.644 26.495
-268.626 26.381
-268.607 26.266
-268.594 26.186
-268.589 26.152
-268.570 26.037
-268.551 25.923
-268.532 25.808
-268.513 25.694
-268.493 25.579
-268.473 25.465
-268.453 25.351
-268.432 25.236
-268.411 25.122
-268.390 25.007
-268.369 24.893
-268.347 24.778
-268.325 24.664
-268.303 24.549
-268.281 24.435
-268.258 24.320
-268.235 24.206
-268.211 24.092
-268.187 23.977
-268.163 23.863
-268.139 23.748
-268.114 23.634
-268.089 23.519
-268.081 23.482
-268.064 23.405
-268.038 23.290
-268.012 23.176
-267.986 23.062
-267.959 22.947
-267.932 22.833
-267.905 22.718
-267.877 22.604
-267.849 22.489
-267.820 22.375
-267.791 22.260
-267.762 22.146
-267.732 22.031
-267.702 21.917
-267.672 21.803
-267.641 21.688
-267.609 21.574
-267.578 21.459
-267.567 21.423
-267.545 21.345
-267.513 21.230
-267.480 21.116
-267.446 21.001
-267.413 20.887
-267.378 20.773
-267.343 20.658
-267.308 20.544
-267.272 20.429
-267.236 20.315
-267.199 20.200
-267.162 20.086
-267.125 19.971
-267.086 19.857
-267.054 19.760
-267.048 19.742
-267.009 19.628
-266.969 19.514
-266.929 19.399
-266.888 19.285
-266.847 19.170
-266.805 19.056
-266.762 18.941
-266.719 18.827
-266.676 18.712
-266.632 18.598
-266.587 18.484
-266.541 18.369
-266.540 18.366
-266.495 18.255
-266.449 18.140
-266.402 18.026
-266.354 17.911
-266.306 17.797
-266.257 17.682
-266.207 17.568
-266.156 17.454
-266.105 17.339
-266.054 17.225
-266.026 17.166
-266.001 17.110
-265.948 16.996
-265.894 16.881
-265.840 16.767
-265.784 16.652
-265.728 16.538
-265.672 16.423
-265.614 16.309
-265.556 16.195
-265.513 16.112
-265.497 16.080
-265.437 15.966
-265.376 15.851
-265.315 15.737
-265.253 15.622
-265.189 15.508
-265.125 15.393
-265.061 15.279
-264.999 15.172
-264.995 15.165
-264.928 15.050
-264.861 14.936
-264.793 14.821
-264.723 14.707
-264.653 14.592
-264.582 14.478
-264.510 14.363
-264.486 14.326
-264.437 14.249
-264.363 14.134
-264.288 14.020
-264.212 13.906
-264.135 13.791
-264.057 13.677
-263.977 13.562
-263.972 13.555
-263.897 13.448
-263.816 13.333
-263.734 13.219
-263.650 13.104
-263.566 12.990
-263.480 12.876
-263.459 12.848
-263.393 12.761
-263.305 12.647
-263.216 12.532
-263.126 12.418
-263.034 12.303
-262.945 12.194
-262.941 12.189
-262.847 12.074
-262.752 11.960
-262.655 11.845
-262.557 11.731
-262.457 11.617
-262.431 11.587
-262.357 11.502
-262.255 11.388
-262.152 11.273
-262.047 11.159
-261.941 11.044
-261.918 11.020
-261.833 10.930
-261.724 10.815
-261.613 10.701
-261.501 10.587
-261.404 10.489
-261.388 10.472
-261.273 10.358
-261.156 10.243
-261.038 10.129
-260.918 10.014
-260.891 9.989
-260.796 9.900
-260.673 9.785
-260.548 9.671
-260.422 9.557
-260.377 9.517
-260.294 9.442
-260.164 9.328
-260.032 9.213
-259.898 9.099
-259.863 9.070
-259.763 8.984
-259.626 8.870
-259.486 8.755
-259.350 8.645
-259.345 8.641
-259.202 8.526
-259.057 8.412
-258.910 8.298
-258.836 8.241
-258.761 8.183
-258.610 8.069
-258.457 7.954
-258.323 7.855
-258.302 7.840
-258.145 7.725
-257.985 7.611
-257.823 7.496
-257.809 7.487
-257.659 7.382
-257.493 7.268
-257.324 7.153
-257.295 7.134
-257.153 7.039
-256.980 6.924
-256.804 6.810
-256.782 6.796
-256.626 6.695
-256.445 6.581
-256.268 6.471
-256.261 6.466
-256.076 6.352
-255.887 6.237
-255.755 6.159
-255.696 6.123
-255.502 6.009
-255.306 5.894
-255.241 5.857
-255.106 5.780
-254.904 5.665
-254.727 5.567
-254.699 5.551
-254.491 5.436
-254.280 5.322
-254.214 5.287
-254.066 5.207
-253.849 5.093
-253.700 5.016
-253.629 4.979
-253.405 4.864
-253.187 4.754
-253.178 4.750
-252.949 4.635
-252.715 4.521
-252.673 4.501
-252.479 4.406
-252.239 4.292
-252.160 4.255
-251.995 4.177
-251.748 4.063
-251.646 4.017
-251.497 3.948
-251.243 3.834
-251.132 3.786
-250.985 3.720
-250.722 3.605
-250.619 3.561
-250.456 3.491
-250.186 3.376
-250.105 3.343
-249.913 3.262
-249.634 3.147
-249.592 3.130
-249.352 3.033
-249.078 2.924
-249.065 2.918
-248.774 2.804
-248.564 2.723
-248.479 2.690
-248.179 2.575
-248.051 2.527
-247.874 2.461
-247.565 2.346
-247.537 2.336
-247.251 2.232
-247.024 2.151
-246.932 2.117
-246.608 2.003
-246.510 1.969
-246.279 1.888
-245.996 1.792
-245.944 1.774
-245.604 1.660
-245.483 1.620
-245.259 1.545
-244.969 1.451
-244.908 1.431
-244.552 1.316
-244.456 1.286
-244.190 1.202
-243.942 1.125
-243.822 1.087
-243.447 0.973
-243.428 0.967
-243.067 0.858
-242.915 0.814
-242.681 0.744
-242.401 0.663
-242.287 0.629
-241.888 0.515
-241.887 0.515
-241.480 0.401
-241.374 0.371
-241.067 0.286
-240.861 0.230
-240.646 0.172
-240.347 0.092
-240.217 0.057
-239.833 -0.043
-239.781 -0.057
-239.338 -0.172
-239.320 -0.176
-238.886 -0.286
-238.806 -0.306
-238.427 -0.401
-238.293 -0.433
-237.958 -0.515
-237.779 -0.558
-237.482 -0.629
-237.265 -0.680
-236.996 -0.744
-236.752 -0.800
-236.501 -0.858
-236.238 -0.918
-235.996 -0.973
-235.725 -1.033
-235.482 -1.087
-235.211 -1.146
-234.958 -1.202
-234.697 -1.257
-234.423 -1.316
-234.184 -1.366
-233.877 -1.431
-233.670 -1.473
-233.321 -1.545
-233.157 -1.578
-232.753 -1.660
-232.643 -1.681
-232.172 -1.774
-232.129 -1.782
-231.616 -1.881
-231.580 -1.888
-231.102 -1.979
-230.975 -2.003
-230.589 -2.074
-230.356 -2.117
-230.075 -2.168
-229.724 -2.232
-229.562 -2.260
-229.076 -2.346
-229.048 -2.351
-228.534 -2.440
-228.414 -2.461
-228.021 -2.527
-227.736 -2.575
-227.507 -2.613
-227.041 -2.690
-226.994 -2.697
-226.480 -2.780
-226.330 -2.804
-225.966 -2.861
-225.600 -2.918
-225.453 -2.941
-224.939 -3.019
-224.851 -3.033
-224.426 -3.096
-224.082 -3.147
-223.912 -3.172
-223.398 -3.246
-223.291 -3.262
-222.885 -3.319
-222.478 -3.376
-222.371 -3.391
-221.858 -3.461
-221.642 -3.491
-221.344 -3.530
-220.830 -3.598
-220.780 -3.605
-220.317 -3.665
-219.891 -3.720
-219.803 -3.731
-219.290 -3.795
-218.973 -3.834
-218.776 -3.858
-218.263 -3.920
-218.024 -3.948
-217.749 -3.981
-217.235 -4.041
-217.041 -4.063
-216.722 -4.099
-216.208 -4.157
-216.022 -4.177
-215.695 -4.213
-215.181 -4.269
-214.963 -4.292
-214.667 -4.323
-214.154 -4.376
-213.861 -4.406
-213.640 -4.429
-213.127 -4.480
-212.711 -4.521
-212.613 -4.530
-212.099 -4.580
-211.586 -4.628
-211.508 -4.635
-211.072 -4.675
-210.559 -4.722
-210.245 -4.750
-210.045 -4.767
-209.531 -4.812
-209.018 -4.855
-208.915 -4.864
-208.504 -4.898
-207.991 -4.940
-207.508 -4.979
-207.477 -4.981
-206.964 -5.021
-206.450 -5.060
-206.011 -5.093
-205.936 -5.099
-205.423 -5.136
-204.909 -5.173
-204.407 -5.207
-204.396 -5.208
-203.882 -5.243
-203.368 -5.277
-202.855 -5.310
-202.674 -5.322
-202.341 -5.343
-201.828 -5.375
-201.314 -5.405
-200.800 -5.435
-200.780 -5.436
-200.287 -5.464
-199.773 -5.493
-199.260 -5.520
-198.746 -5.547
-198.675 -5.551
-198.232 -5.573
-197.719 -5.599
-197.205 -5.623
-196.692 -5.647
-196.277 -5.665
-196.178 -5.670
-195.665 -5.692
-195.151 -5.713
-194.637 -5.734
-194.124 -5.754
-193.610 -5.773
-193.431 -5.780
-193.097 -5.792
-192.583 -5.810
-192.069 -5.827
-191.556 -5.843
-191.042 -5.858
-190.529 -5.873
-190.015 -5.887
-189.751 -5.894
-189.501 -5.901
-188.988 -5.913
-188.474 -5.925
-187.961 -5.937
-187.447 -5.947
-186.933 -5.957
-186.420 -5.966
-185.906 -5.975
-185.393 -5.982
-184.879 -5.989
-184.366 -5.995
-183.852 -6.001
-183.338 -6.006
-183.003 -6.009
-182.825 -6.010
-182.311 -6.014
-181.798 -6.016
-181.284 -6.018
-180.770 -6.020
-180.257 -6.021
-179.743 -6.021
-179.230 -6.020
-178.716 -6.018
-178.202 -6.016
-177.689 -6.014
-177.175 -6.010
-176.997 -6.009
-176.662 -6.006
-176.148 -6.001
-175.634 -5.995
-175.121 -5.989
-174.607 -5.982
-174.094 -5.975
-173.580 -5.966
-173.067 -5.957
-172.553 -5.947
-172.039 -5.937
-171.526 -5.925
-171.012 -5.913
-170.499 -5.901
-170.249 -5.894
-169.985 -5.887
-169.471 -5.873
-168.958 -5.858
-168.444 -5.843
-167.931 -5.827
-167.417 -5.810
-166.903 -5.792
-166.569 -5.780
-166.390 -5.773
-165.876 -5.754
-165.363 -5.734
-164.849 -5.713
-164.335 -5.692
-163.822 -5.670
-163.723 -5.665
-163.308 -5.647
-162.795 -5.623
-162.281 -5.599
-161.768 -5.573
-161.325 -5.551
-161.254 -5.547
-160.740 -5.520
-160.227 -5.493
-159.713 -5.464
-159.220 -5.436
-159.200 -5.435
-158.686 -5.405
-158.172 -5.375
-157.659 -5.343
-157.326 -5.322
-157.145 -5.310
-156.632 -5.277
-156.118 -5.243
-155.604 -5.208
-155.593 -5.207
-155.091 -5.173
-154.577 -5.136
-154.064 -5.099
-153.989 -5.093
-153.550 -5.060
-153.036 -5.021
-152.523 -4.981
-152.492 -4.979
-152.009 -4.940
-151.496 -4.898
-151.085 -4.864
-150.982 -4.855
-150.469 -4.812
-149.955 -4.767
-149.755 -4.750
-149.441 -4.722
-148.928 -4.675
-148.492 -4.635
-148.414 -4.628
-147.901 -4.580
-147.387 -4.530
-147.289 -4.521
-146.873 -4.480
-146.360 -4.429
-146.139 -4.406
-145.846 -4.376
-145.333 -4.323
-145.037 -4.292
-144.819 -4.269
-144.305 -4.213
-143.978 -4.177
-143.792 -4.157
-143.278 -4.099
-142.959 -4.063
-142.765 -4.041
-142.251 -3.981
-141.976 -3.948
-141.737 -3.920
-141.224 -3.858
-141.027 -3.834
-140.710 -3.795
-140.197 -3.731
-140.109 -3.720
-139.683 -3.665
-139.220 -3.605
-139.170 -3.598
-138.656 -3.530
-138.358 -3.491
-138.142 -3.461
-137.629 -3.391
-137.522 -3.376
-137.115 -3.319
-136.709 -3.262
-136.602 -3.246
-136.088 -3.172
-135.918 -3.147
-135.574 -3.096
-135.149 -3.033
-135.061 -3.019
-134.547 -2.941
-134.400 -2.918
-134.034 -2.861
-133.670 -2.804
-133.520 -2.780
-133.006 -2.697
-132.959 -2.690
-132.493 -2.613
-132.264 -2.575
-131.979 -2.527
-131.586 -2.461
-131.466 -2.440
-130.952 -2.351
-130.924 -2.346
-130.438 -2.260
-130.276 -2.232
-129.925 -2.168
-129.644 -2.117
-129.411 -2.074
-129.025 -2.003
-128.898 -1.979
-128.420 -1.888
-128.384 -1.881
-127.871 -1.782
-127.828 -1.774
-127.357 -1.681
-127.247 -1.660
-126.843 -1.578
-126.679 -1.545
-126.330 -1.473
-126.123 -1.431
-125.816 -1.366
-125.577 -1.316
-125.303 -1.257
-125.042 -1.202
-124.789 -1.146
-124.518 -1.087
-124.275 -1.033
-124.004 -0.973
-123.762 -0.918
-123.499 -0.858
-123.248 -0.800
-123.004 -0.744
-122.735 -0.680
-122.518 -0.629
-122.221 -0.558
-122.042 -0.515
-121.707 -0.433
-121.573 -0.401
-121.194 -0.306
-121.114 -0.286
-120.680 -0.176
-120.662 -0.172
-120.219 -0.057
-120.167 -0.043
-119.783 0.057
-119.653 0.092
-119.354 0.172
-119.139 0.230
-118.933 0.286
-118.626 0.371
-118.520 0.401
-118.113 0.515
-118.112 0.515
-117.713 0.629
-117.599 0.663
-117.319 0.744
-117.085 0.814
-116.933 0.858
-116.572 0.967
-116.553 0.973
-116.178 1.087
-116.058 1.125
-115.810 1.202
-115.544 1.286
-115.448 1.316
-115.092 1.431
-115.031 1.451
-114.741 1.545
-114.517 1.620
-114.396 1.660
-114.056 1.774
-114.004 1.792
-113.721 1.888
-113.490 1.969
-113.392 2.003
-113.068 2.117
-112.976 2.151
-112.749 2.232
-112.463 2.336
-112.435 2.346
-112.126 2.461
-111.949 2.527
-111.821 2.575
-111.521 2.690
-111.436 2.723
-111.226 2.804
-110.935 2.918
-110.922 2.924
-110.648 3.033
-110.408 3.130
-110.366 3.147
-110.087 3.262
-109.895 3.343
-109.814 3.376
-109.544 3.491
-109.381 3.561
-109.278 3.605
-109.015 3.720
-108.868 3.786
-108.757 3.834
-108.503 3.948
-108.354 4.017
-108.252 4.063
-108.005 4.177
-107.840 4.255
-107.761 4.292
-107.521 4.406
-107.327 4.501
-107.285 4.521
-107.051 4.635
-106.822 4.750
-106.813 4.754
-106.595 4.864
-106.371 4.979
-106.300 5.016
-106.151 5.093
-105.934 5.207
-105.786 5.287
-105.720 5.322
-105.509 5.436
-105.301 5.551
-105.273 5.567
-105.096 5.665
-104.894 5.780
-104.759 5.857
-104.694 5.894
-104.498 6.009
-104.304 6.123
-104.245 6.159
-104.113 6.237
-103.924 6.352
-103.739 6.466
-103.732 6.471
-103.555 6.581
-103.374 6.695
-103.218 6.796
-103.196 6.810
-103.020 6.924
-102.847 7.039
-102.705 7.134
-102.676 7.153
-102.507 7.268
-102.341 7.382
-102.191 7.487
-102.177 7.496
-102.015 7.611
-101.855 7.725
-101.698 7.840
-101.677 7.855
-101.543 7.954
-101.390 8.069
-101.239 8.183
-101.164 8.241
-101.090 8.298
-100.943 8.412
-100.798 8.526
-100.655 8.641
-100.650 8.645
-100.514 8.755
-100.374 8.870
-100.237 8.984
-100.137 9.070
-100.102 9.099
-99.968 9.213
-99.836 9.328
-99.706 9.442
-99.623 9.517
-99.578 9.557
-99.452 9.671
-99.327 9.785
-99.204 9.900
-99.109 9.989
-99.082 10.014
-98.962 10.129
-98.844 10.243
-98.727 10.358
-98.612 10.472
-98.596 10.489
-98.499 10.587
-98.387 10.701
-98.276 10.815
-98.167 10.930
-98.082 11.020
-98.059 11.044
-97.953 11.159
-97.848 11.273
-97.745 11.388
-97.643 11.502
-97.569 11.587
-97.543 11.617
-97.443 11.731
-97.345 11.845
-97.248 11.960
-97.153 12.074
-97.059 12.189
-97.055 12.194
-96.966 12.303
-96.874 12.418
-96.784 12.532
-96.695 12.647
-96.607 12.761
-96.541 12.848
-96.520 12.876
-96.434 12.990
-96.350 13.104
-96.266 13.219
-96.184 13.333
-96.103 13.448
-96.028 13.555
-96.023 13.562
-95.943 13.677
-95.865 13.791
-95.788 13.906
-95.712 14.020
-95.637 14.134
-95.563 14.249
-95.514 14.326
-95.490 14.363
-95.418 14.478
-95.347 14.592
-95.277 14.707
-95.207 14.821
-95.139 14.936
-95.072 15.050
-95.005 15.165
-95.001 15.172
-94.939 15.279
-94.875 15.393
-94.811 15.508
-94.747 15.622
-94.685 15.737
-94.624 15.851
-94.563 15.966
-94.503 16.080
-94.487 16.112
-94.444 16.195
-94.386 16.309
-94.328 16.423
-94.272 16.538
-94.216 16.652
-94.160 16.767
-94.106 16.881
-94.052 16.996
-93.999 17.110
-93.974 17.166
-93.946 17.225
-93.895 17.339
-93.844 17.454
-93.793 17.568
-93.743 17.682
-93.694 17.797
-93.646 17.911
-93.598 18.026
-93.551 18.140
-93.505 18.255
-93.460 18.366
-93.459 18.369
-93.413 18.484
-93.368 18.598
-93.324 18.712
-93.281 18.827
-93.238 18.941
-93.195 19.056
-93.153 19.170
-93.112 19.285
-93.071 19.399
-93.031 19.514
-92.991 19.628
-92.952 19.742
-92.946 19.760
-92.914 19.857
-92.875 19.971
-92.838 20.086
-92.801 20.200
-92.764 20.315
-92.728 20.429
-92.692 20.544
-92.657 20.658
-92.622 20.773
-92.587 20.887
-92.554 21.001
-92.520 21.116
-92.487 21.230
-92.455 21.345
-92.433 21.423
-92.422 21.459
-92.391 21.574
-92.359 21.688
-92.328 21.803
-92.298 21.917
-92.268 22.031
-92.238 22.146
-92.209 22.260
-92.180 22.375
-92.151 22.489
-92.123 22.604
-92.095 22.718
-92.068 22.833
-92.041 22.947
-92.014 23.062
-91.988 23.176
-91.962 23.290
-91.936 23.405
-91.919 23.482
-91.911 23.519
-91.886 23.634
-91.861 23.748
-91.837 23.863
-91.813 23.977
-91.789 24.092
-91.765 24.206
-91.742 24.320
-91.719 24.435
-91.697 24.549
-91.675 24.664
-91.653 24.778
-91.631 24.893
-91.610 25.007
-91.589 25.122
-91.568 25.236
-91.547 25.351
-91.527 25.465
-91.507 25.579
-91.487 25.694
-91.468 25.808
-91.449 25.923
-91.430 26.037
-91.411 26.152
-91.406 26.186
-91.393 26.266
-91.374 26.381
-91.356 26.495
-91.339 26.609
-91.321 26.724
-91.304 26.838
-91.287 26.953
-91.270 27.067
-91.253 27.182
-91.237 27.296
-91.221 27.411
-91.205 27.525
-91.189 27.639
-91.173 27.754
-91.158 27.868
-91.143 27.983
-91.128 28.097
-91.113 28.212
-91.098 28.326
-91.084 28.441
-91.070 28.555
-91.056 28.670
-91.042 28.784
-91.028 28.898
-91.015 29.013
-91.002 29.127
-90.989 29.242
-90.976 29.356
-90.963 29.471
-90.950 29.585
-90.938 29.700
-90.926 29.814
-90.913 29.928
-90.901 30.043
-90.892 30.135
-90.890 30.157
-90.878 30.272
-90.867 30.386
-90.855 30.501
-90.844 30.615
-90.833 30.730
-90.822 30.844
-90.811 30.959
-90.801 31.073
-90.790 31.187
-90.780 31.302
-90.770 31.416
-90.760 31.531
-90.750 31.645
-90.740 31.760
-90.730 31.874
-90.721 31.989
-90.711 32.103
-90.702 32.217
-90.693 32.332
-90.684 32.446
-90.675 32.561
-90.666 32.675
-90.657 32.790
-90.648 32.904
-90.640 33.019
-90.632 33.133
-90.623 33.247
-90.615 33.362
-90.607 33.476
-90.599 33.591
-90.591 33.705
-90.584 33.820
-90.576 33.934
-90.568 34.049
-90.561 34.163
-90.554 34.278
-90.546 34.392
-90.539 34.506
-90.532 34.621
-90.525 34.735
-90.518 34.850
-90.512 34.964
-90.505 35.079
-90.498 35.193
-90.492 35.308
-90.485 35.422
-90.479 35.536
-90.473 35.651
-90.466 35.765
-90.460 35.880
-90.454 35.994
-90.448 36.109
-90.443 36.223
-90.437 36.338
-90.431 36.452
-90.425 36.567
-90.420 36.681
-90.414 36.795
-90.409 36.910
-90.404 37.024
-90.398 37.139
-90.393 37.253
-90.388 37.368
-90.383 37.482
-90.378 37.583
-90.378 37.597
-90.373 37.711
-90.368 37.825
-90.363 37.940
-90.358 38.054
-90.354 38.169
-90.349 38.283
-90.345 38.398
-90.340 38.512
-90.336 38.627
-90.331 38.741
-90.327 38.856
-90.323 38.970
-90.318 39.084
-90.314 39.199
-90.310 39.313
-90.306 39.428
-90.302 39.542
-90.298 39.657
-90.294 39.771
-90.290 39.886
-90.286 40.000

-187.961 -5.441
-187.447 -5.452
-186.933 -5.464
-186.420 -5.474
-185.906 -5.483
-185.393 -5.492
-184.879 -5.500
-184.366 -5.507
-183.852 -5.513
-183.338 -5.519
-182.825 -5.523
-182.311 -5.527
-181.798 -5.530
-181.284 -5.533
-180.770 -5.534
-180.257 -5.535
-179.743 -5.535
-179.230 -5.534
-178.716 -5.533
-178.202 -5.530
-177.689 -5.527
-177.175 -5.523
-176.662 -5.519
-176.148 -5.513
-175.634 -5.507
-175.121 -5.500
-174.607 -5.492
-174.094 -5.483
-173.580 -5.474
-173.067 -5.464
-172.553 -5.452
-172.039 -5.441
-171.870 -5.436
-171.526 -5.428
-171.012 -5.415
-170.499 -5.400
-169.985 -5.385
-169.471 -5.369
-168.958 -5.353
-168.444 -5.335
-168.081 -5.322
-167.931 -5.317
-167.417 -5.297
-166.903 -5.277
-166.390 -5.257
-165.876 -5.235
-165.363 -5.212
-165.262 -5.207
-164.849 -5.189
-164.335 -5.164
-163.822 -5.139
-163.308 -5.113
-162.926 -5.093
-162.795 -5.086
-162.281 -5.058
-161.768 -5.030
-161.254 -5.000
-160.895 -4.979
-160.740 -4.969
-160.227 -4.938
-159.713 -4.905
-159.200 -4.872
-159.080 -4.864
-158.686 -4.838
-158.172 -4.803
-157.659 -4.766
-157.428 -4.750
-157.145 -4.729
-156.632 -4.691
-156.118 -4.652
-155.907 -4.635
-155.604 -4.611
-155.091 -4.570
-154.577 -4.528
-154.491 -4.521
-154.064 -4.485
-153.550 -4.440
-153.166 -4.406
-153.036 -4.395
-152.523 -4.348
-152.009 -4.301
-151.917 -4.292
-151.496 -4.252
-150.982 -4.202
-150.735 -4.177
-150.469 -4.151
-149.955 -4.098
-149.613 -4.063
-149.441 -4.045
-148.928 -3.990
-148.543 -3.948
-148.414 -3.934
-147.901 -3.877
-147.521 -3.834
-147.387 -3.819
-146.873 -3.759
-146.541 -3.720
-146.360 -3.698
-145.846 -3.635
-145.601 -3.605
-145.333 -3.571
-144.819 -3.506
-144.698 -3.491
-144.305 -3.439
-143.828 -3.376
-143.792 -3.371
-143.278 -3.302
-142.989 -3.262
-142.765 -3.230
-142.251 -3.158
-142.179 -3.147
-141.737 -3.083
-141.395 -3.033
-141.224 -3.007
-140.710 -2.929
-140.638 -2.918
-140.197 -2.850
-139.904 -2.804
-139.683 -2.769
-139.194 -2.690
-139.170 -2.686
-138.656 -2.600
-138.504 -2.575
-138.142 -2.513
-137.834 -2.461
-137.629 -2.424
-137.185 -2.346
-137.115 -2.334
-136.602 -2.240
-136.553 -2.232
-136.088 -2.145
-135.939 -2.117
-135.574 -2.047
-135.342 -2.003
-135.061 -1.947
-134.762 -1.888
-134.547 -1.845
-134.197 -1.774
-134.034 -1.740
-133.647 -1.660
-133.520 -1.632
-133.111 -1.545
-133.006 -1.522
-132.589 -1.431
-132.493 -1.409
-132.081 -1.316
-131.979 -1.293
-131.585 -1.202
-131.466 -1.173
-131.102 -1.087
-130.952 -1.051
-130.631 -0.973
-130.438 -0.925
-130.172 -0.858
-129.925 -0.795
-129.724 -0.744
-129.411 -0.662
-129.288 -0.629
-128.898 -0.524
-128.863 -0.515
-128.447 -0.401
-128.384 -0.383
-128.042 -0.286
-127.871 -0.236
-127.647 -0.172
-127.357 -0.085
-127.262 -0.057
-126.886 0.057
-126.843 0.071
-126.519 0.172
-126.330 0.233
-126.162 0.286
-125.816 0.400
-125.814 0.401
-125.473 0.515
-125.303 0.574
-125.142 0.629
-124.819 0.744
-124.789 0.755
-124.504 0.858
-124.275 0.944
-124.197 0.973
-123.898 1.087
-123.762 1.141
-123.606 1.202
-123.323 1.316
-123.248 1.347
-123.046 1.431
-122.777 1.545
-122.735 1.564
-122.515 1.660
-122.261 1.774
-122.221 1.792
-122.012 1.888
-121.772 2.003
-121.707 2.035
-121.537 2.117
-121.310 2.232
-121.194 2.292
-121.089 2.346
-120.874 2.461
-120.680 2.568
-120.667 2.575
-120.464 2.690
-120.269 2.804
-120.167 2.867
-120.080 2.918
-119.897 3.033
-119.720 3.147
-119.653 3.192
-119.549 3.262
-119.383 3.376
-119.224 3.491
-119.139 3.554
-119.071 3.605
-118.923 3.720
-118.781 3.834
-118.645 3.948
-118.626 3.965
-118.513 4.063
-118.388 4.177
-118.268 4.292
-118.154 4.406
-118.112 4.451
-118.045 4.521
-117.942 4.635
-117.844 4.750
-117.751 4.864
-117.664 4.979
-117.599 5.070
-117.582 5.093
-117.505 5.207
-117.433 5.322
-117.367 5.436
-117.305 5.551
-117.249 5.665
-117.198 5.780
-117.153 5.894
-117.112 6.009
-117.085 6.096
-117.077 6.123
-117.046 6.237
-117.021 6.352
-117.000 6.466
-116.985 6.581
-116.975 6.695
-116.970 6.810
-116.970 6.924
-116.975 7.039
-116.985 7.153
-117.000 7.268
-117.020 7.382
-117.045 7.496
-117.076 7.611
-117.085 7.641
-117.111 7.725
-117.152 7.840
-117.197 7.954
-117.248 8.069
-117.304 8.183
-117.365 8.298
-117.432 8.412
-117.503 8.526
-117.580 8.641
-117.599 8.667
-117.662 8.755
-117.749 8.870
-117.842 8.984
-117.940 9.099
-118.043 9.213
-118.112 9.286
-118.152 9.328
-118.266 9.442
-118.386 9.557
-118.511 9.671
-118.626 9.772
-118.642 9.785
-118.778 9.900
-118.920 10.014
-119.067 10.129
-119.139 10.183
-119.221 10.243
-119.380 10.358
-119.545 10.472
-119.653 10.545
-119.716 10.587
-119.893 10.701
-120.076 10.815
-120.167 10.871
-120.265 10.930
-120.461 11.044
-120.662 11.159
-120.680 11.169
-120.870 11.273
-121.084 11.388
-121.194 11.445
-121.305 11.502
-121.532 11.617
-121.707 11.703
-121.767 11.731
-122.007 11.845
-122.221 11.944
-122.255 11.960
-122.510 12.074
-122.735 12.173
-122.771 12.189
-123.040 12.303
-123.248 12.390
-123.317 12.418
-123.600 12.532
-123.762 12.596
-123.892 12.647
-124.191 12.761
-124.275 12.793
-124.497 12.876
-124.789 12.982
-124.812 12.990
-125.135 13.104
-125.303 13.163
-125.466 13.219
-125.806 13.333
-125.816 13.337
-126.155 13.448
-126.330 13.504
-126.512 13.562
-126.843 13.666
-126.878 13.677
-127.254 13.791
-127.357 13.822
-127.639 13.906
-127.871 13.973
-128.034 14.020
-128.384 14.119
-128.438 14.134
-128.853 14.249
-128.898 14.261
-129.279 14.363
-129.411 14.399
-129.715 14.478
-129.925 14.532
-130.163 14.592
-130.438 14.662
-130.622 14.707
-130.952 14.788
-131.092 14.821
-131.466 14.910
-131.575 14.936
-131.979 15.029
-132.070 15.050
-132.493 15.146
-132.578 15.165
-133.006 15.259
-133.100 15.279
-133.520 15.369
-133.635 15.393
-134.034 15.477
-134.185 15.508
-134.547 15.582
-134.750 15.622
-135.061 15.684
-135.330 15.737
-135.574 15.784
-135.927 15.851
-136.088 15.882
-136.540 15.966
-136.602 15.977
-137.115 16.070
-137.171 16.080
-137.629 16.161
-137.820 16.195
-138.142 16.250
-138.489 16.309
-138.656 16.337
-139.170 16.422
-139.178 16.423
-139.683 16.505
-139.889 16.538
-140.197 16.587
-140.622 16.652
-140.710 16.666
-141.224 16.744
-141.379 16.767
-141.737 16.820
-142.161 16.881
-142.251 16.894
-142.765 16.967
-142.971 16.996
-143.278 17.038
-143.792 17.108
-143.809 17.110
-144.305 17.176
-144.679 17.225
-144.819 17.243
-145.333 17.308
-145.582 17.339
-145.846 17.372
-146.360 17.434
-146.521 17.454
-146.873 17.496
-147.387 17.555
-147.499 17.568
-147.901 17.614
-148.414 17.671
-148.520 17.682
-148.928 17.727
-149.441 17.782
-149.589 17.797
-149.955 17.835
-150.469 17.887
-150.710 17.911
-150.982 17.938
-151.496 17.988
-151.890 18.026
-152.009 18.037
-152.523 18.085
-153.036 18.131
-153.137 18.140
-153.550 18.177
-154.064 18.221
-154.461 18.255
-154.577 18.265
-155.091 18.307
-155.604 18.348
-155.874 18.369
-156.118 18.388
-156.632 18.428
-157.145 18.466
-157.393 18.484
-157.659 18.503
-158.172 18.539
-158.686 18.574
-159.041 18.598
-159.200 18.609
-159.713 18.642
-160.227 18.674
-160.740 18.706
-160.852 18.712
-161.254 18.736
-161.768 18.766
-162.281 18.795
-162.795 18.823
-162.877 18.827
-163.308 18.850
-163.822 18.876
-164.335 18.901
-164.849 18.925
-165.205 18.941
-165.363 18.949
-165.876 18.971
-166.390 18.993
-166.903 19.014
-167.417 19.034
-167.931 19.053
-168.009 19.056
-168.444 19.071
-168.958 19.089
-169.471 19.106
-169.985 19.122
-170.499 19.137
-171.012 19.151
-171.526 19.164
-171.765 19.170
-172.039 19.177
-172.553 19.189
-173.067 19.200
-173.580 19.210
-174.094 19.220
-174.607 19.228
-175.121 19.236
-175.634 19.243
-176.148 19.250
-176.662 19.255
-177.175 19.260
-177.689 19.264
-178.202 19.267
-178.716 19.269
-179.230 19.271
-179.743 19.271
-180.257 19.271
-180.770 19.271
-181.284 19.269
-181.798 19.267
-182.311 19.264
-182.825 19.260
-183.338 19.255
-183.852 19.250
-184.366 19.243
-184.879 19.236
-185.393 19.228
-185.906 19.220
-186.420 19.210
-186.933 19.200
-187.447 19.189
-187.961 19.177
-188.235 19.170
-188.474 19.164
-188.988 19.151
-189.501 19.137
-190.015 19.122
-190.529 19.106
-191.042 19.089
-191.556 19.071
-191.991 19.056
-192.069 19.053
-192.583 19.034
-193.097 19.014
-193.610 18.993
-194.124 18.971
-194.637 18.949
-194.795 18.941
-195.151 18.925
-195.665 18.901
-196.178 18.876
-196.692 18.850
-197.123 18.827
-197.205 18.823
-197.719 18.795
-198.232 18.766
-198.746 18.736
-199.148 18.712
-199.260 18.706
-199.773 18.674
-200.287 18.642
-200.800 18.609
-200.959 18.598
-201.314 18.574
-201.828 18.539
-202.341 18.503
-202.607 18.484
-202.855 18.466
-203.368 18.428
-203.882 18.388
-204.126 18.369
-204.396 18.348
-204.909 18.307
-205.423 18.265
-205.539 18.255
-205.936 18.221
-206.450 18.177
-206.863 18.140
-206.964 18.131
-207.477 18.085
-207.991 18.037
-208.110 18.026
-208.504 17.988
-209.018 17.938
-209.290 17.911
-209.531 17.887
-210.045 17.835
-210.411 17.797
-210.559 17.782
-211.072 17.727
-211.480 17.682
-211.586 17.671
-212.099 17.614
-212.501 17.568
-212.613 17.555
-213.127 17.496
-213.479 17.454
-213.640 17.434
-214.154 17.372
-214.418 17.339
-214.667 17.308
-215.181 17.243
-215.321 17.225
-215.695 17.176
-216.191 17.110
-216.208 17.108
-216.722 17.038
-217.029 16.996
-217.235 16.967
-217.749 16.894
-217.839 16.881
-218.263 16.820
-218.621 16.767
-218.776 16.744
-219.290 16.666
-219.378 16.652
-219.803 16.587
-220.111 16.538
-220.317 16.505
-220.822 16.423
-220.830 16.422
-221.344 16.337
-221.511 16.309
-221.858 16.250
-222.180 16.195
-222.371 16.161
-222.829 16.080
-222.885 16.070
-223.398 15.977
-223.460 15.966
-223.912 15.882
-224.073 15.851
-224.426 15.784
-224.670 15.737
-224.939 15.684
-225.250 15.622
-225.453 15.582
-225.815 15.508
-225.966 15.477
-226.365 15.393
-226.480 15.369
-226.900 15.279
-226.994 15.259
-227.422 15.165
-227.507 15.146
-227.930 15.050
-228.021 15.029
-228.425 14.936
-228.534 14.910
-228.908 14.821
-229.048 14.788
-229.378 14.707
-229.562 14.662
-229.837 14.592
-230.075 14.532
-230.285 14.478
-230.589 14.399
-230.721 14.363
-231.102 14.261
-231.147 14.249
-231.562 14.134
-231.616 14.119
-231.966 14.020
-232.129 13.973
-232.361 13.906
-232.643 13.822
-232.746 13.791
-233.122 13.677
-233.157 13.666
-233.488 13.562
-233.670 13.504
-233.845 13.448
-234.184 13.337
-234.194 13.333
-234.534 13.219
-234.697 13.163
-234.865 13.104
-235.188 12.990
-235.211 12.982
-235.503 12.876
-235.725 12.793
-235.809 12.761
-236.108 12.647
-236.238 12.596
-236.400 12.532
-236.683 12.418
-236.752 12.390
-236.960 12.303
-237.229 12.189
-237.265 12.173
-237.490 12.074
-237.745 11.960
-237.779 11.944
-237.993 11.845
-238.233 11.731
-238.293 11.703
-238.468 11.617
-238.695 11.502
-238.806 11.445
-238.916 11.388
-239.130 11.273
-239.320 11.169
-239.338 11.159
-239.539 11.044
-239.735 10.930
-239.833 10.871
-239.924 10.815
-240.107 10.701
-240.284 10.587
-240.347 10.545
-240.455 10.472
-240.620 10.358
-240.779 10.243
-240.861 10.183
-240.933 10.129
-241.080 10.014
-241.222 9.900
-241.358 9.785
-241.374 9.772
-241.489 9.671
-241.614 9.557
-241.734 9.442
-241.848 9.328
-241.888 9.286
-241.957 9.213
-242.060 9.099
-242.158 8.984
-242.251 8.870
-242.338 8.755
-242.401 8.667
-242.420 8.641
-242.497 8.526
-242.568 8.412
-242.635 8.298
-242.696 8.183
-242.752 8.069
-242.803 7.954
-242.848 7.840
-242.889 7.725
-242.915 7.641
-242.924 7.611
-242.955 7.496
-242.980 7.382
-243.000 7.268
-243.015 7.153
-243.025 7.039
-243.030 6.924
-243.030 6.810
-243.025 6.695
-243.015 6.581
-243.000 6.466
-242.979 6.352
-242.954 6.237
-242.923 6.123
-242.915 6.096
-242.888 6.009
-242.847 5.894
-242.802 5.780
-242.751 5.665
-242.695 5.551
-242.633 5.436
-242.567 5.322
-242.495 5.207
-242.418 5.093
-242.401 5.070
-242.336 4.979
-242.249 4.864
-242.156 4.750
-242.058 4.635
-241.955 4.521
-241.888 4.451
-241.846 4.406
-241.732 4.292
-241.612 4.177
-241.487 4.063
-241.374 3.965
-241.355 3.948
-241.219 3.834
-241.077 3.720
-240.929 3.605
-240.861 3.554
-240.776 3.491
-240.617 3.376
-240.451 3.262
-240.347 3.192
-240.280 3.147
-240.103 3.033
-239.920 2.918
-239.833 2.867
-239.731 2.804
-239.536 2.690
-239.333 2.575
-239.320 2.568
-239.126 2.461
-238.911 2.346
-238.806 2.292
-238.690 2.232
-238.463 2.117
-238.293 2.035
-238.228 2.003
-237.988 1.888
-237.779 1.792
-237.739 1.774
-237.485 1.660
-237.265 1.564
-237.223 1.545
-236.954 1.431
-236.752 1.347
-236.677 1.316
-236.394 1.202
-236.238 1.141
-236.102 1.087
-235.803 0.973
-235.725 0.944
-235.496 0.858
-235.211 0.755
-235.181 0.744
-234.858 0.629
-234.697 0.574
-234.527 0.515
-234.186 0.401
-234.184 0.400
-233.838 0.286
-233.670 0.233
-233.481 0.172
-233.157 0.071
-233.114 0.057
-232.738 -0.057
-232.643 -0.085
-232.353 -0.172
-232.129 -0.236
-231.958 -0.286
-231.616 -0.383
-231.553 -0.401
-231.137 -0.515
-231.102 -0.524
-230.712 -0.629
-230.589 -0.662
-230.276 -0.744
-230.075 -0.795
-229.828 -0.858
-229.562 -0.925
-229.369 -0.973
-229.048 -1.051
-228.898 -1.087
-228.534 -1.173
-228.415 -1.202
-228.021 -1.293
-227.919 -1.316
-227.507 -1.409
-227.411 -1.431
-226.994 -1.522
-226.889 -1.545
-226.480 -1.632
-226.353 -1.660
-225.966 -1.740
-225.803 -1.774
-225.453 -1.845
-225.238 -1.888
-224.939 -1.947
-224.658 -2.003
-224.426 -2.047
-224.061 -2.117
-223.912 -2.145
-223.447 -2.232
-223.398 -2.240
-222.885 -2.334
-222.815 -2.346
-222.371 -2.424
-222.166 -2.461
-221.858 -2.513
-221.496 -2.575
-221.344 -2.600
-220.830 -2.686
-220.806 -2.690
-220.317 -2.769
-220.096 -2.804
-219.803 -2.850
-219.362 -2.918
-219.290 -2.929
-218.776 -3.007
-218.605 -3.033
-218.263 -3.083
-217.821 -3.147
-217.749 -3.158
-217.235 -3.230
-217.011 -3.262
-216.722 -3.302
-216.208 -3.371
-216.172 -3.376
-215.695 -3.439
-215.302 -3.491
-215.181 -3.506
-214.667 -3.571
-214.399 -3.605
-214.154 -3.635
-213.640 -3.698
-213.459 -3.720
-213.127 -3.759
-212.613 -3.819
-212.479 -3.834
-212.099 -3.877
-211.586 -3.934
-211.457 -3.948
-211.072 -3.990
-210.559 -4.045
-210.387 -4.063
-210.045 -4.098
-209.531 -4.151
-209.265 -4.177
-209.018 -4.202
-208.504 -4.252
-208.083 -4.292
-207.991 -4.301
-207.477 -4.348
-206.964 -4.395
-206.834 -4.406
-206.450 -4.440
-205.936 -4.485
-205.509 -4.521
-205.423 -4.528
-204.909 -4.570
-204.396 -4.611
-204.093 -4.635
-203.882 -4.652
-203.368 -4.691
-202.855 -4.729
-202.572 -4.750
-202.341 -4.766
-201.828 -4.803
-201.314 -4.838
-200.920 -4.864
-200.800 -4.872
-200.287 -4.905
-199.773 -4.938
-199.260 -4.969
-199.105 -4.979
-198.746 -5.000
-198.232 -5.030
-197.719 -5.058
-197.205 -5.086
-197.074 -5.093
-196.692 -5.113
-196.178 -5.139
-195.665 -5.164
-195.151 -5.189
-194.738 -5.207
-194.637 -5.212
-194.124 -5.235
-193.610 -5.257
-193.097 -5.277
-192.583 -5.297
-192.069 -5.317
-191.919 -5.322
-191.556 -5.335
-191.042 -5.353
-190.529 -5.369
-190.015 -5.385
-189.501 -5.400
-188.988 -5.415
-188.474 -5.428
-188.130 -5.436
-187.961 -5.441

-182.311 -4.640
-181.798 -4.644
-181.284 -4.646
-180.770 -4.648
-180.257 -4.649
-179.743 -4.649
-179.230 -4.648
-178.716 -4.646
-178.202 -4.644
-177.689 -4.640
-177.241 -4.635
-177.175 -4.635
-176.662 -4.629
-176.148 -4.622
-175.634 -4.614
-175.121 -4.605
-174.607 -4.595
-174.094 -4.584
-173.580 -4.572
-173.067 -4.559
-172.553 -4.545
-172.039 -4.530
-171.739 -4.521
-171.526 -4.514
-171.012 -4.497
-170.499 -4.479
-169.985 -4.460
-169.471 -4.440
-168.958 -4.418
-168.689 -4.406
-168.444 -4.396
-167.931 -4.372
-167.417 -4.348
-166.903 -4.322
-166.390 -4.295
-166.335 -4.292
-165.876 -4.267
-165.363 -4.238
-164.849 -4.207
-164.362 -4.177
-164.335 -4.176
-163.822 -4.143
-163.308 -4.109
-162.795 -4.074
-162.639 -4.063
-162.281 -4.038
-161.768 -4.000
-161.254 -3.961
-161.096 -3.948
-160.740 -3.920
-160.227 -3.879
-159.713 -3.836
-159.694 -3.834
-159.200 -3.791
-158.686 -3.745
-158.404 -3.720
-158.172 -3.698
-157.659 -3.649
-157.207 -3.605
-157.145 -3.599
-156.632 -3.547
-156.118 -3.494
-156.090 -3.491
-155.604 -3.439
-155.091 -3.382
-155.042 -3.376
-154.577 -3.323
-154.064 -3.263
-154.054 -3.262
-153.550 -3.201
-153.119 -3.147
-153.036 -3.137
-152.523 -3.071
-152.232 -3.033
-152.009 -3.003
-151.496 -2.933
-151.390 -2.918
-150.982 -2.861
-150.587 -2.804
-150.469 -2.786
-149.955 -2.710
-149.821 -2.690
-149.441 -2.631
-149.089 -2.575
-148.928 -2.549
-148.414 -2.465
-148.389 -2.461
-147.901 -2.378
-147.717 -2.346
-147.387 -2.288
-147.074 -2.232
-146.873 -2.195
-146.457 -2.117
-146.360 -2.099
-145.865 -2.003
-145.846 -1.999
-145.333 -1.896
-145.295 -1.888
-144.819 -1.789
-144.748 -1.774
-144.305 -1.678
-144.222 -1.660
-143.792 -1.562
-143.717 -1.545
-143.278 -1.442
-143.231 -1.431
-142.765 -1.316
-142.763 -1.316
-142.313 -1.202
-142.251 -1.185
-141.881 -1.087
-141.737 -1.048
-141.465 -0.973
-141.224 -0.904
-141.066 -0.858
-140.710 -0.752
-140.682 -0.744
-140.313 -0.629
-140.197 -0.592
-139.959 -0.515
-139.683 -0.422
-139.620 -0.401
-139.294 -0.286
-139.170 -0.240
-138.981 -0.172
-138.683 -0.057
-138.656 -0.046
-138.397 0.057
-138.142 0.164
-138.125 0.172
-137.863 0.286
-137.629 0.395
-137.616 0.401
-137.379 0.515
-137.155 0.629
-137.115 0.651
-136.942 0.744
-136.740 0.858
-136.602 0.943
-136.551 0.973
-136.371 1.087
-136.204 1.202
-136.088 1.286
-136.047 1.316
-135.900 1.431
-135.764 1.545
-135.639 1.660
-135.574 1.725
-135.525 1.774
-135.420 1.888
-135.325 2.003
-135.242 2.117
-135.168 2.232
-135.104 2.346
-135.061 2.440
-135.051 2.461
-135.007 2.575
-134.973 2.690
-134.949 2.804
-134.935 2.918
-134.932 3.033
-134.938 3.147
-134.954 3.262
-134.980 3.376
-135.016 3.491
-135.061 3.603
-135.062 3.605
-135.117 3.720
-135.183 3.834
-135.259 3.948
-135.345 4.063
-135.442 4.177
-135.548 4.292
-135.574 4.317
-135.665 4.406
-135.793 4.521
-135.931 4.635
-136.080 4.750
-136.088 4.756
-136.239 4.864
-136.409 4.979
-136.591 5.093
-136.602 5.099
-136.783 5.207
-136.987 5.322
-137.115 5.390
-137.202 5.436
-137.429 5.551
-137.629 5.647
-137.668 5.665
-137.919 5.780
-138.142 5.877
-138.182 5.894
-138.458 6.009
-138.656 6.088
-138.746 6.123
-139.048 6.237
-139.170 6.282
-139.363 6.352
-139.683 6.463
-139.692 6.466
-140.034 6.581
-140.197 6.633
-140.392 6.695
-140.710 6.794
-140.763 6.810
-141.151 6.924
-141.224 6.945
-141.554 7.039
-141.737 7.089
-141.973 7.153
-142.251 7.227
-142.409 7.268
-142.765 7.358
-142.862 7.382
-143.278 7.483
-143.334 7.496
-143.792 7.604
-143.824 7.611
-144.305 7.719
-144.334 7.725
-144.819 7.830
-144.864 7.840
-145.333 7.937
-145.416 7.954
-145.846 8.041
-145.990 8.069
-146.360 8.140
-146.588 8.183
-146.873 8.236
-147.211 8.298
-147.387 8.329
-147.860 8.412
-147.901 8.419
-148.414 8.506
-148.537 8.526
-148.928 8.591
-149.244 8.641
-149.441 8.672
-149.955 8.751
-149.983 8.755
-150.469 8.828
-150.757 8.870
-150.982 8.902
-151.496 8.974
-151.568 8.984
-152.009 9.045
-152.420 9.099
-152.523 9.112
-153.036 9.178
-153.316 9.213
-153.550 9.242
-154.064 9.304
-154.262 9.328
-154.577 9.365
-155.091 9.423
-155.262 9.442
-155.604 9.480
-156.118 9.535
-156.325 9.557
-156.632 9.589
-157.145 9.640
-157.458 9.671
-157.659 9.691
-158.172 9.740
-158.672 9.785
-158.686 9.787
-159.200 9.833
-159.713 9.877
-159.986 9.900
-160.227 9.920
-160.740 9.962
-161.254 10.002
-161.415 10.014
-161.768 10.041
-162.281 10.079
-162.795 10.115
-162.992 10.129
-163.308 10.151
-163.822 10.185
-164.335 10.217
-164.762 10.243
-164.849 10.249
-165.363 10.279
-165.876 10.308
-166.390 10.336
-166.802 10.358
-166.903 10.363
-167.417 10.389
-167.931 10.414
-168.444 10.437
-168.958 10.459
-169.267 10.472
-169.471 10.481
-169.985 10.501
-170.499 10.520
-171.012 10.538
-171.526 10.556
-172.039 10.571
-172.553 10.586
-172.560 10.587
-173.067 10.600
-173.580 10.613
-174.094 10.625
-174.607 10.636
-175.121 10.646
-175.634 10.655
-176.148 10.663
-176.662 10.670
-177.175 10.676
-177.689 10.681
-178.202 10.685
-178.716 10.688
-179.230 10.690
-179.743 10.691
-180.257 10.691
-180.770 10.690
-181.284 10.688
-181.798 10.685
-182.311 10.681
-182.825 10.676
-183.338 10.670
-183.852 10.663
-184.366 10.655
-184.879 10.646
-185.393 10.636
-185.906 10.625
-186.420 10.613
-186.933 10.600
-187.440 10.587
-187.447 10.586
-187.961 10.571
-188.474 10.556
-188.988 10.538
-189.501 10.520
-190.015 10.501
-190.529 10.481
-190.733 10.472
-191.042 10.459
-191.556 10.437
-192.069 10.414
-192.583 10.389
-193.097 10.363
-193.198 10.358
-193.610 10.336
-194.124 10.308
-194.637 10.279
-195.151 10.249
-195.238 10.243
-195.665 10.217
-196.178 10.185
-196.692 10.151
-197.008 10.129
-197.205 10.115
-197.719 10.079
-198.232 10.041
-198.585 10.014
-198.746 10.002
-199.260 9.962
-199.773 9.920
-200.014 9.900
-200.287 9.877
-200.800 9.833
-201.314 9.787
-201.328 9.785
-201.828 9.740
-202.341 9.691
-202.542 9.671
-202.855 9.640
-203.368 9.589
-203.675 9.557
-203.882 9.535
-204.396 9.480
-204.738 9.442
-204.909 9.423
-205.423 9.365
-205.738 9.328
-205.936 9.304
-206.450 9.242
-206.684 9.213
-206.964 9.178
-207.477 9.112
-207.580 9.099
-207.991 9.045
-208.432 8.984
-208.504 8.974
-209.018 8.902
-209.243 8.870
-209.531 8.828
-210.017 8.755
-210.045 8.751
-210.559 8.672
-210.756 8.641
-211.072 8.591
-211.463 8.526
-211.586 8.506
-212.099 8.419
-212.140 8.412
-212.613 8.329
-212.789 8.298
-213.127 8.236
-213.412 8.183
-213.640 8.140
-214.010 8.069
-214.154 8.041
-214.584 7.954
-214.667 7.937
-215.136 7.840
-215.181 7.830
-215.666 7.725
-215.695 7.719
-216.176 7.611
-216.208 7.604
-216.666 7.496
-216.722 7.483
-217.138 7.382
-217.235 7.358
-217.591 7.268
-217.749 7.227
-218.027 7.153
-218.263 7.089
-218.446 7.039
-218.776 6.945
-218.849 6.924
-219.237 6.810
-219.290 6.794
-219.608 6.695
-219.803 6.633
-219.966 6.581
-220.308 6.466
-220.317 6.463
-220.637 6.352
-220.830 6.282
-220.952 6.237
-221.254 6.123
-221.344 6.088
-221.542 6.009
-221.818 5.894
-221.858 5.877
-222.081 5.780
-222.332 5.665
-222.371 5.647
-222.571 5.551
-222.798 5.436
-222.885 5.390
-223.013 5.322
-223.217 5.207
-223.398 5.099
-223.409 5.093
-223.591 4.979
-223.761 4.864
-223.912 4.756
-223.920 4.750
-224.069 4.635
-224.207 4.521
-224.335 4.406
-224.426 4.317
-224.452 4.292
-224.558 4.177
-224.655 4.063
-224.741 3.948
-224.817 3.834
-224.883 3.720
-224.938 3.605
-224.939 3.603
-224.984 3.491
-225.020 3.376
-225.046 3.262
-225.062 3.147
-225.068 3.033
-225.065 2.918
-225.051 2.804
-225.027 2.690
-224.993 2.575
-224.949 2.461
-224.939 2.440
-224.896 2.346
-224.832 2.232
-224.758 2.117
-224.675 2.003
-224.580 1.888
-224.475 1.774
-224.426 1.725
-224.361 1.660
-224.236 1.545
-224.100 1.431
-223.953 1.316
-223.912 1.286
-223.796 1.202
-223.629 1.087
-223.449 0.973
-223.398 0.943
-223.260 0.858
-223.058 0.744
-222.885 0.651
-222.845 0.629
-222.621 0.515
-222.384 0.401
-222.371 0.395
-222.137 0.286
-221.875 0.172
-221.858 0.164
-221.603 0.057
-221.344 -0.046
-221.317 -0.057
-221.019 -0.172
-220.830 -0.240
-220.706 -0.286
-220.380 -0.401
-220.317 -0.422
-220.041 -0.515
-219.803 -0.592
-219.687 -0.629
-219.318 -0.744
-219.290 -0.752
-218.934 -0.858
-218.776 -0.904
-218.535 -0.973
-218.263 -1.048
-218.119 -1.087
-217.749 -1.185
-217.687 -1.202
-217.237 -1.316
-217.235 -1.316
-216.769 -1.431
-216.722 -1.442
-216.283 -1.545
-216.208 -1.562
-215.778 -1.660
-215.695 -1.678
-215.252 -1.774
-215.181 -1.789
-214.705 -1.888
-214.667 -1.896
-214.154 -1.999
-214.135 -2.003
-213.640 -2.099
-213.543 -2.117
-213.127 -2.195
-212.926 -2.232
-212.613 -2.288
-212.283 -2.346
-212.099 -2.378
-211.611 -2.461
-211.586 -2.465
-211.072 -2.549
-210.911 -2.575
-210.559 -2.631
-210.179 -2.690
-210.045 -2.710
-209.531 -2.786
-209.413 -2.804
-209.018 -2.861
-208.610 -2.918
-208.504 -2.933
-207.991 -3.003
-207.768 -3.033
-207.477 -3.071
-206.964 -3.137
-206.881 -3.147
-206.450 -3.201
-205.946 -3.262
-205.936 -3.263
-205.423 -3.323
-204.958 -3.376
-204.909 -3.382
-204.396 -3.439
-203.910 -3.491
-203.882 -3.494
-203.368 -3.547
-202.855 -3.599
-202.793 -3.605
-202.341 -3.649
-201.828 -3.698
-201.596 -3.720
-201.314 -3.745
-200.800 -3.791
-200.306 -3.834
-200.287 -3.836
-199.773 -3.879
-199.260 -3.920
-198.904 -3.948
-198.746 -3.961
-198.232 -4.000
-197.719 -4.038
-197.361 -4.063
-197.205 -4.074
-196.692 -4.109
-196.178 -4.143
-195.665 -4.176
-195.638 -4.177
-195.151 -4.207
-194.637 -4.238
-194.124 -4.267
-193.665 -4.292
-193.610 -4.295
-193.097 -4.322
-192.583 -4.348
-192.069 -4.372
-191.556 -4.396
-191.311 -4.406
-191.042 -4.418
-190.529 -4.440
-190.015 -4.460
-189.501 -4.479
-188.988 -4.497
-188.474 -4.514
-188.261 -4.521
-187.961 -4.530
-187.447 -4.545
-186.933 -4.559
-186.420 -4.572
-185.906 -4.584
-185.393 -4.595
-184.879 -4.605
-184.366 -4.614
-183.852 -4.622
-183.338 -4.629
-182.825 -4.635
-182.759 -4.635
-182.311 -4.640

-183.338 -3.499
-182.825 -3.508
-182.311 -3.515
-181.798 -3.520
-181.284 -3.525
-180.770 -3.527
-180.257 -3.529
-179.743 -3.529
-179.230 -3.527
-178.716 -3.525
-178.202 -3.520
-177.689 -3.515
-177.175 -3.508
-176.662 -3.499
-176.217 -3.491
-176.148 -3.489
-175.634 -3.478
-175.121 -3.466
-174.607 -3.452
-174.094 -3.436
-173.580 -3.419
-173.067 -3.400
-172.553 -3.380
-172.464 -3.376
-172.039 -3.359
-171.526 -3.335
-171.012 -3.311
-170.499 -3.284
-170.088 -3.262
-169.985 -3.256
-169.471 -3.227
-168.958 -3.195
-168.444 -3.162
-168.225 -3.147
-167.931 -3.127
-167.417 -3.091
-166.903 -3.052
-166.658 -3.033
-166.390 -3.012
-165.876 -2.969
-165.363 -2.925
-165.291 -2.918
-164.849 -2.878
-164.335 -2.830
-164.075 -2.804
-163.822 -2.779
-163.308 -2.725
-162.975 -2.690
-162.795 -2.670
-162.281 -2.612
-161.971 -2.575
-161.768 -2.551
-161.254 -2.487
-161.047 -2.461
-160.740 -2.420
-160.227 -2.351
-160.193 -2.346
-159.713 -2.278
-159.399 -2.232
-159.200 -2.201
-158.686 -2.122
-158.659 -2.117
-158.172 -2.037
-157.967 -2.003
-157.659 -1.949
-157.319 -1.888
-157.145 -1.856
-156.712 -1.774
-156.632 -1.758
-156.143 -1.660
-156.118 -1.654
-155.607 -1.545
-155.604 -1.544
-155.104 -1.431
-155.091 -1.427
-154.631 -1.316
-154.577 -1.302
-154.186 -1.202
-154.064 -1.168
-153.769 -1.087
-153.550 -1.023
-153.378 -0.973
-153.036 -0.866
-153.013 -0.858
-152.670 -0.744
-152.523 -0.691
-152.351 -0.629
-152.054 -0.515
-152.009 -0.496
-151.778 -0.401
-151.524 -0.286
-151.496 -0.272
-151.288 -0.172
-151.074 -0.057
-150.982 -0.003
-150.879 0.057
-150.702 0.172
-150.544 0.286
-150.469 0.349
-150.405 0.401
-150.283 0.515
-150.179 0.629
-150.093 0.744
-150.025 0.858
-149.974 0.973
-149.955 1.038
-149.940 1.087
-149.923 1.202
-149.924 1.316
-149.941 1.431
-149.955 1.476
-149.976 1.545
-150.028 1.660
-150.097 1.774
-150.184 1.888
-150.288 2.003
-150.411 2.117
-150.469 2.164
-150.552 2.232
-150.710 2.346
-150.888 2.461
-150.982 2.516
-151.084 2.575
-151.300 2.690
-151.496 2.785
-151.535 2.804
-151.791 2.918
-152.009 3.009
-152.068 3.033
-152.366 3.147
-152.523 3.204
-152.686 3.262
-153.030 3.376
-153.036 3.378
-153.397 3.491
-153.550 3.536
-153.789 3.605
-154.064 3.681
-154.207 3.720
-154.577 3.815
-154.652 3.834
-155.091 3.940
-155.127 3.948
-155.604 4.057
-155.631 4.063
-156.118 4.167
-156.169 4.177
-156.632 4.271
-156.740 4.292
-157.145 4.369
-157.350 4.406
-157.659 4.462
-157.999 4.521
-158.172 4.550
-158.686 4.634
-158.693 4.635
-159.200 4.714
-159.436 4.750
-159.713 4.791
-160.227 4.863
-160.231 4.864
-160.740 4.933
-161.089 4.979
-161.254 5.000
-161.768 5.063
-162.017 5.093
-162.281 5.124
-162.795 5.182
-163.025 5.207
-163.308 5.238
-163.822 5.291
-164.129 5.322
-164.335 5.342
-164.849 5.391
-165.351 5.436
-165.363 5.437
-165.876 5.482
-166.390 5.524
-166.727 5.551
-166.903 5.565
-167.417 5.603
-167.931 5.640
-168.305 5.665
-168.444 5.675
-168.958 5.708
-169.471 5.739
-169.985 5.769
-170.186 5.780
-170.499 5.797
-171.012 5.823
-171.526 5.848
-172.039 5.871
-172.553 5.893
-172.594 5.894
-173.067 5.913
-173.580 5.932
-174.094 5.949
-174.607 5.964
-175.121 5.978
-175.634 5.991
-176.148 6.002
-176.496 6.009
-176.662 6.012
-177.175 6.020
-177.689 6.027
-178.202 6.033
-178.716 6.037
-179.230 6.040
-179.743 6.041
-180.257 6.041
-180.770 6.040
-181.284 6.037
-181.798 6.033
-182.311 6.027
-182.825 6.020
-183.338 6.012
-183.504 6.009
-183.852 6.002
-184.366 5.991
-184.879 5.978
-185.393 5.964
-185.906 5.949
-186.420 5.932
-186.933 5.913
-187.406 5.894
-187.447 5.893
-187.961 5.871
-188.474 5.848
-188.988 5.823
-189.501 5.797
-189.814 5.780
-190.015 5.769
-190.529 5.739
-191.042 5.708
-191.556 5.675
-191.695 5.665
-192.069 5.640
-192.583 5.603
-193.097 5.565
-193.273 5.551
-193.610 5.524
-194.124 5.482
-194.637 5.437
-194.649 5.436
-195.151 5.391
-195.665 5.342
-195.871 5.322
-196.178 5.291
-196.692 5.238
-196.975 5.207
-197.205 5.182
-197.719 5.124
-197.983 5.093
-198.232 5.063
-198.746 5.000
-198.911 4.979
-199.260 4.933
-199.769 4.864
-199.773 4.863
-200.287 4.791
-200.564 4.750
-200.800 4.714
-201.307 4.635
-201.314 4.634
-201.828 4.550
-202.001 4.521
-202.341 4.462
-202.650 4.406
-202.855 4.369
-203.260 4.292
-203.368 4.271
-203.831 4.177
-203.882 4.167
-204.369 4.063
-204.396 4.057
-204.873 3.948
-204.909 3.940
-205.348 3.834
-205.423 3.815
-205.793 3.720
-205.936 3.681
-206.211 3.605
-206.450 3.536
-206.603 3.491
-206.964 3.378
-206.970 3.376
-207.314 3.262
-207.477 3.204
-207.634 3.147
-207.932 3.033
-207.991 3.009
-208.209 2.918
-208.465 2.804
-208.504 2.785
-208.700 2.690
-208.916 2.575
-209.018 2.516
-209.112 2.461
-209.290 2.346
-209.448 2.232
-209.531 2.164
-209.589 2.117
-209.712 2.003
-209.816 1.888
-209.903 1.774
-209.972 1.660
-210.024 1.545
-210.045 1.476
-210.059 1.431
-210.076 1.316
-210.077 1.202
-210.060 1.087
-210.045 1.038
-210.026 0.973
-209.975 0.858
-209.907 0.744
-209.821 0.629
-209.717 0.515
-209.595 0.401
-209.531 0.349
-209.456 0.286
-209.298 0.172
-209.121 0.057
-209.018 -0.003
-208.926 -0.057
-208.712 -0.172
-208.504 -0.272
-208.476 -0.286
-208.222 -0.401
-207.991 -0.496
-207.946 -0.515
-207.649 -0.629
-207.477 -0.691
-207.330 -0.744
-206.987 -0.858
-206.964 -0.866
-206.622 -0.973
-206.450 -1.023
-206.231 -1.087
-205.936 -1.168
-205.814 -1.202
-205.423 -1.302
-205.369 -1.316
-204.909 -1.427
-204.896 -1.431
-204.396 -1.544
-204.393 -1.545
-203.882 -1.654
-203.857 -1.660
-203.368 -1.758
-203.288 -1.774
-202.855 -1.856
-202.681 -1.888
-202.341 -1.949
-202.033 -2.003
-201.828 -2.037
-201.341 -2.117
-201.314 -2.122
-200.800 -2.201
-200.601 -2.232
-200.287 -2.278
-199.807 -2.346
-199.773 -2.351
-199.260 -2.420
-198.953 -2.461
-198.746 -2.487
-198.232 -2.551
-198.029 -2.575
-197.719 -2.612
-197.205 -2.670
-197.025 -2.690
-196.692 -2.725
-196.178 -2.779
-195.925 -2.804
-195.665 -2.830
-195.151 -2.878
-194.709 -2.918
-194.637 -2.925
-194.124 -2.969
-193.610 -3.012
-193.342 -3.033
-193.097 -3.052
-192.583 -3.091
-192.069 -3.127
-191.775 -3.147
-191.556 -3.162
-191.042 -3.195
-190.529 -3.227
-190.015 -3.256
-189.912 -3.262
-189.501 -3.284
-188.988 -3.311
-188.474 -3.335
-187.961 -3.359
-187.536 -3.376
-187.447 -3.380
-186.933 -3.400
-186.420 -3.419
-185.906 -3.436
-185.393 -3.452
-184.879 -3.466
-184.366 -3.478
-183.852 -3.489
-183.783 -3.491
-183.338 -3.499

-182.825 -1.904
-182.311 -1.919
-181.798 -1.930
-181.284 -1.938
-180.770 -1.944
-180.257 -1.947
-179.743 -1.947
-179.230 -1.944
-178.716 -1.938
-178.202 -1.930
-177.689 -1.919
-177.175 -1.904
-176.705 -1.888
-176.662 -1.887
-176.148 -1.867
-175.634 -1.844
-175.121 -1.818
-174.607 -1.788
-174.392 -1.774
-174.094 -1.755
-173.580 -1.718
-173.067 -1.677
-172.862 -1.660
-172.553 -1.632
-172.039 -1.583
-171.673 -1.545
-171.526 -1.529
-171.012 -1.470
-170.694 -1.431
-170.499 -1.405
-169.985 -1.334
-169.863 -1.316
-169.471 -1.255
-169.146 -1.202
-168.958 -1.168
-168.524 -1.087
-168.444 -1.071
-167.979 -0.973
-167.931 -0.961
-167.502 -0.858
-167.417 -0.835
-167.085 -0.744
-166.903 -0.686
-166.725 -0.629
-166.416 -0.515
-166.390 -0.504
-166.151 -0.401
-165.933 -0.286
-165.876 -0.249
-165.756 -0.172
-165.620 -0.057
-165.525 0.057
-165.469 0.172
-165.451 0.286
-165.471 0.401
-165.529 0.515
-165.627 0.629
-165.765 0.744
-165.876 0.815
-165.944 0.858
-166.164 0.973
-166.390 1.070
-166.431 1.087
-166.743 1.202
-166.903 1.253
-167.107 1.316
-167.417 1.402
-167.527 1.431
-167.931 1.528
-168.007 1.545
-168.444 1.637
-168.555 1.660
-168.958 1.735
-169.183 1.774
-169.471 1.822
-169.905 1.888
-169.985 1.900
-170.499 1.972
-170.743 2.003
-171.012 2.036
-171.526 2.096
-171.732 2.117
-172.039 2.150
-172.553 2.199
-172.934 2.232
-173.067 2.243
-173.580 2.284
-174.094 2.321
-174.489 2.346
-174.607 2.354
-175.121 2.384
-175.634 2.410
-176.148 2.433
-176.662 2.453
-176.889 2.461
-177.175 2.470
-177.689 2.485
-178.202 2.496
-178.716 2.505
-179.230 2.510
-179.743 2.513
-180.257 2.513
-180.770 2.510
-181.284 2.505
-181.798 2.496
-182.311 2.485
-182.825 2.470
-183.111 2.461
-183.338 2.453
-183.852 2.433
-184.366 2.410
-184.879 2.384
-185.393 2.354
-185.511 2.346
-185.906 2.321
-186.420 2.284
-186.933 2.243
-187.066 2.232
-187.447 2.199
-187.961 2.150
-188.268 2.117
-188.474 2.096
-188.988 2.036
-189.257 2.003
-189.501 1.972
-190.015 1.900
-190.095 1.888
-190.529 1.822
-190.817 1.774
-191.042 1.735
-191.445 1.660
-191.556 1.637
-191.993 1.545
-192.069 1.528
-192.473 1.431
-192.583 1.402
-192.893 1.316
-193.097 1.253
-193.257 1.202
-193.569 1.087
-193.610 1.070
-193.836 0.973
-194.056 0.858
-194.124 0.815
-194.235 0.744
-194.373 0.629
-194.471 0.515
-194.529 0.401
-194.549 0.286
-194.531 0.172
-194.475 0.057
-194.380 -0.057
-194.244 -0.172
-194.124 -0.249
-194.067 -0.286
-193.849 -0.401
-193.610 -0.504
-193.584 -0.515
-193.275 -0.629
-193.097 -0.686
-192.915 -0.744
-192.583 -0.835
-192.498 -0.858
-192.069 -0.961
-192.021 -0.973
-191.556 -1.071
-191.476 -1.087
-191.042 -1.168
-190.854 -1.202
-190.529 -1.255
-190.137 -1.316
-190.015 -1.334
-189.501 -1.405
-189.306 -1.431
-188.988 -1.470
-188.474 -1.529
-188.327 -1.545
-187.961 -1.583
-187.447 -1.632
-187.138 -1.660
-186.933 -1.677
-186.420 -1.718
-185.906 -1.755
-185.608 -1.774
-185.393 -1.788
-184.879 -1.818
-184.366 -1.844
-183.852 -1.867
-183.338 -1.887
-183.295 -1.888
-182.825 -1.904

