u asin m005 f005 m01 f01 m02 f02 m03 f03 m05 f05 m0707 f0707 m1 f1
0.1 0 0.086853 -0.578726 0.085524 -1.15733 0.0802121 -2.31372 0.0713733 -3.46823 0.0432094 -5.76789 -0.000408044 -8.12848 -0.0864275 -11.4212
0.100577 0 0.0878638 -0.582134 0.0865191 -1.16415 0.0811445 -2.32734 0.0722015 -3.48861 0.0437071 -5.80163 -0.000417855 -8.17572 -0.0874232 -11.4867
0.101158 0 0.0888864 -0.585564 0.0875258 -1.17101 0.0820877 -2.34103 0.0730393 -3.50911 0.0442106 -5.83558 -0.000427899 -8.22323 -0.0884304 -11.5525
0.101742 0 0.0899209 -0.589015 0.0885442 -1.17791 0.0830419 -2.35482 0.0738869 -3.52974 0.0447198 -5.86974 -0.00043818 -8.27103 -0.0894491 -11.6188
0.102329 0 0.0909676 -0.592487 0.0895746 -1.18485 0.0840073 -2.36868 0.0747443 -3.5505 0.0452348 -5.90409 -0.000448704 -8.31911 -0.0904795 -11.6854
0.10292 0 0.0920265 -0.59598 0.090617 -1.19183 0.084984 -2.38263 0.0756117 -3.57138 0.0457557 -5.93866 -0.000459476 -8.36747 -0.0915217 -11.7524
0.103514 0 0.0930977 -0.599495 0.0916717 -1.19886 0.085972 -2.39667 0.0764892 -3.59239 0.0462826 -5.97343 -0.000470504 -8.41611 -0.0925759 -11.8198
0.104112 0 0.0941816 -0.603031 0.0927386 -1.20593 0.0869716 -2.41079 0.0773769 -3.61352 0.0468155 -6.00841 -0.000481792 -8.46504 -0.0936421 -11.8875
0.104713 0 0.0952781 -0.606589 0.0938181 -1.21304 0.0879829 -2.425 0.0782749 -3.63479 0.0473545 -6.0436 -0.000493347 -8.51426 -0.0947205 -11.9556
0.105317 0 0.0963874 -0.610169 0.0949101 -1.2202 0.0890059 -2.43929 0.0791834 -3.65618 0.0478997 -6.07901 -0.000505174 -8.56377 -0.0958113 -12.0242
0.105925 0 0.0975098 -0.613771 0.096015 -1.2274 0.0900409 -2.45368 0.0801024 -3.67771 0.0484512 -6.11463 -0.000517281 -8.61357 -0.0969146 -12.0931
0.106537 0 0.0986453 -0.617395 0.0971328 -1.23465 0.091088 -2.46815 0.0810321 -3.69937 0.0490089 -6.15046 -0.000529674 -8.66367 -0.0980305 -12.1624
0.107152 0 0.099794 -0.621042 0.0982636 -1.24194 0.0921474 -2.48271 0.0819727 -3.72116 0.049573 -6.18651 -0.00054236 -8.71406 -0.0991592 -12.232
0.107771 0 0.100956 -0.624711 0.0994077 -1.24927 0.0932191 -2.49736 0.0829242 -3.74308 0.0501436 -6.22277 -0.000555345 -8.76475 -0.100301 -12.3021
0.108393 0 0.102132 -0.628403 0.100565 -1.25665 0.0943033 -2.5121 0.0838867 -3.76514 0.0507207 -6.25926 -0.000568637 -8.81574 -0.101455 -12.3726
0.109018 0 0.103322 -0.632117 0.101736 -1.26408 0.0954002 -2.52693 0.0848605 -3.78733 0.0513044 -6.29596 -0.000582242 -8.86702 -0.102623 -12.4435
0.109648 0 0.104525 -0.635855 0.102921 -1.27155 0.0965099 -2.54185 0.0858456 -3.80966 0.0518948 -6.33289 -0.000596169 -8.91862 -0.103805 -12.5147
0.110281 0 0.105743 -0.639615 0.10412 -1.27907 0.0976325 -2.55687 0.0868421 -3.83213 0.0524919 -6.37004 -0.000610423 -8.97051 -0.104999 -12.5864
0.110917 0 0.106975 -0.643399 0.105332 -1.28664 0.0987683 -2.57198 0.0878503 -3.85473 0.0530958 -6.40742 -0.000625015 -9.02272 -0.106208 -12.6585
0.111558 0 0.108221 -0.647207 0.106559 -1.29425 0.0999174 -2.58718 0.0888701 -3.87747 0.0537067 -6.44502 -0.00063995 -9.07523 -0.10743 -12.7309
0.112202 0 0.109482 -0.651038 0.1078 -1.30191 0.10108 -2.60247 0.0899019 -3.90036 0.0543245 -6.48285 -0.000655238 -9.12805 -0.108666 -12.8038
0.11285 0 0.110758 -0.654892 0.109056 -1.30961 0.102256 -2.61786 0.0909457 -3.92338 0.0549494 -6.52091 -0.000670886 -9.18118 -0.109917 -12.8771
0.113501 0 0.112049 -0.658771 0.110327 -1.31737 0.103446 -2.63335 0.0920016 -3.94655 0.0555814 -6.5592 -0.000686903 -9.23463 -0.111181 -12.9508
0.114156 0 0.113355 -0.662674 0.111612 -1.32517 0.10465 -2.64893 0.0930698 -3.96986 0.0562206 -6.59772 -0.000703297 -9.2884 -0.11246 -13.025
0.114815 0 0.114676 -0.666601 0.112913 -1.33302 0.105867 -2.6646 0.0941504 -3.99331 0.0568671 -6.63648 -0.000720078 -9.34248 -0.113754 -13.0995
0.115478 0 0.116013 -0.670553 0.114228 -1.34092 0.107099 -2.68038 0.0952436 -4.01691 0.0575211 -6.67547 -0.000737254 -9.39688 -0.115063 -13.1745
0.116145 0 0.117365 -0.674529 0.11556 -1.34887 0.108346 -2.69625 0.0963496 -4.04065 0.0581824 -6.7147 -0.000754835 -9.45161 -0.116386 -13.2499
0.116815 0 0.118733 -0.678531 0.116906 -1.35687 0.109607 -2.71222 0.0974684 -4.06454 0.0588514 -6.75416 -0.00077283 -9.50666 -0.117725 -13.3257
0.11749 0 0.120118 -0.682557 0.118269 -1.36492 0.110883 -2.72829 0.0986002 -4.08858 0.0595279 -6.79387 -0.00079125 -9.56204 -0.119079 -13.4019
0.118168 0 0.121518 -0.686608 0.119648 -1.37302 0.112174 -2.74446 0.0997453 -4.11277 0.0602122 -6.83382 -0.000810103 -9.61774 -0.120448 -13.4786
0.11885 0 0.122935 -0.690685 0.121042 -1.38117 0.113479 -2.76073 0.100904 -4.1371 0.0609043 -6.87401 -0.000829399 -9.67377 -0.121833 -13.5556
0.119536 0 0.124369 -0.694787 0.122453 -1.38937 0.1148 -2.77711 0.102075 -4.16159 0.0616042 -6.91445 -0.000849151 -9.73014 -0.123234 -13.6332
0.120226 0 0.125819 -0.698915 0.123881 -1.39762 0.116137 -2.79358 0.103261 -4.18623 0.0623122 -6.95513 -0.000869367 -9.78684 -0.124651 -13.7111
0.120921 0 0.127287 -0.703069 0.125326 -1.40593 0.117489 -2.81016 0.10446 -4.21103 0.0630282 -6.99606 -0.000890059 -9.84388 -0.126084 -13.7895
0.121619 0 0.128772 -0.707249 0.126787 -1.41428 0.118857 -2.82684 0.105674 -4.23597 0.0637524 -7.03725 -0.000911238 -9.90125 -0.127533 -13.8684
0.122321 0 0.130274 -0.711455 0.128265 -1.42269 0.120241 -2.84363 0.106901 -4.26108 0.0644848 -7.07868 -0.000932916 -9.95897 -0.128999 -13.9476
0.123027 0 0.131794 -0.715688 0.129761 -1.43115 0.121642 -2.86052 0.108143 -4.28634 0.0652256 -7.12037 -0.000955103 -10.017 -0.130481 -14.0274
0.123737 0 0.133331 -0.719947 0.131275 -1.43967 0.123058 -2.87752 0.109399 -4.31175 0.0659748 -7.16231 -0.000977813 -10.0754 -0.131981 -14.1075
0.124451 0 0.134887 -0.724233 0.132806 -1.44824 0.124492 -2.89462 0.11067 -4.33733 0.0667325 -7.20451 -0.00100106 -10.1342 -0.133497 -14.1881
0.12517 0 0.136461 -0.728547 0.134355 -1.45686 0.125942 -2.91183 0.111955 -4.36306 0.0674989 -7.24697 -0.00102485 -10.1933 -0.135031 -14.2692
0.125893 0 0.138054 -0.732887 0.135923 -1.46553 0.127409 -2.92915 0.113256 -4.38896 0.068274 -7.28968 -0.0010492 -10.2527 -0.136583 -14.3507
0.126619 0 0.139665 -0.737255 0.137509 -1.47427 0.128893 -2.94658 0.114572 -4.41502 0.0690579 -7.33266 -0.00107412 -10.3125 -0.138152 -14.4327
0.12735 0 0.141296 -0.741651 0.139113 -1.48305 0.130395 -2.96412 0.115903 -4.44124 0.0698507 -7.37591 -0.00109963 -10.3727 -0.139739 -14.5151
0.128086 0 0.142945 -0.746074 0.140737 -1.4919 0.131914 -2.98177 0.11725 -4.46762 0.0706526 -7.41942 -0.00112574 -10.4332 -0.141344 -14.598
0.128825 0 0.144614 -0.750526 0.142379 -1.50079 0.133451 -2.99953 0.118612 -4.49417 0.0714636 -7.46319 -0.00115246 -10.4941 -0.142967 -14.6814
0.129569 0 0.146303 -0.755006 0.144041 -1.50975 0.135006 -3.01741 0.11999 -4.52089 0.0722837 -7.50724 -0.00117981 -10.5553 -0.144609 -14.7652
0.130317 0 0.148011 -0.759514 0.145723 -1.51876 0.13658 -3.03539 0.121384 -4.54778 0.0731133 -7.55155 -0.0012078 -10.617 -0.146269 -14.8495
0.131069 0 0.14974 -0.764051 0.147424 -1.52783 0.138172 -3.05349 0.122795 -4.57483 0.0739522 -7.59614 -0.00123645 -10.6789 -0.147948 -14.9343
0.131826 0 0.151489 -0.768617 0.149145 -1.53696 0.139782 -3.07171 0.124222 -4.60206 0.0748007 -7.64101 -0.00126578 -10.7413 -0.149647 -15.0195
0.132587 0 0.153258 -0.773212 0.150886 -1.54614 0.141411 -3.09004 0.125665 -4.62945 0.0756588 -7.68615 -0.00129579 -10.804 -0.151365 -15.1052
0.133352 0 0.155049 -0.777837 0.152648 -1.55539 0.14306 -3.10848 0.127126 -4.65702 0.0765266 -7.73157 -0.00132651 -10.8671 -0.153102 -15.1914
0.134122 0 0.15686 -0.782491 0.154431 -1.56469 0.144728 -3.12705 0.128603 -4.68477 0.0774043 -7.77727 -0.00135795 -10.9305 -0.154859 -15.2781
0.134896 0 0.158693 -0.787174 0.156235 -1.57405 0.146415 -3.14573 0.130098 -4.71269 0.078292 -7.82326 -0.00139013 -10.9944 -0.156636 -15.3652
0.135675 0 0.160548 -0.791888 0.15806 -1.58347 0.148122 -3.16453 0.13161 -4.74078 0.0791897 -7.86952 -0.00142306 -11.0586 -0.158434 -15.4529
0.136458 0 0.162424 -0.796632 0.159906 -1.59296 0.14985 -3.18345 0.13314 -4.76906 0.0800977 -7.91608 -0.00145677 -11.1232 -0.160251 -15.541
0.137246 0 0.164323 -0.801407 0.161774 -1.6025 0.151597 -3.2025 0.134688 -4.79751 0.0810159 -7.96292 -0.00149127 -11.1882 -0.16209 -15.6296
0.138038 0 0.166243 -0.806212 0.163665 -1.6121 0.153365 -3.22166 0.136253 -4.82614 0.0819445 -8.01005 -0.00152658 -11.2536 -0.163949 -15.7187
0.138835 0 0.168187 -0.811048 0.165577 -1.62177 0.155154 -3.24095 0.137837 -4.85496 0.0828837 -8.05748 -0.00156271 -11.3194 -0.16583 -15.8083
0.139637 0 0.170154 -0.815915 0.167512 -1.6315 0.156964 -3.26036 0.13944 -4.88396 0.0838335 -8.1052 -0.0015997 -11.3856 -0.167731 -15.8984
0.140443 0 0.172143 -0.820814 0.16947 -1.64129 0.158795 -3.27989 0.141061 -4.91314 0.0847941 -8.15322 -0.00163755 -11.4521 -0.169655 -15.989
0.141254 0 0.174157 -0.825744 0.171451 -1.65115 0.160648 -3.29955 0.142701 -4.94251 0.0857655 -8.20153 -0.0016763 -11.5191 -0.1716 -16.0801
0.142069 0 0.176194 -0.830706 0.173456 -1.66106 0.162522 -3.31934 0.14436 -4.97207 0.0867479 -8.25015 -0.00171595 -11.5864 -0.173567 -16.1717
0.142889 0 0.178255 -0.835701 0.175484 -1.67105 0.164419 -3.33925 0.146039 -5.00181 0.0877415 -8.29907 -0.00175653 -11.6542 -0.175557 -16.2638
0.143714 0 0.18034 -0.840727 0.177536 -1.68109 0.166337 -3.3593 0.147737 -5.03175 0.0887463 -8.34829 -0.00179806 -11.7224 -0.177569 -16.3565
0.144544 0 0.18245 -0.845787 0.179612 -1.69121 0.168279 -3.37947 0.149455 -5.06188 0.0897625 -8.39783 -0.00184057 -11.791 -0.179604 -16.4496
0.145378 0 0.184585 -0.850879 0.181713 -1.70138 0.170243 -3.39977 0.151193 -5.0922 0.0907902 -8.44767 -0.00188407 -11.86 -0.181662 -16.5432
0.146218 0 0.186745 -0.856005 0.183839 -1.71163 0.17223 -3.4202 0.152952 -5.12272 0.0918294 -8.49782 -0.0019286 -11.9294 -0.183744 -16.6374
0.147062 0 0.188931 -0.861163 0.185989 -1.72194 0.174241 -3.44077 0.154731 -5.15343 0.0928805 -8.54829 -0.00197417 -11.9992 -0.185849 -16.7321
0.147911 0 0.191143 -0.866356 0.188165 -1.73232 0.176275 -3.46147 0.15653 -5.18434 0.0939434 -8.59907 -0.00202081 -12.0695 -0.187978 -16.8273
0.148765 0 0.193381 -0.871582 0.190367 -1.74276 0.178334 -3.4823 0.158351 -5.21544 0.0950183 -8.65017 -0.00206854 -12.1401 -0.190131 -16.9231
0.149624 0 0.195645 -0.876843 0.192595 -1.75328 0.180416 -3.50327 0.160193 -5.24675 0.0961054 -8.70159 -0.00211739 -12.2112 -0.192308 -17.0193
0.150487 0 0.197937 -0.882138 0.194849 -1.76386 0.182523 -3.52438 0.162057 -5.27826 0.0972047 -8.75334 -0.00216738 -12.2827 -0.19451 -17.1161
0.151356 0 0.200255 -0.887468 0.19713 -1.77451 0.184655 -3.54562 0.163942 -5.30998 0.0983164 -8.80541 -0.00221855 -12.3547 -0.196737 -17.2135
0.15223 0 0.202601 -0.892833 0.199438 -1.78523 0.186812 -3.56701 0.165849 -5.3419 0.0994407 -8.8578 -0.00227092 -12.4271 -0.198989 -17.3114
0.153109 0 0.204974 -0.898233 0.201774 -1.79603 0.188994 -3.58853 0.167779 -5.37403 0.100578 -8.91053 -0.00232451 -12.4999 -0.201267 -17.4098
0.153993 0 0.207376 -0.903669 0.204137 -1.80689 0.191203 -3.61019 0.169731 -5.40636 0.101727 -8.96359 -0.00237936 -12.5732 -0.203571 -17.5087
0.154882 0 0.209806 -0.909141 0.206527 -1.81782 0.193437 -3.632 0.171706 -5.43891 0.10289 -9.01698 -0.0024355 -12.6469 -0.2059 -17.6082
0.155776 0 0.212265 -0.914649 0.208947 -1.82883 0.195697 -3.65394 0.173704 -5.47166 0.104066 -9.07072 -0.00249295 -12.721 -0.208256 -17.7083
0.156675 0 0.214754 -0.920193 0.211395 -1.83991 0.197984 -3.67604 0.175726 -5.50463 0.105255 -9.12479 -0.00255174 -12.7956 -0.210638 -17.8089
0.15758 0 0.217271 -0.925774 0.213871 -1.85107 0.200299 -3.69827 0.177771 -5.53782 0.106457 -9.1792 -0.00261192 -12.8706 -0.213048 -17.91
0.158489 0 0.219819 -0.931392 0.216378 -1.86229 0.20264 -3.72066 0.17984 -5.57122 0.107673 -9.23396 -0.0026735 -12.9461 -0.215485 -18.0117
0.159404 0 0.222397 -0.937048 0.218914 -1.87359 0.205009 -3.74319 0.181933 -5.60484 0.108903 -9.28906 -0.00273653 -13.0221 -0.217949 -18.114
0.160325 0 0.225005 -0.942741 0.22148 -1.88497 0.207406 -3.76587 0.184051 -5.63868 0.110147 -9.34452 -0.00280103 -13.0985 -0.220441 -18.2168
0.16125 0 0.227645 -0.948472 0.224076 -1.89643 0.209831 -3.7887 0.186193 -5.67275 0.111404 -9.40033 -0.00286704 -13.1754 -0.222961 -18.3202
0.162181 0 0.230316 -0.954242 0.226704 -1.90795 0.212285 -3.81169 0.188361 -5.70703 0.112676 -9.45649 -0.0029346 -13.2527 -0.225509 -18.4242
0.163117 0 0.233018 -0.96005 0.229362 -1.91956 0.214768 -3.83482 0.190554 -5.74154 0.113961 -9.51301 -0.00300374 -13.3305 -0.228087 -18.5287
0.164059 0 0.235753 -0.965897 0.232052 -1.93125 0.217281 -3.85811 0.192772 -5.77628 0.115262 -9.56989 -0.00307449 -13.4088 -0.230693 -18.6338
0.165006 0 0.238521 -0.971783 0.234775 -1.94301 0.219823 -3.88156 0.195017 -5.81125 0.116577 -9.62713 -0.00314691 -13.4876 -0.233329 -18.7395
0.165959 0 0.241321 -0.977709 0.237529 -1.95485 0.222395 -3.90516 0.197288 -5.84645 0.117906 -9.68474 -0.00322102 -13.5668 -0.235994 -18.8457
0.166917 0 0.244154 -0.983675 0.240316 -1.96677 0.224997 -3.92892 0.199585 -5.88188 0.119251 -9.74272 -0.00329686 -13.6465 -0.23869 -18.9525
0.16788 0 0.247022 -0.989681 0.243137 -1.97877 0.22763 -3.95284 0.201909 -5.91755 0.12061 -9.80106 -0.00337448 -13.7267 -0.241415 -19.0599
0.16885 0 0.249923 -0.995728 0.24599 -1.99085 0.230295 -3.97691 0.204261 -5.95345 0.121985 -9.85979 -0.00345392 -13.8074 -0.244172 -19.1679
0.169824 0 0.252859 -1.00182 0.248878 -2.00302 0.232991 -4.00115 0.20664 -5.98959 0.123376 -9.91888 -0.00353521 -13.8885 -0.246959 -19.2765
0.170805 0 0.25583 -1.00794 0.2518 -2.01527 0.235718 -4.02556 0.209047 -6.02597 0.124781 -9.97836 -0.00361841 -13.9702 -0.249778 -19.3857
0.171791 0 0.258837 -1.01411 0.254758 -2.02759 0.238479 -4.05012 0.211482 -6.0626 0.126203 -10.0382 -0.00370355 -14.0524 -0.252629 -19.4955
0.172783 0 0.261879 -1.02033 0.25775 -2.04001 0.241271 -4.07486 0.213945 -6.09947 0.12764 -10.0985 -0.00379069 -14.135 -0.255512 -19.6059
0.17378 0 0.264958 -1.02658 0.260778 -2.05251 0.244097 -4.09976 0.216438 -6.13658 0.129094 -10.1591 -0.00387986 -14.2182 -0.258427 -19.7168
0.174783 0 0.268073 -1.03288 0.263842 -2.06509 0.246956 -4.12483 0.21896 -6.17394 0.130564 -10.2201 -0.00397112 -14.3019 -0.261375 -19.8284
0.175792 0 0.271226 -1.03922 0.266942 -2.07776 0.24985 -4.15007 0.221511 -6.21156 0.13205 -10.2815 -0.00406451 -14.3861 -0.264356 -19.9406
0.176807 0 0.274416 -1.0456 0.27008 -2.09051 0.252777 -4.17548 0.224092 -6.24942 0.133552 -10.3434 -0.00416009 -14.4707 -0.26737 -20.0534
0.177828 0 0.277644 -1.05203 0.273255 -2.10336 0.255739 -4.20106 0.226703 -6.28754 0.135072 -10.4056 -0.00425791 -14.556 -0.270418 -20.1668
0.178855 0 0.280911 -1.0585 0.276467 -2.11629 0.258737 -4.22682 0.229345 -6.32592 0.136608 -10.4682 -0.00435801 -14.6417 -0.273501 -20.2808
0.179887 0 0.284217 -1.06502 0.279719 -2.12931 0.26177 -4.25275 0.232018 -6.36456 0.138162 -10.5312 -0.00446045 -14.7279 -0.276618 -20.3954
0.180926 0 0.287563 -1.07158 0.283009 -2.14242 0.264838 -4.27886 0.234723 -6.40346 0.139733 -10.5947 -0.00456528 -14.8147 -0.27977 -20.5107
0.18197 0 0.290949 -1.07819 0.286338 -2.15562 0.267944 -4.30515 0.237459 -6.44262 0.141321 -10.6585 -0.00467257 -14.902 -0.282957 -20.6265
0.183021 0 0.294375 -1.08484 0.289707 -2.16891 0.271086 -4.33162 0.240227 -6.48205 0.142927 -10.7228 -0.00478236 -14.9899 -0.286181 -20.743
0.184077 0 0.297842 -1.09154 0.293116 -2.18229 0.274265 -4.35828 0.243028 -6.52174 0.144551 -10.7875 -0.00489472 -15.0783 -0.28944 -20.8602
0.18514 0 0.301351 -1.09829 0.296567 -2.19577 0.277483 -4.38511 0.245861 -6.5617 0.146193 -10.8526 -0.00500971 -15.1672 -0.292735 -20.9779
0.186209 0 0.304901 -1.10508 0.300058 -2.20934 0.280738 -4.41214 0.248728 -6.60194 0.147853 -10.9181 -0.00512739 -15.2567 -0.296068 -21.0963
0.187284 0 0.308495 -1.11192 0.303591 -2.22301 0.284032 -4.43934 0.251628 -6.64245 0.149532 -10.9841 -0.00524781 -15.3467 -0.299438 -21.2154
0.188365 0 0.312131 -1.11881 0.307167 -2.23677 0.287366 -4.46674 0.254563 -6.68324 0.151229 -11.0504 -0.00537105 -15.4373 -0.302846 -21.335
0.189452 0 0.315811 -1.12575 0.310785 -2.25063 0.290739 -4.49433 0.257532 -6.72431 0.152945 -11.1173 -0.00549717 -15.5284 -0.306291 -21.4554
0.190546 0 0.319536 -1.13273 0.314447 -2.26458 0.294152 -4.52211 0.260536 -6.76566 0.15468 -11.1845 -0.00562623 -15.6201 -0.309775 -21.5763
0.191646 0 0.323305 -1.13977 0.318153 -2.27863 0.297605 -4.55008 0.263575 -6.8073 0.156434 -11.2523 -0.00575831 -15.7124 -0.313298 -21.6979
0.192752 0 0.327119 -1.14685 0.321903 -2.29279 0.3011 -4.57825 0.266649 -6.84922 0.158208 -11.3204 -0.00589347 -15.8052 -0.316861 -21.8202
0.193865 0 0.330979 -1.15399 0.325698 -2.30704 0.304637 -4.60662 0.26976 -6.89143 0.160001 -11.389 -0.00603179 -15.8986 -0.320463 -21.9431
0.194984 0 0.334886 -1.16117 0.329538 -2.32139 0.308215 -4.63519 0.272908 -6.93394 0.161814 -11.4581 -0.00617335 -15.9925 -0.324106 -22.0667
0.19611 0 0.338839 -1.16841 0.333425 -2.33585 0.311837 -4.66395 0.276092 -6.97674 0.163647 -11.5276 -0.0063182 -16.0871 -0.327789 -22.1909
0.197242 0 0.34284 -1.1757 0.337359 -2.3504 0.315501 -4.69292 0.279314 -7.01983 0.165501 -11.5976 -0.00646644 -16.1822 -0.331513 -22.3158
0.198381 0 0.34689 -1.18304 0.34134 -2.36506 0.319209 -4.7221 0.282573 -7.06323 0.167374 -11.668 -0.00661815 -16.2779 -0.335278 -22.4414
0.199526 0 0.350988 -1.19043 0.345368 -2.37983 0.322961 -4.75148 0.285871 -7.10692 0.169269 -11.7389 -0.00677339 -16.3742 -0.339086 -22.5677
0.200678 0 0.355136 -1.19787 0.349445 -2.3947 0.326758 -4.78107 0.289208 -7.15093 0.171184 -11.8103 -0.00693226 -16.4711 -0.342936 -22.6946
0.201837 0 0.359333 -1.20537 0.353571 -2.40968 0.330601 -4.81086 0.292584 -7.19524 0.173121 -11.8822 -0.00709483 -16.5687 -0.346828 -22.8222
0.203002 0 0.363581 -1.21293 0.357747 -2.42476 0.334489 -4.84088 0.296 -7.23986 0.175078 -11.9545 -0.00726121 -16.6668 -0.350765 -22.9504
0.204174 0 0.367881 -1.22053 0.361973 -2.43996 0.338424 -4.8711 0.299456 -7.2848 0.177058 -12.0273 -0.00743146 -16.7655 -0.354744 -23.0794
0.205353 0 0.372232 -1.2282 0.366251 -2.45526 0.342406 -4.90154 0.302953 -7.33005 0.179059 -12.1007 -0.00760569 -16.8648 -0.358768 -23.209
0.206538 0 0.376636 -1.23591 0.370579 -2.47068 0.346435 -4.9322 0.30649 -7.37562 0.181081 -12.1745 -0.00778398 -16.9647 -0.362837 -23.3393
0.20773 0 0.381094 -1.24369 0.37496 -2.4862 0.350512 -4.96308 0.31007 -7.42151 0.183127 -12.2488 -0.00796644 -17.0653 -0.366951 -23.4703
0.20893 0 0.385605 -1.25152 0.379394 -2.50184 0.354639 -4.99419 0.313691 -7.46773 0.185194 -12.3236 -0.00815315 -17.1665 -0.371111 -23.6021
0.210136 0 0.390171 -1.25941 0.383881 -2.5176 0.358814 -5.02551 0.317355 -7.51428 0.187284 -12.3989 -0.00834422 -17.2683 -0.375316 -23.7345
0.211349 0 0.394792 -1.26735 0.388423 -2.53347 0.36304 -5.05707 0.321062 -7.56116 0.189397 -12.4747 -0.00853974 -17.3708 -0.379569 -23.8676
0.212569 0 0.399469 -1.27536 0.393019 -2.54945 0.367316 -5.08885 0.324813 -7.60837 0.191534 -12.551 -0.00873983 -17.4738 -0.383868 -24.0014
0.213796 0 0.404203 -1.28342 0.397671 -2.56555 0.371644 -5.12086 0.328608 -7.65592 0.193693 -12.6278 -0.00894458 -17.5776 -0.388215 -24.1359
0.21503 0 0.408994 -1.29154 0.40238 -2.58178 0.376023 -5.15311 0.332448 -7.70381 0.195876 -12.7052 -0.00915411 -17.6819 -0.392611 -24.2711
0.216272 0 0.413843 -1.29973 0.407145 -2.59812 0.380455 -5.18559 0.336333 -7.75205 0.198083 -12.7831 -0.00936852 -17.787 -0.397055 -24.407
0.21752 0 0.418751 -1.30797 0.411968 -2.61458 0.38494 -5.21831 0.340264 -7.80063 0.200314 -12.8615 -0.00958794 -17.8926 -0.401548 -24.5437
0.218776 0 0.423719 -1.31628 0.416849 -2.63116 0.389479 -5.25127 0.344241 -7.84956 0.202569 -12.9405 -0.00981247 -17.999 -0.40609 -24.681
0.220039 0 0.428747 -1.32464 0.42179 -2.64787 0.394072 -5.28448 0.348265 -7.89885 0.204849 -13.0199 -0.0100422 -18.106 -0.410683 -24.8191
0.221309 0 0.433836 -1.33307 0.426791 -2.6647 0.398721 -5.31793 0.352337 -7.94849 0.207153 -13.1 -0.0102774 -18.2137 -0.415327 -24.9579
0.222587 0 0.438988 -1.34156 0.431852 -2.68166 0.403425 -5.35162 0.356457 -7.99849 0.209483 -13.1806 -0.010518 -18.322 -0.420021 -25.0975
0.223872 0 0.444202 -1.35012 0.436975 -2.69875 0.408186 -5.38557 0.360625 -8.04886 0.211837 -13.2617 -0.0107642 -18.431 -0.424768 -25.2377
0.225165 0 0.449479 -1.35874 0.44216 -2.71596 0.413004 -5.41977 0.364842 -8.0996 0.214218 -13.3434 -0.0110161 -18.5408 -0.429567 -25.3787
0.226464 0 0.454821 -1.36743 0.447408 -2.7333 0.41788 -5.45422 0.369109 -8.1507 0.216624 -13.4257 -0.0112739 -18.6512 -0.434419 -25.5204
0.227772 0 0.460228 -1.37618 0.45272 -2.75078 0.422815 -5.48893 0.373427 -8.20219 0.219056 -13.5085 -0.0115378 -18.7622 -0.439324 -25.6629
0.229087 0 0.465701 -1.385 0.458096 -2.76838 0.427809 -5.5239 0.377795 -8.25405 0.221514 -13.5919 -0.0118077 -18.874 -0.444283 -25.8061
0.230409 0 0.471241 -1.39389 0.463538 -2.78613 0.432863 -5.55914 0.382215 -8.30629 0.223999 -13.6758 -0.012084 -18.9865 -0.449297 -25.9501
0.231739 0 0.476849 -1.40284 0.469047 -2.804 0.437979 -5.59464 0.386687 -8.35892 0.22651 -13.7604 -0.0123667 -19.0997 -0.454366 -26.0948
0.233077 0 0.482525 -1.41186 0.474622 -2.82202 0.443155 -5.6304 0.391212 -8.41193 0.229049 -13.8455 -0.012656 -19.2136 -0.45949 -26.2402
0.234423 0 0.48827 -1.42096 0.480266 -2.84017 0.448395 -5.66644 0.395791 -8.46534 0.231615 -13.9313 -0.012952 -19.3283 -0.464671 -26.3864
0.235776 0 0.494086 -1.43012 0.485978 -2.85846 0.453697 -5.70276 0.400423 -8.51915 0.234208 -14.0176 -0.0132549 -19.4436 -0.469909 -26.5334
0.237137 0 0.499974 -1.43935 0.491761 -2.87689 0.459064 -5.73935 0.40511 -8.57336 0.23683 -14.1046 -0.0135649 -19.5597 -0.475204 -26.6811
0.238506 0 0.505933 -1.44866 0.497614 -2.89546 0.464495 -5.77621 0.409853 -8.62798 0.239479 -14.1921 -0.0138821 -19.6765 -0.480557 -26.8296
0.239883 0 0.511966 -1.45803 0.503538 -2.91418 0.469992 -5.81337 0.414652 -8.68301 0.242157 -14.2803 -0.0142066 -19.7941 -0.485969 -26.9788
0.241268 0 0.518072 -1.46749 0.509536 -2.93305 0.475556 -5.8508 0.419507 -8.73845 0.244863 -14.369 -0.0145388 -19.9124 -0.49144 -27.1288
0.242661 0 0.524254 -1.47701 0.515606 -2.95206 0.481187 -5.88853 0.42442 -8.7943 0.247599 -14.4584 -0.0148786 -20.0314 -0.496971 -27.2796
0.244062 0 0.530512 -1.48661 0.521751 -2.97122 0.486886 -5.92655 0.429391 -8.85059 0.250363 -14.5485 -0.0152264 -20.1512 -0.502562 -27.4312
0.245471 0 0.536846 -1.49628 0.527972 -2.99053 0.492654 -5.96486 0.434421 -8.90729 0.253157 -14.6392 -0.0155822 -20.2718 -0.508214 -27.5835
0.246888 0 0.543259 -1.50604 0.534268 -3.01 0.498492 -6.00347 0.439511 -8.96443 0.255981 -14.7305 -0.0159464 -20.3931 -0.513929 -27.7366
0.248313 0 0.549751 -1.51587 0.540642 -3.02961 0.5044 -6.04238 0.44466 -9.02201 0.258835 -14.8224 -0.016319 -20.5152 -0.519705 -27.8905
0.249747 0 0.556322 -1.52577 0.547095 -3.04939 0.51038 -6.08159 0.449871 -9.08002 0.261718 -14.915 -0.0167003 -20.6381 -0.525544 -28.0452
0.251189 0 0.562975 -1.53576 0.553627 -3.06932 0.516433 -6.12112 0.455143 -9.13848 0.264633 -15.0083 -0.0170904 -20.7617 -0.531448 -28.2006
0.252639 0 0.56971 -1.54583 0.560239 -3.08941 0.52256 -6.16095 0.460478 -9.19739 0.267578 -15.1023 -0.0174896 -20.8862 -0.537415 -28.3569
0.254097 0 0.576528 -1.55597 0.566933 -3.10966 0.52876 -6.2011 0.465876 -9.25675 0.270555 -15.1969 -0.0178981 -21.0114 -0.543447 -28.514
0.255564 0 0.583431 -1.5662 0.573709 -3.13007 0.535036 -6.24157 0.471338 -9.31657 0.273563 -15.2922 -0.0183161 -21.1375 -0.549545 -28.6718
0.25704 0 0.590419 -1.57652 0.580569 -3.15065 0.541389 -6.28236 0.476864 -9.37686 0.276602 -15.3882 -0.0187438 -21.2643 -0.555709 -28.8304
0.258523 0 0.597494 -1.58691 0.587513 -3.17139 0.547818 -6.32347 0.482457 -9.43762 0.279674 -15.4848 -0.0191815 -21.3919 -0.56194 -28.9899
0.260016 0 0.604656 -1.59739 0.594543 -3.19231 0.554326 -6.36491 0.488115 -9.49885 0.282778 -15.5822 -0.0196293 -21.5204 -0.568239 -29.1501
0.261517 0 0.611907 -1.60796 0.60166 -3.21339 0.560914 -6.40669 0.493841 -9.56056 0.285914 -15.6803 -0.0200876 -21.6497 -0.574606 -29.3112
0.263027 0 0.619248 -1.61861 0.608866 -3.23465 0.567581 -6.4488 0.499634 -9.62275 0.289083 -15.779 -0.0205564 -21.7798 -0.581042 -29.4731
0.264545 0 0.626681 -1.62935 0.61616 -3.25608 0.57433 -6.49125 0.505496 -9.68543 0.292285 -15.8785 -0.0210362 -21.9108 -0.587547 -29.6358
0.266073 0 0.634206 -1.64018 0.623545 -3.27768 0.581161 -6.53405 0.511428 -9.74861 0.295521 -15.9788 -0.0215271 -22.0426 -0.594123 -29.7993
0.267609 0 0.641825 -1.6511 0.631021 -3.29947 0.588076 -6.57719 0.51743 -9.81229 0.29879 -16.0797 -0.0220295 -22.1752 -0.60077 -29.9636
0.269153 0 0.649538 -1.66211 0.638591 -3.32143 0.595075 -6.62069 0.523504 -9.87647 0.302094 -16.1814 -0.0225435 -22.3087 -0.607489 -30.1287
0.270707 0 0.657348 -1.67322 0.646254 -3.34358 0.60216 -6.66454 0.529649 -9.94117 0.305431 -16.2838 -0.0230694 -22.443 -0.614281 -30.2947
0.27227 0 0.665255 -1.68441 0.654013 -3.36591 0.609331 -6.70876 0.535868 -10.0064 0.308804 -16.387 -0.0236075 -22.5783 -0.621145 -30.4615
0.273842 0 0.673261 -1.6957 0.661868 -3.38844 0.61659 -6.75333 0.54216 -10.0721 0.312211 -16.491 -0.0241581 -22.7143 -0.628084 -30.6291
0.275423 0 0.681368 -1.70709 0.669821 -3.41115 0.623938 -6.79828 0.548527 -10.1384 0.315653 -16.5957 -0.0247216 -22.8513 -0.635097 -30.7975
0.277013 0 0.689576 -1.71857 0.677873 -3.43405 0.631376 -6.8436 0.55497 -10.2052 0.319131 -16.7012 -0.025298 -22.9892 -0.642186 -30.9668
0.278612 0 0.697886 -1.73015 0.686026 -3.45714 0.638905 -6.8893 0.56149 -10.2725 0.322645 -16.8074 -0.0258879 -23.1279 -0.649351 -31.137
0.280221 0 0.706301 -1.74183 0.69428 -3.48044 0.646527 -6.93538 0.568087 -10.3404 0.326194 -16.9145 -0.0264914 -23.2675 -0.656593 -31.3079
0.281838 0 0.714821 -1.7536 0.702638 -3.50393 0.654242 -6.98184 0.574762 -10.4089 0.32978 -17.0223 -0.027109 -23.4081 -0.663912 -31.4797
0.283465 0 0.723449 -1.76548 0.7111 -3.52762 0.662052 -7.0287 0.581517 -10.4779 0.333403 -17.131 -0.0277408 -23.5495 -0.671311 -31.6524
0.285102 0 0.732185 -1.77747 0.719668 -3.55152 0.669958 -7.07595 0.588352 -10.5474 0.337062 -17.2405 -0.0283874 -23.6919 -0.678788 -31.8259
0.286748 0 0.741031 -1.78955 0.728344 -3.57562 0.677961 -7.12361 0.595268 -10.6176 0.340759 -17.3508 -0.0290489 -23.8352 -0.686345 -32.0002
0.288403 0 0.749989 -1.80175 0.737128 -3.59994 0.686063 -7.17167 0.602267 -10.6883 0.344493 -17.4619 -0.0297257 -23.9794 -0.693984 -32.1755
0.290068 0 0.759059 -1.81405 0.746023 -3.62446 0.694265 -7.22014 0.609349 -10.7596 0.348266 -17.5739 -0.0304182 -24.1246 -0.701703 -32.3515
0.291743 0 0.768245 -1.82645 0.755029 -3.6492 0.702568 -7.26903 0.616516 -10.8315 0.352076 -17.6867 -0.0311268 -24.2707 -0.709506 -32.5284
0.293427 0 0.777546 -1.83897 0.764149 -3.67416 0.710973 -7.31834 0.623767 -10.904 0.355925 -17.8003 -0.0318518 -24.4178 -0.717391 -32.7062
0.295121 0 0.786965 -1.8516 0.773384 -3.69933 0.719482 -7.36808 0.631106 -10.9771 0.359812 -17.9148 -0.0325935 -24.5658 -0.725361 -32.8849
0.296825 0 0.796503 -1.86434 0.782735 -3.72473 0.728096 -7.41825 0.638531 -11.0509 0.363738 -18.0302 -0.0333525 -24.7148 -0.733415 -33.0644
0.298538 0 0.806163 -1.87719 0.792205 -3.75036 0.736817 -7.46886 0.646045 -11.1252 0.367704 -18.1465 -0.034129 -24.8647 -0.741555 -33.2448
0.300262 0 0.815945 -1.89016 0.801793 -3.77622 0.745645 -7.51991 0.653649 -11.2002 0.371709 -18.2637 -0.0349235 -25.0157 -0.749782 -33.426
0.301995 0 0.825851 -1.90325 0.811504 -3.8023 0.754583 -7.57141 0.661343 -11.2758 0.375755 -18.3817 -0.0357364 -25.1676 -0.758096 -33.6081
0.303739 0 0.835883 -1.91645 0.821337 -3.82862 0.763632 -7.62336 0.669129 -11.3521 0.37984 -18.5007 -0.0365681 -25.3205 -0.766498 -33.7911
0.305492 0 0.846044 -1.92978 0.831294 -3.85518 0.772793 -7.67577 0.677008 -11.429 0.383966 -18.6206 -0.037419 -25.4745 -0.774989 -33.975
0.307256 0 0.856334 -1.94322 0.841378 -3.88199 0.782068 -7.72865 0.684981 -11.5066 0.388132 -18.7414 -0.0382896 -25.6294 -0.78357 -34.1598
0.30903 0 0.866755 -1.95679 0.851591 -3.90903 0.791457 -7.78201 0.693049 -11.5848 0.39234 -18.8631 -0.0391804 -25.7854 -0.792242 -34.3454
0.310814 0 0.877309 -1.97049 0.861933 -3.93633 0.800964 -7.83584 0.701214 -11.6638 0.396589 -18.9858 -0.0400917 -25.9423 -0.801005 -34.5319
0.312608 0 0.887999 -1.98431 0.872406 -3.96387 0.810589 -7.89016 0.709476 -11.7434 0.400879 -19.1095 -0.0410241 -26.1004 -0.809861 -34.7193
0.314413 0 0.898826 -1.99826 0.883013 -3.99167 0.820333 -7.94496 0.717836 -11.8237 0.405212 -19.2341 -0.041978 -26.2594 -0.81881 -34.9076
0.316228 0 0.909791 -2.01234 0.893756 -4.01973 0.8302 -8.00027 0.726296 -11.9047 0.409586 -19.3596 -0.042954 -26.4195 -0.827854 -35.0968
0.318053 0 0.920898 -2.02655 0.904636 -4.04805 0.840189 -8.05608 0.734858 -11.9864 0.414003 -19.4862 -0.0439525 -26.5807 -0.836992 -35.2869
0.31989 0 0.932147 -2.0409 0.915655 -4.07664 0.850303 -8.11241 0.743521 -12.0689 0.418462 -19.6138 -0.0449741 -26.7429 -0.846227 -35.4779
0.321736 0 0.943542 -2.05538 0.926815 -4.10549 0.860543 -8.16925 0.752289 -12.152 0.422965 -19.7424 -0.0460193 -26.9062 -0.855559 -35.6697
0.323594 0 0.955083 -2.07 0.938118 -4.13462 0.870911 -8.22662 0.761161 -12.236 0.427511 -19.8719 -0.0470886 -27.0706 -0.864988 -35.8625
0.325462 0 0.966774 -2.08477 0.949566 -4.16402 0.881409 -8.28452 0.770138 -12.3206 0.4321 -20.0026 -0.0481825 -27.236 -0.874516 -36.0562
0.327341 0 0.978615 -2.09967 0.961161 -4.19371 0.892038 -8.34296 0.779224 -12.4061 0.436733 -20.1342 -0.0493017 -27.4026 -0.884144 -36.2508
0.32923 0 0.99061 -2.11471 0.972906 -4.22368 0.902801 -8.40195 0.788418 -12.4923 0.441409 -20.2669 -0.0504467 -27.5703 -0.893873 -36.4462
0.331131 0 1.00276 -2.12991 0.984802 -4.25394 0.913699 -8.4615 0.797722 -12.5792 0.44613 -20.4007 -0.0516181 -27.739 -0.903703 -36.6426
0.333043 0 1.01507 -2.14525 0.996851 -4.2845 0.924734 -8.52161 0.807137 -12.667 0.450896 -20.5355 -0.0528165 -27.9089 -0.913636 -36.8399
0.334965 0 1.02754 -2.16074 1.00906 -4.31535 0.935907 -8.58229 0.816665 -12.7556 0.455706 -20.6714 -0.0540425 -28.08 -0.923672 -37.0381
0.336899 0 1.04017 -2.17638 1.02142 -4.34651 0.947221 -8.64355 0.826307 -12.845 0.460561 -20.8085 -0.0552967 -28.2521 -0.933813 -37.2373
0.338844 0 1.05296 -2.19218 1.03394 -4.37797 0.958677 -8.7054 0.836064 -12.9352 0.465461 -20.9466 -0.0565798 -28.4254 -0.944059 -37.4373
0.3408 0 1.06593 -2.20814 1.04663 -4.40974 0.970278 -8.76784 0.845938 -13.0262 0.470407 -21.0858 -0.0578925 -28.5999 -0.954411 -37.6383
0.342768 0 1.07906 -2.22426 1.05948 -4.44183 0.982025 -8.83089 0.85593 -13.1181 0.475398 -21.2262 -0.0592353 -28.7755 -0.964871 -37.8401
0.344747 0 1.09236 -2.24053 1.07249 -4.47424 0.99392 -8.89456 0.866042 -13.2109 0.480435 -21.3677 -0.0606091 -28.9523 -0.975439 -38.0429
0.346737 0 1.10584 -2.25698 1.08568 -4.50697 1.00597 -8.95885 0.876275 -13.3045 0.485518 -21.5104 -0.0620144 -29.1303 -0.986116 -38.2466
0.348739 0 1.1195 -2.27359 1.09904 -4.54004 1.01816 -9.02376 0.886631 -13.399 0.490647 -21.6543 -0.063452 -29.3095 -0.996904 -38.4513
0.350752 0 1.13333 -2.29037 1.11257 -4.57344 1.03052 -9.08932 0.89711 -13.4943 0.495822 -21.7993 -0.0649227 -29.4899 -1.0078 -38.6568
0.352777 0 1.14735 -2.30732 1.12628 -4.60718 1.04303 -9.15554 0.907715 -13.5906 0.501044 -21.9455 -0.0664272 -29.6715 -1.01881 -38.8633
0.354813 0 1.16155 -2.32445 1.14017 -4.64127 1.05569 -9.22241 0.918448 -13.6878 0.506313 -22.093 -0.0679662 -29.8543 -1.02994 -39.0707
0.356862 0 1.17594 -2.34175 1.15425 -4.67571 1.06852 -9.28995 0.929308 -13.786 0.511628 -22.2416 -0.0695405 -30.0383 -1.04118 -39.2791
0.358922 0 1.19053 -2.35924 1.1685 -4.7105 1.08152 -9.35817 0.940299 -13.8851 0.516991 -22.3915 -0.071151 -30.2236 -1.05253 -39.4884
0.360994 0 1.2053 -2.37691 1.18295 -4.74566 1.09467 -9.42709 0.951422 -13.9851 0.522401 -22.5427 -0.0727984 -30.4101 -1.064 -39.6986
0.363078 0 1.22027 -2.39476 1.19758 -4.78119 1.108 -9.4967 0.962678 -14.0861 0.527858 -22.6951 -0.0744836 -30.5978 -1.07559 -39.9097
0.365174 0 1.23544 -2.41281 1.21241 -4.81709 1.12149 -9.56703 0.974069 -14.1881 0.533362 -22.8488 -0.0762073 -30.7868 -1.0873 -40.1218
0.367282 0 1.25082 -2.43105 1.22744 -4.85338 1.13516 -9.63809 0.985596 -14.2911 0.538914 -23.0038 -0.0779706 -30.9771 -1.09912 -40.3348
0.369403 0 1.26639 -2.44948 1.24266 -4.89005 1.149 -9.70987 0.997262 -14.3951 0.544514 -23.1601 -0.0797743 -31.1687 -1.11107 -40.5487
0.371535 0 1.28218 -2.46812 1.25809 -4.92711 1.16302 -9.78241 1.00907 -14.5002 0.550161 -23.3177 -0.0816192 -31.3616 -1.12314 -40.7636
0.37368 0 1.29818 -2.48696 1.27372 -4.96457 1.17722 -9.8557 1.02101 -14.6063 0.555856 -23.4767 -0.0835064 -31.5558 -1.13533 -40.9794
0.375837 0 1.31439 -2.506 1.28956 -5.00244 1.1916 -9.92977 1.0331 -14.7134 0.561599 -23.637 -0.0854367 -31.7512 -1.14764 -41.1962
0.378007 0 1.33082 -2.52525 1.3056 -5.04073 1.20617 -10.0046 1.04534 -14.8216 0.56739 -23.7987 -0.0874111 -31.948 -1.16008 -41.4139
0.380189 0 1.34748 -2.54472 1.32187 -5.07943 1.22092 -10.0803 1.05772 -14.9309 0.573229 -23.9617 -0.0894307 -32.1462 -1.17265 -41.6325
0.382384 0 1.36435 -2.5644 1.33835 -5.11856 1.23586 -10.1567 1.07025 -15.0413 0.579116 -24.1262 -0.0914963 -32.3457 -1.18534 -41.8521
0.384592 0 1.38146 -2.5843 1.35505 -5.15813 1.251 -10.234 1.08293 -15.1529 0.585051 -24.2921 -0.0936092 -32.5465 -1.19816 -42.0727
0.386812 0 1.3988 -2.60443 1.37198 -5.19814 1.26633 -10.3121 1.09576 -15.2656 0.591034 -24.4594 -0.0957702 -32.7487 -1.21111 -42.2941
0.389045 0 1.41637 -2.62478 1.38913 -5.23859 1.28186 -10.391 1.10875 -15.3794 0.597064 -24.6282 -0.0979805 -32.9522 -1.22419 -42.5166
0.391291 0 1.43419 -2.64537 1.40652 -5.27951 1.29759 -10.4709 1.12189 -15.4944 0.603143 -24.7985 -0.100241 -33.1571 -1.23741 -42.7399
0.39355 0 1.45224 -2.66619 1.42414 -5.32089 1.31352 -10.5515 1.13519 -15.6106 0.609269 -24.9702 -0.102553 -33.3635 -1.25075 -42.9642
0.395822 0 1.47054 -2.68726 1.442 -5.36274 1.32966 -10.6331 1.14865 -15.728 0.615443 -25.1434 -0.104918 -33.5712 -1.26423 -43.1895
0.398107 0 1.4891 -2.70857 1.4601 -5.40508 1.34601 -10.7156 1.16227 -15.8467 0.621665 -25.3182 -0.107337 -33.7803 -1.27784 -43.4157
0.400405 0 1.50791 -2.73012 1.47845 -5.44791 1.36257 -10.799 1.17605 -15.9666 0.627934 -25.4945 -0.10981 -33.9909 -1.29159 -43.6429
0.402717 0 1.52697 -2.75194 1.49704 -5.49123 1.37934 -10.8834 1.19 -16.0878 0.634251 -25.6723 -0.11234 -34.2028 -1.30548 -43.871
0.405042 0 1.5463 -2.77401 1.51589 -5.53507 1.39634 -10.9687 1.20412 -16.2102 0.640615 -25.8518 -0.114927 -34.4163 -1.3195 -44.1
0.40738 0 1.5659 -2.79634 1.535 -5.57942 1.41356 -11.055 1.2184 -16.334 0.647026 -26.0328 -0.117573 -34.6311 -1.33366 -44.33
0.409732 0 1.58577 -2.81894 1.55437 -5.6243 1.431 -11.1423 1.23286 -16.4591 0.653483 -26.2154 -0.120279 -34.8475 -1.34797 -44.561
0.412098 0 1.60591 -2.84182 1.574 -5.66972 1.44867 -11.2305 1.24749 -16.5856 0.659988 -26.3997 -0.123047 -35.0653 -1.36241 -44.7929
0.414477 0 1.62634 -2.86497 1.59391 -5.71569 1.46657 -11.3198 1.26229 -16.7134 0.666538 -26.5856 -0.125877 -35.2846 -1.377 -45.0257
0.416869 0 1.64704 -2.88841 1.61409 -5.76221 1.4847 -11.4102 1.27727 -16.8426 0.673135 -26.7732 -0.128771 -35.5053 -1.39173 -45.2595
0.419276 0 1.66804 -2.91214 1.63454 -5.80931 1.50307 -11.5016 1.29243 -16.9733 0.679777 -26.9625 -0.131731 -35.7276 -1.40661 -45.4943
0.421697 0 1.68934 -2.93616 1.65528 -5.85698 1.52169 -11.594 1.30777 -17.1054 0.686465 -27.1535 -0.134757 -35.9514 -1.42164 -45.73
0.424131 0 1.71093 -2.96048 1.67631 -5.90524 1.54055 -11.6876 1.3233 -17.239 0.693197 -27.3463 -0.137852 -36.1768 -1.43681 -45.9666
0.42658 0 1.73282 -2.98511 1.69763 -5.9541 1.55965 -11.7823 1.339 -17.374 0.699975 -27.5408 -0.141017 -36.4036 -1.45213 -46.2042
0.429042 0 1.75503 -3.01005 1.71925 -6.00358 1.57901 -11.8781 1.3549 -17.5106 0.706796 -27.737 -0.144253 -36.632 -1.4676 -46.4427
0.431519 0 1.77755 -3.03531 1.74117 -6.05368 1.59863 -11.9751 1.37099 -17.6487 0.713661 -27.9351 -0.147562 -36.862 -1.48322 -46.6822
0.43401 0 1.80038 -3.06089 1.76339 -6.10442 1.6185 -12.0733 1.38727 -17.7884 0.720569 -28.135 -0.150946 -37.0935 -1.499 -46.9227
0.436516 0 1.82355 -3.08681 1.78593 -6.15581 1.63864 -12.1727 1.40374 -17.9297 0.72752 -28.3367 -0.154405 -37.3266 -1.51492 -47.1641
0.439036 0 1.84704 -3.11307 1.80878 -6.20786 1.65904 -12.2733 1.42041 -18.0726 0.734512 -28.5403 -0.157943 -37.5613 -1.53101 -47.4064
0.44157 0 1.87087 -3.13967 1.83196 -6.26059 1.67972 -12.3752 1.43728 -18.2171 0.741547 -28.7458 -0.16156 -37.7976 -1.54725 -47.6497
0.44412 0 1.89504 -3.16662 1.85546 -6.31401 1.70067 -12.4783 1.45435 -18.3634 0.748622 -28.9532 -0.165258 -38.0355 -1.56364 -47.8939
0.446684 0 1.91956 -3.19393 1.8793 -6.36813 1.7219 -12.5827 1.47162 -18.5113 0.755737 -29.1626 -0.16904 -38.2751 -1.58019 -48.1391
0.449262 0 1.94443 -3.22161 1.90347 -6.42298 1.74341 -12.6885 1.48909 -18.661 0.762891 -29.3739 -0.172905 -38.5162 -1.59691 -48.3852
0.451856 0 1.96966 -3.24966 1.92799 -6.47855 1.76521 -12.7956 1.50678 -18.8124 0.770084 -29.5871 -0.176858 -38.759 -1.61378 -48.6322
0.454465 0 1.99525 -3.2781 1.95286 -6.53488 1.7873 -12.904 1.52467 -18.9656 0.777314 -29.8024 -0.180899 -39.0035 -1.63082 -48.8802
0.457088 0 2.02122 -3.30693 1.97808 -6.59197 1.80969 -13.0139 1.54278 -19.1207 0.784582 -30.0197 -0.18503 -39.2496 -1.64802 -49.1292
0.459727 0 2.04757 -3.33616 2.00367 -6.64985 1.83238 -13.1252 1.5611 -19.2776 0.791885 -30.2391 -0.189254 -39.4974 -1.66539 -49.379
0.462381 0 2.0743 -3.36579 2.02962 -6.70852 1.85537 -13.238 1.57963 -19.4365 0.799223 -30.4606 -0.193571 -39.7469 -1.68292 -49.6299
0.46505 0 2.10143 -3.39585 2.05595 -6.768 1.87867 -13.3522 1.59839 -19.5972 0.806595 -30.6841 -0.197985 -39.9981 -1.70061 -49.8816
0.467735 0 2.12895 -3.42633 2.08266 -6.82833 1.90228 -13.468 1.61737 -19.7599 0.814 -30.9098 -0.202497 -40.251 -1.71848 -50.1343
0.470435 0 2.15688 -3.45725 2.10976 -6.8895 1.92622 -13.5853 1.63657 -19.9247 0.821436 -31.1377 -0.20711 -40.5056 -1.73651 -50.3879
0.473151 0 2.18522 -3.48861 2.13725 -6.95154 1.95047 -13.7042 1.65599 -20.0914 0.828903 -31.3678 -0.211825 -40.7619 -1.75472 -50.6425
0.475883 0 2.21399 -3.52043 2.16514 -7.01447 1.97506 -13.8248 1.67565 -20.2603 0.836399 -31.6 -0.216644 -41.02 -1.7731 -50.8979
0.47863 0 2.24318 -3.55271 2.19344 -7.07831 1.99997 -13.9469 1.69553 -20.4312 0.843923 -31.8345 -0.221571 -41.2798 -1.79165 -51.1544
0.481393 0 2.27281 -3.58547 2.22215 -7.14309 2.02523 -14.0708 1.71565 -20.6043 0.851474 -32.0713 -0.226606 -41.5414 -1.81038 -51.4117
0.484172 0 2.30289 -3.61873 2.25129 -7.20881 2.05083 -14.1964 1.73601 -20.7796 0.859049 -32.3104 -0.231753 -41.8048 -1.82928 -51.67
0.486968 0 2.33341 -3.65248 2.28086 -7.27551 2.07677 -14.3237 1.7566 -20.9571 0.866648 -32.5518 -0.237013 -42.0699 -1.84836 -51.9292
0.489779 0 2.3644 -3.68674 2.31086 -7.3432 2.10307 -14.4528 1.77743 -21.1369 0.874269 -32.7956 -0.242389 -42.3369 -1.86762 -52.1893
0.492606 0 2.39586 -3.72153 2.34131 -7.41191 2.12973 -14.5837 1.79851 -21.319 0.88191 -33.0417 -0.247884 -42.6056 -1.88705 -52.4503
0.49545 0 2.42779 -3.75685 2.37222 -7.48167 2.15676 -14.7166 1.81983 -21.5035 0.889569 -33.2903 -0.2535 -42.8761 -1.90667 -52.7122
0.49831 0 2.46022 -3.79272 2.40358 -7.55249 2.18415 -14.8513 1.8414 -21.6904 0.897246 -33.5413 -0.259239 -43.1485 -1.92647 -52.9751
0.501187 0 2.49314 -3.82916 2.43542 -7.62441 2.21192 -14.988 1.86321 -21.8797 0.904937 -33.7948 -0.265104 -43.4227 -1.94646 -53.2389
0.504081 0 2.52657 -3.86617 2.46773 -7.69744 2.24006 -15.1266 1.88528 -22.0716 0.91264 -34.0508 -0.271097 -43.6988 -1.96662 -53.5036
0.506991 0 2.56051 -3.90377 2.50054 -7.77163 2.2686 -15.2674 1.90761 -22.2659 0.920355 -34.3093 -0.277222 -43.9767 -1.98698 -53.7692
0.509918 0 2.59498 -3.94198 2.53384 -7.84699 2.29753 -15.4102 1.93019 -22.4629 0.928078 -34.5704 -0.28348 -44.2565 -2.00752 -54.0357
0.512861 0 2.62998 -3.98081 2.56764 -7.92355 2.32685 -15.5551 1.95302 -22.6626 0.935807 -34.8341 -0.289875 -44.5381 -2.02825 -54.3031
0.515822 0 2.66554 -4.02028 2.60196 -8.00135 2.35659 -15.7023 1.97612 -22.8649 0.943541 -35.1005 -0.29641 -44.8217 -2.04917 -54.5714
0.5188 0 2.70165 -4.0604 2.63681 -8.08042 2.38673 -15.8516 1.99949 -23.07 0.951276 -35.3695 -0.303086 -45.1071 -2.07028 -54.8406
0.521795 0 2.73833 -4.10119 2.67219 -8.16078 2.41729 -16.0033 2.02312 -23.2779 0.95901 -35.6412 -0.309908 -45.3944 -2.09159 -55.1107
0.524807 0 2.77558 -4.14267 2.70812 -8.24247 2.44827 -16.1573 2.04701 -23.4887 0.96674 -35.9156 -0.316877 -45.6836 -2.11308 -55.3816
0.527837 0 2.81343 -4.18486 2.7446 -8.32553 2.47968 -16.3136 2.07118 -23.7023 0.974464 -36.1928 -0.323997 -45.9748 -2.13478 -55.6535
0.530884 0 2.85189 -4.22777 2.78165 -8.40999 2.51153 -16.4725 2.09561 -23.919 0.982178 -36.4728 -0.331271 -46.2679 -2.15666 -55.9263
0.533949 0 2.89096 -4.27143 2.81927 -8.49589 2.54382 -16.6338 2.12033 -24.1387 0.989881 -36.7556 -0.338702 -46.5629 -2.17875 -56.1999
0.537032 0 2.93065 -4.31585 2.85749 -8.58327 2.57656 -16.7977 2.14531 -24.3616 0.997568 -37.0413 -0.346293 -46.8599 -2.20104 -56.4744
0.540132 0 2.97099 -4.36106 2.8963 -8.67216 2.60976 -16.9642 2.17058 -24.5875 1.00524 -37.3299 -0.354048 -47.1588 -2.22352 -56.7498
0.54325 0 3.01199 -4.40707 2.93573 -8.76261 2.64342 -17.1335 2.19612 -24.8168 1.01288 -37.6214 -0.361968 -47.4597 -2.24621 -57.0261
0.546387 0 3.05365 -4.45392 2.97578 -8.85466 2.67755 -17.3055 2.22195 -25.0493 1.0205 -37.9159 -0.370059 -47.7626 -2.2691 -57.3032
0.549541 0 3.096 -4.50162 3.01647 -8.94835 2.71216 -17.4803 2.24805 -25.2852 1.0281 -38.2134 -0.378322 -48.0675 -2.29219 -57.5812
0.552713 0 3.13904 -4.55021 3.0578 -9.04373 2.74726 -17.658 2.27445 -25.5245 1.03566 -38.514 -0.386761 -48.3743 -2.31549 -57.86
0.555904 0 3.18279 -4.59969 3.0998 -9.14085 2.78284 -17.8387 2.30113 -25.7674 1.04318 -38.8176 -0.395381 -48.6831 -2.33899 -58.1397
0.559114 0 3.22727 -4.65011 3.14247 -9.23975 2.81893 -18.0225 2.32809 -26.0138 1.05066 -39.1243 -0.404183 -48.994 -2.3627 -58.4203
0.562341 0 3.2725 -4.70148 3.18584 -9.34049 2.85552 -18.2094 2.35535 -26.2639 1.0581 -39.4342 -0.413173 -49.3068 -2.38662 -58.7017
0.565588 0 3.31848 -4.75384 3.2299 -9.44312 2.89263 -18.3994 2.3829 -26.5177 1.06549 -39.7473 -0.422352 -49.6217 -2.41075 -58.9839
0.568853 0 3.36524 -4.80722 3.27469 -9.5477 2.93026 -18.5928 2.41074 -26.7753 1.07283 -40.0636 -0.431726 -49.9386 -2.43509 -59.267
0.572137 0 3.41279 -4.86165 3.3202 -9.65428 2.96842 -18.7895 2.43887 -27.0369 1.08011 -40.3832 -0.441297 -50.2575 -2.45965 -59.5509
0.57544 0 3.46115 -4.91715 3.36647 -9.76292 3.00712 -18.9897 2.46729 -27.3024 1.08732 -40.706 -0.451069 -50.5785 -2.48442 -59.8357
0.578762 0 3.51035 -4.97377 3.4135 -9.87369 3.04636 -19.1935 2.49601 -27.5719 1.09447 -41.0322 -0.461046 -50.9015 -2.5094 -60.1213
0.582103 0 3.56039 -5.03153 3.46131 -9.98664 3.08616 -19.4009 2.52502 -27.8457 1.10154 -41.3617 -0.471232 -51.2266 -2.5346 -60.4076
0.585464 0 3.6113 -5.09048 3.50992 -10.1018 3.12652 -19.612 2.55433 -28.1237 1.10854 -41.6947 -0.481631 -51.5537 -2.56002 -60.6949
0.588844 0 3.66309 -5.15065 3.55934 -10.2194 3.16745 -19.827 2.58393 -28.406 1.11546 -42.0311 -0.492246 -51.8829 -2.58565 -60.9829
0.592243 0 3.7158 -5.21209 3.60959 -10.3393 3.20896 -20.046 2.61383 -28.6927 1.12228 -42.371 -0.503082 -52.2141 -2.61151 -61.2717
0.595662 0 3.76943 -5.27482 3.66069 -10.4617 3.25106 -20.269 2.64402 -28.984 1.12901 -42.7144 -0.514143 -52.5474 -2.63759 -61.5613
0.599101 0 3.82402 -5.33891 3.71266 -10.5867 3.29375 -20.4962 2.67451 -29.2799 1.13564 -43.0614 -0.525432 -52.8828 -2.66389 -61.8517
0.60256 0 3.87958 -5.40438 3.76552 -10.7143 3.33705 -20.7276 2.70529 -29.5805 1.14216 -43.412 -0.536954 -53.2203 -2.69041 -62.1429
0.606038 0 3.93614 -5.47129 3.81928 -10.8446 3.38096 -20.9635 2.73637 -29.886 1.14857 -43.7662 -0.548713 -53.5598 -2.71716 -62.4349
0.609537 0 3.99372 -5.53969 3.87397 -10.9777 3.42549 -21.2039 2.76774 -30.1964 1.15486 -44.1241 -0.560713 -53.9014 -2.74414 -62.7277
0.613056 0 4.05235 -5.60963 3.92961 -11.1137 3.47065 -21.449 2.7994 -30.5118 1.16102 -44.4857 -0.572958 -54.2451 -2.77134 -63.0212
0.616595 0 4.11205 -5.68116 3.98622 -11.2528 3.51644 -21.6988 2.83134 -30.8324 1.16705 -44.851 -0.585453 -54.5909 -2.79877 -63.3156
0.620155 0 4.17285 -5.75434 4.04382 -11.3949 3.56289 -21.9536 2.86358 -31.1583 1.17294 -45.2201 -0.598203 -54.9388 -2.82643 -63.6106
0.623735 0 4.23479 -5.82923 4.10243 -11.5402 3.60999 -22.2135 2.8961 -31.4896 1.17868 -45.593 -0.61121 -55.2888 -2.85433 -63.9065
0.627336 0 4.29788 -5.9059 4.16208 -11.6889 3.65775 -22.4786 2.9289 -31.8264 1.18426 -45.9698 -0.624481 -55.6408 -2.88245 -64.203
0.630957 0 4.36215 -5.98439 4.22279 -11.841 3.70619 -22.7491 2.96198 -32.1688 1.18968 -46.3505 -0.638019 -55.995 -2.91081 -64.5004
0.6346 0 4.42765 -6.0648 4.28459 -11.9967 3.75531 -23.0251 2.99534 -32.517 1.19493 -46.7351 -0.651829 -56.3512 -2.9394 -64.7984
0.638263 0 4.49439 -6.14718 4.34751 -12.156 3.80511 -23.3068 3.02897 -32.871 1.2 -47.1237 -0.665915 -56.7095 -2.96823 -65.0972
0.641948 0 4.56242 -6.23161 4.41156 -12.3192 3.85562 -23.5944 3.06287 -33.2311 1.20487 -47.5162 -0.680282 -57.07 -2.99729 -65.3967
0.645654 0 4.63177 -6.31817 4.47677 -12.4863 3.90683 -23.888 3.09703 -33.5974 1.20955 -47.9128 -0.694936 -57.4325 -3.0266 -65.697
0.649382 0 4.70246 -6.40695 4.54318 -12.6576 3.95875 -24.1879 3.13144 -33.9699 1.21403 -48.3135 -0.709879 -57.7971 -3.05614 -65.9979
0.653131 0 4.77456 -6.49803 4.61082 -12.8331 4.0114 -24.4942 3.16611 -34.3489 1.21828 -48.7183 -0.725118 -58.1637 -3.08592 -66.2996
0.656901 0 4.84808 -6.59151 4.6797 -13.013 4.06477 -24.8071 3.20102 -34.7344 1.22232 -49.1272 -0.740657 -58.5325 -3.11594 -66.6019
0.660693 0 4.92307 -6.68748 4.74988 -13.1976 4.11889 -25.1269 3.23617 -35.1267 1.22611 -49.5402 -0.7565 -58.9033 -3.14621 -66.905
0.664508 0 4.99957 -6.78605 4.82136 -13.3869 4.17374 -25.4537 3.27155 -35.5259 1.22966 -49.9575 -0.772653 -59.2762 -3.17672 -67.2087
0.668344 0 5.07762 -6.88732 4.8942 -13.5812 4.22935 -25.7877 3.30716 -35.9321 1.23296 -50.3789 -0.789121 -59.6512 -3.20747 -67.5131
0.672202 0 5.15728 -6.99141 4.96841 -13.7806 4.28572 -26.1293 3.34297 -36.3454 1.23599 -50.8046 -0.805907 -60.0282 -3.23847 -67.8182
0.676083 0 5.23858 -7.09845 5.04405 -13.9854 4.34285 -26.4786 3.37899 -36.7661 1.23874 -51.2347 -0.823018 -60.4073 -3.26972 -68.1239
0.679986 0 5.32158 -7.20855 5.12113 -14.1959 4.40075 -26.8359 3.4152 -37.1944 1.2412 -51.669 -0.840458 -60.7884 -3.30121 -68.4303
0.683912 0 5.40633 -7.32186 5.19971 -14.4121 4.45943 -27.2015 3.45159 -37.6303 1.24336 -52.1076 -0.858233 -61.1716 -3.33295 -68.7374
0.68786 0 5.49287 -7.43853 5.27982 -14.6344 4.51889 -27.5756 3.48815 -38.074 1.24522 -52.5506 -0.876346 -61.5568 -3.36495 -69.045
0.691831 0 5.58128 -7.5587 5.36149 -14.8631 4.57913 -27.9584 3.52487 -38.5257 1.24674 -52.998 -0.894804 -61.9441 -3.39719 -69.3534
0.695825 0 5.67159 -7.68253 5.44477 -15.0983 4.64015 -28.3504 3.56172 -38.9856 1.24794 -53.4498 -0.913611 -62.3333 -3.42969 -69.6623
0.699842 0 5.76388 -7.81021 5.52971 -15.3405 4.70197 -28.7517 3.5987 -39.4539 1.24878 -53.906 -0.932772 -62.7246 -3.46244 -69.9719
0.703882 0 5.85821 -7.9419 5.61634 -15.5898 4.76458 -29.1627 3.6358 -39.9307 1.24927 -54.3667 -0.952292 -63.1178 -3.49544 -70.2821
0.707946 0 5.95464 -8.07782 5.70471 -15.8467 4.82799 -29.5838 3.67298 -40.4163 1.24938 -54.8318 -0.972177 -63.5131 -3.5287 -70.5928
0.712033 0 6.05324 -8.21816 5.79487 -16.1115 4.89218 -30.0152 3.71024 -40.9107 1.2491 -55.3014 -0.992431 -63.9103 -3.56221 -70.9042
0.716143 0 6.15409 -8.36316 5.88686 -16.3844 4.95717 -30.4573 3.74755 -41.4143 1.24843 -55.7755 -1.01306 -64.3095 -3.59598 -71.2162
0.720278 0 6.25726 -8.51304 5.98073 -16.666 5.02295 -30.9104 3.7849 -41.9271 1.24734 -56.2541 -1.03407 -64.7106 -3.63001 -71.5287
0.724436 0 6.36283 -8.66806 6.07654 -16.9566 5.08951 -31.375 3.82226 -42.4494 1.24583 -56.7372 -1.05546 -65.1136 -3.6643 -71.8418
0.728618 0 6.47088 -8.82849 6.17434 -17.2566 5.15685 -31.8514 3.8596 -42.9813 1.24387 -57.2248 -1.07725 -65.5186 -3.69885 -72.1555
0.732825 0 6.5815 -8.99463 6.27418 -17.5666 5.22496 -32.3401 3.8969 -43.5231 1.24145 -57.717 -1.09942 -65.9255 -3.73366 -72.4698
0.737055 0 6.69479 -9.16677 6.37611 -17.8869 5.29383 -32.8414 3.93414 -44.0749 1.23857 -58.2137 -1.122 -66.3342 -3.76873 -72.7845
0.74131 0 6.81084 -9.34527 6.4802 -18.2182 5.36346 -33.3557 3.97128 -44.6369 1.2352 -58.7149 -1.14499 -66.7449 -3.80406 -73.0998
0.74559 0 6.92975 -9.53048 6.5865 -18.561 5.43382 -33.8836 4.00831 -45.2094 1.23133 -59.2207 -1.16838 -67.1573 -3.83966 -73.4157
0.749894 0 7.05162 -9.72277 6.69508 -18.9158 5.50491 -34.4255 4.04517 -45.7925 1.22694 -59.731 -1.19219 -67.5717 -3.87552 -73.732
0.754223 0 7.17658 -9.92258 6.80598 -19.2833 5.5767 -34.9819 4.08185 -46.3864 1.22202 -60.2458 -1.21642 -67.9878 -3.91164 -74.0489
0.758578 0 7.30474 -10.1304 6.91929 -19.6642 5.64918 -35.5532 4.1183 -46.9913 1.21656 -60.7652 -1.24107 -68.4057 -3.94804 -74.3663
0.762957 0 7.43622 -10.3466 7.03506 -20.0592 5.72231 -36.14 4.15448 -47.6074 1.21053 -61.289 -1.26616 -68.8254 -3.9847 -74.6841
0.767361 0 7.57116 -10.5718 7.15336 -20.4691 5.79608 -36.7428 4.19037 -48.2349 1.20392 -61.8174 -1.29168 -69.2469 -4.02162 -75.0025
0.771792 0 7.70969 -10.8065 7.27426 -20.8946 5.87044 -37.3622 4.22592 -48.8739 1.19672 -62.3502 -1.31764 -69.67 -4.05882 -75.3213
0.776247 0 7.85197 -11.0514 7.39782 -21.3368 5.94537 -37.9986 4.26107 -49.5246 1.1889 -62.8874 -1.34405 -70.0949 -4.09628 -75.6406
0.780728 0 7.99815 -11.3071 7.52412 -21.7964 6.02082 -38.6527 4.2958 -50.1873 1.18046 -63.4291 -1.3709 -70.5215 -4.13402 -75.9603
0.785236 0 8.14839 -11.5744 7.65323 -22.2746 6.09675 -39.3251 4.33005 -50.862 1.17137 -63.9752 -1.39821 -70.9497 -4.17202 -76.2805
0.789769 0 8.30288 -11.8541 7.78521 -22.7724 6.17311 -40.0164 4.36377 -51.549 1.16162 -64.5257 -1.42599 -71.3796 -4.2103 -76.6012
0.794328 0 8.46179 -12.147 7.92014 -23.2909 6.24985 -40.7272 4.3969 -52.2484 1.1512 -65.0806 -1.45422 -71.8111 -4.24885 -76.9222
0.798914 0 8.62532 -12.4541 8.05808 -23.8315 6.3269 -41.458 4.4294 -52.9603 1.14008 -65.6397 -1.48292 -72.2441 -4.28768 -77.2437
0.803526 0 8.79369 -12.7765 8.19911 -24.3956 6.40419 -42.2097 4.46121 -53.6848 1.12824 -66.2031 -1.5121 -72.6787 -4.32677 -77.5656
0.808165 0 8.9671 -13.1153 8.34329 -24.9844 6.48166 -42.9828 4.49227 -54.4222 1.11568 -66.7707 -1.54176 -73.1148 -4.36614 -77.8879
0.812831 0 9.14581 -13.4717 8.4907 -25.5997 6.55922 -43.7779 4.52252 -55.1725 1.10238 -67.3425 -1.5719 -73.5525 -4.40579 -78.2105
0.817523 0 9.33007 -13.8472 8.64138 -26.243 6.63679 -44.5958 4.55189 -55.9358 1.08831 -67.9184 -1.60252 -73.9915 -4.44571 -78.5336
0.822243 0 9.52013 -14.2433 8.79539 -26.9163 6.71426 -45.4371 4.58031 -56.7122 1.07346 -68.4984 -1.63364 -74.4321 -4.48591 -78.857
0.82699 0 9.71628 -14.6618 8.9528 -27.6215 6.79153 -46.3024 4.60773 -57.5018 1.05782 -69.0824 -1.66525 -74.874 -4.52639 -79.1808
0.831764 0 9.91884 -15.1045 9.11363 -28.3606 6.86848 -47.1926 4.63407 -58.3046 1.04136 -69.6703 -1.69737 -75.3173 -4.56714 -79.5049
0.836566 0 10.1281 -15.5736 9.27792 -29.136 6.94499 -48.1081 4.65926 -59.1207 1.02408 -70.2621 -1.72999 -75.7619 -4.60817 -79.8294
0.841395 0 10.3444 -16.0715 9.4457 -29.9502 7.02093 -49.0496 4.68322 -59.9501 1.00595 -70.8577 -1.76311 -76.2078 -4.64948 -80.1542
0.846253 0 10.5682 -16.6007 9.61697 -30.8057 7.09615 -50.0178 4.70587 -60.7928 0.986954 -71.4571 -1.79675 -76.655 -4.69107 -80.4793
0.851138 0 10.7998 -17.1644 9.79171 -31.7054 7.17049 -51.0133 4.72715 -61.6487 0.967084 -72.0601 -1.8309 -77.1035 -4.73294 -80.8047
0.856052 0 11.0396 -17.7659 9.96989 -32.6524 7.24379 -52.0367 4.74697 -62.5179 0.94632 -72.6668 -1.86558 -77.5531 -4.77509 -81.1305
0.860994 0 11.2882 -18.4089 10.1515 -33.65 7.31586 -53.0884 4.76524 -63.4002 0.924647 -73.2768 -1.90078 -78.0039 -4.81752 -81.4565
0.865964 0 11.5458 -19.0979 10.3363 -34.7018 7.38652 -54.1691 4.78189 -64.2956 0.902049 -73.8903 -1.9365 -78.4558 -4.86024 -81.7828
0.870964 0 11.8131 -19.8376 10.5243 -35.8115 7.45555 -55.279 4.79683 -65.2038 0.878511 -74.5072 -1.97276 -78.9088 -4.90323 -82.1094
0.875992 0 12.0905 -20.6337 10.7153 -36.9831 7.52276 -56.4187 4.80998 -66.1249 0.854019 -75.1272 -2.00954 -79.3629 -4.94651 -82.4362
0.881049 0 12.3786 -21.4925 10.909 -38.2211 7.5879 -57.5883 4.82126 -67.0585 0.828557 -75.7503 -2.04687 -79.8179 -4.99007 -82.7633
0.886135 0 12.678 -22.4214 11.1051 -39.53 7.65074 -58.7883 4.83057 -68.0045 0.802112 -76.3764 -2.08474 -80.274 -5.03391 -83.0906
0.891251 0 12.9891 -23.4288 11.3033 -40.9146 7.71104 -60.0185 4.83783 -68.9626 0.77467 -77.0055 -2.12315 -80.7309 -5.07804 -83.4181
0.896396 0 13.3127 -24.5245 11.5032 -42.3799 7.76852 -61.2792 4.84296 -69.9326 0.746218 -77.6373 -2.1621 -81.1888 -5.12245 -83.7459
0.901571 0 13.6491 -25.7195 11.704 -43.9313 7.82292 -62.5703 4.84588 -70.9141 0.716744 -78.2718 -2.20161 -81.6475 -5.16714 -84.0738
0.906776 0 13.999 -27.027 11.9053 -45.574 7.87396 -63.8914 4.84649 -71.9067 0.686233 -78.9088 -2.24167 -82.107 -5.21212 -84.402
0.912011 0 14.3627 -28.4622 12.106 -47.3135 7.92135 -65.2423 4.84473 -72.9102 0.654676 -79.5483 -2.28228 -82.5673 -5.25739 -84.7303
0.917276 0 14.7406 -30.0425 12.3054 -49.1552 7.96481 -66.6226 4.8405 -73.924 0.622061 -80.1901 -2.32345 -83.0283 -5.30294 -85.0588
0.922571 0 15.1327 -31.7885 12.5022 -51.1042 8.00404 -68.0314 4.83373 -74.9478 0.588376 -80.834 -2.36518 -83.49 -5.34878 -85.3875
0.927897 0 15.5389 -33.724 12.6952 -53.1654 8.03874 -69.4681 4.82434 -75.981 0.553612 -81.48 -2.40746 -83.9523 -5.3949 -85.7163
0.933254 0 15.9585 -35.8763 12.8829 -55.3429 8.06863 -70.9317 4.81226 -77.0232 0.517759 -82.1279 -2.45032 -84.4152 -5.44131 -86.0453
0.938642 0 16.3903 -38.2769 13.0635 -57.6403 8.0934 -72.4209 4.79743 -78.0738 0.480808 -82.7776 -2.49373 -84.8787 -5.488 -86.3744
0.944061 0 16.8321 -40.9616 13.2352 -60.0596 8.11278 -73.9345 4.77978 -79.1321 0.442751 -83.4289 -2.53772 -85.3426 -5.53498 -86.7036
0.949511 0 17.2807 -43.9697 13.396 -62.6017 8.1265 -75.4711 4.75924 -80.1977 0.40358 -84.0817 -2.58227 -85.8071 -5.58225 -87.0329
0.954993 0 17.7309 -47.3438 13.5436 -65.2654 8.13428 -77.0287 4.73575 -81.2699 0.363288 -84.7359 -2.62739 -86.2719 -5.62981 -87.3624
0.960506 0 18.1756 -51.1269 13.6756 -68.0475 8.1359 -78.6058 4.70928 -82.3479 0.321869 -85.3912 -2.67308 -86.7371 -5.67765 -87.6919
0.966051 0 18.6051 -55.3589 13.7898 -70.9422 8.13112 -80.2001 4.67977 -83.4312 0.279318 -86.0476 -2.71934 -87.2026 -5.72578 -88.0215
0.971628 0 19.0067 -60.0699 13.8837 -73.9409 8.11975 -81.8096 4.64717 -84.519 0.235629 -86.705 -2.76618 -87.6684 -5.7742 -88.3511
0.977237 0 19.3646 -65.2712 13.955 -77.0321 8.1016 -83.4319 4.61146 -85.6106 0.190798 -87.3631 -2.81359 -88.1345 -5.8229 -88.6808
0.982879 0 19.6605 -70.9448 14.0018 -80.2015 8.07654 -85.0647 4.57261 -86.7053 0.144822 -88.0218 -2.86158 -88.6007 -5.8719 -89.0106
0.988553 0 19.8756 -77.0329 14.0222 -83.4324 8.04443 -86.7054 4.53058 -87.8022 0.0976979 -88.6809 -2.91014 -89.067 -5.92118 -89.3404
0.99426 0 19.9928 -83.4325 14.015 -86.7054 8.0052 -88.3513 4.48538 -88.9007 0.0494244 -89.3404 -2.95928 -89.5335 -5.97074 -89.6702
1 0 20 -90 13.9794 -90 7.9588 -90 4.43697 -90 0 -90 -3.00899 -90 -6.0206 -90
1.00577 -0.1 19.8928 -96.5675 13.915 -93.2946 7.9052 -91.6487 4.38538 -91.0993 -0.0505756 -90.6596 -3.05928 -90.4665 -6.07074 -90.3298
1.01158 -0.2 19.6756 -102.967 13.8222 -96.5676 7.84443 -93.2946 4.33058 -92.1978 -0.102302 -91.3191 -3.11014 -90.933 -6.12118 -90.6596
1.01742 -0.3 19.3605 -109.055 13.7018 -99.7985 7.77654 -94.9353 4.27261 -93.2947 -0.155178 -91.9782 -3.16158 -91.3993 -6.1719 -90.9894
1.02329 -0.4 18.9646 -114.729 13.555 -102.968 7.7016 -96.5681 4.21146 -94.3894 -0.209202 -92.6369 -3.21359 -91.8655 -6.2229 -91.3192
1.0292 -0.5 18.5067 -119.93 13.3837 -106.059 7.61975 -98.1904 4.14717 -95.481 -0.264371 -93.295 -3.26618 -92.3316 -6.2742 -91.6489
1.03514 -0.6 18.0051 -124.641 13.1898 -109.058 7.53112 -99.7999 4.07977 -96.5688 -0.320682 -93.9524 -3.31934 -92.7974 -6.32578 -91.9785
1.04112 -0.7 17.4756 -128.873 12.9756 -111.952 7.4359 -101.394 4.00928 -97.6521 -0.378131 -94.6088 -3.37308 -93.2629 -6.37765 -92.3081
1.04713 -0.8 16.9309 -132.656 12.7436 -114.735 7.33428 -102.971 3.93575 -98.7301 -0.436712 -95.2641 -3.42739 -93.7281 -6.42981 -92.6376
1.05317 -0.9 16.3807 -136.03 12.496 -117.398 7.2265 -104.529 3.85924 -99.8023 -0.49642 -95.9183 -3.48227 -94.1929 -6.48225 -92.9671
1.05925 -1 15.8321 -139.038 12.2352 -119.94 7.11278 -106.065 3.77978 -100.868 -0.557249 -96.5711 -3.53772 -94.6574 -6.53498 -93.2964
1.06537 -1.1 15.2903 -141.723 11.9635 -122.36 6.9934 -107.579 3.69743 -101.926 -0.619192 -97.2224 -3.59373 -95.1213 -6.588 -93.6256
1.07152 -1.2 14.7585 -144.124 11.6829 -124.657 6.86863 -109.068 3.61226 -102.977 -0.682241 -97.8721 -3.65032 -95.5848 -6.64131 -93.9547
1.07771 -1.3 14.2389 -146.276 11.3952 -126.835 6.73874 -110.532 3.52434 -104.019 -0.746388 -98.52 -3.70746 -96.0477 -6.6949 -94.2837
1.08393 -1.4 13.7327 -148.211 11.1022 -128.896 6.60404 -111.969 3.43373 -105.052 -0.811624 -99.166 -3.76518 -96.51 -6.74878 -94.6125
1.09018 -1.5 13.2406 -149.957 10.8054 -130.845 6.46481 -113.377 3.3405 -106.076 -0.877939 -99.8099 -3.82345 -96.9717 -6.80294 -94.9412
1.09648 -1.6 12.7627 -151.538 10.506 -132.686 6.32135 -114.758 3.24473 -107.09 -0.945324 -100.452 -3.88228 -97.4327 -6.85739 -95.2697
1.10281 -1.7 12.299 -152.973 10.2053 -134.426 6.17396 -116.109 3.14649 -108.093 -1.01377 -101.091 -3.94167 -97.893 -6.91212 -95.598
1.10917 -1.8 11.8491 -154.28 9.90403 -136.069 6.02292 -117.43 3.04588 -109.086 -1.08326 -101.728 -4.00161 -98.3525 -6.96714 -95.9262
1.11558 -1.9 11.4127 -155.476 9.60316 -137.62 5.86852 -118.721 2.94296 -110.067 -1.15378 -102.363 -4.0621 -98.8112 -7.02245 -96.2541
1.12202 -2 10.9891 -156.571 9.30334 -139.085 5.71104 -119.981 2.83783 -111.037 -1.22533 -102.995 -4.12315 -99.2691 -7.07804 -96.5819
1.1285 -2.1 10.578 -157.579 9.00513 -140.47 5.55074 -121.212 2.73057 -111.995 -1.29789 -103.624 -4.18474 -99.726 -7.13391 -96.9094
1.13501 -2.2 10.1786 -158.507 8.70898 -141.779 5.3879 -122.412 2.62126 -112.941 -1.37144 -104.25 -4.24687 -100.182 -7.19007 -97.2367
1.14156 -2.3 9.79052 -159.366 8.41527 -143.017 5.22276 -123.581 2.50998 -113.875 -1.44598 -104.873 -4.30954 -100.637 -7.24651 -97.5638
1.14815 -2.4 9.41309 -160.162 8.1243 -144.189 5.05555 -124.721 2.39683 -114.796 -1.52149 -105.493 -4.37276 -101.091 -7.30323 -97.8906
1.15478 -2.5 9.0458 -160.902 7.8363 -145.298 4.88652 -125.831 2.28189 -115.704 -1.59795 -106.11 -4.4365 -101.544 -7.36024 -98.2172
1.16145 -2.6 8.68815 -161.591 7.55145 -146.35 4.71586 -126.912 2.16524 -116.6 -1.67535 -106.723 -4.50078 -101.996 -7.41752 -98.5435
1.16815 -2.7 8.33965 -162.234 7.26989 -147.348 4.54379 -127.963 2.04697 -117.482 -1.75368 -107.333 -4.56558 -102.447 -7.47509 -98.8695
1.1749 -2.8 7.99982 -162.836 6.99171 -148.295 4.37049 -128.987 1.92715 -118.351 -1.83292 -107.94 -4.6309 -102.897 -7.53294 -99.1953
1.18168 -2.9 7.66822 -163.399 6.71697 -149.194 4.19615 -129.982 1.80587 -119.207 -1.91305 -108.543 -4.69675 -103.345 -7.59107 -99.5207
1.1885 -3 7.34445 -163.929 6.4457 -150.05 4.02093 -130.95 1.68322 -120.05 -1.99405 -109.142 -4.76311 -103.792 -7.64948 -99.8458
1.19536 -3.1 7.02811 -164.426 6.17792 -150.864 3.84499 -131.892 1.55926 -120.879 -2.07592 -109.738 -4.82999 -104.238 -7.70817 -100.171
1.20226 -3.2 6.71884 -164.895 5.91363 -151.639 3.66848 -132.807 1.43407 -121.695 -2.15864 -110.33 -4.89737 -104.683 -7.76714 -100.495
1.20921 -3.3 6.41628 -165.338 5.6528 -152.379 3.49153 -133.698 1.30773 -122.498 -2.24218 -110.918 -4.96525 -105.126 -7.82639 -100.819
1.21619 -3.4 6.12013 -165.757 5.39539 -153.084 3.31426 -134.563 1.18031 -123.288 -2.32654 -111.502 -5.03364 -105.568 -7.88591 -101.143
1.22321 -3.5 5.83007 -166.153 5.14138 -153.757 3.13679 -135.404 1.05189 -124.064 -2.41169 -112.082 -5.10252 -106.008 -7.94571 -101.466
1.23027 -3.6 5.54581 -166.528 4.8907 -154.4 2.95922 -136.222 0.922517 -124.828 -2.49762 -112.658 -5.1719 -106.448 -8.00579 -101.789
1.23737 -3.7 5.2671 -166.885 4.64329 -155.016 2.78166 -137.017 0.792271 -125.578 -2.58432 -113.229 -5.24176 -106.885 -8.06614 -102.112
1.24451 -3.8 4.99369 -167.223 4.39911 -155.604 2.60419 -137.79 0.661213 -126.315 -2.67176 -113.797 -5.3121 -107.321 -8.12677 -102.434
1.2517 -3.9 4.72532 -167.546 4.15808 -156.168 2.4269 -138.542 0.529404 -127.04 -2.75992 -114.36 -5.38292 -107.756 -8.18768 -102.756
1.25893 -4 4.46179 -167.853 3.92014 -156.709 2.24985 -139.273 0.396902 -127.752 -2.8488 -114.919 -5.45422 -108.189 -8.24885 -103.078
1.26619 -4.1 4.20288 -168.146 3.68521 -157.228 2.07311 -139.984 0.263765 -128.451 -2.93838 -115.474 -5.52599 -108.62 -8.3103 -103.399
1.2735 -4.2 3.94839 -168.426 3.45323 -157.725 1.89675 -140.675 0.130047 -129.138 -3.02863 -116.025 -5.59821 -109.05 -8.37202 -103.719
1.28086 -4.3 3.69815 -168.693 3.22412 -158.204 1.72082 -141.347 -0.0042001 -129.813 -3.11954 -116.571 -5.6709 -109.479 -8.43402 -104.04
1.28825 -4.4 3.45197 -168.949 2.99782 -158.663 1.54537 -142.001 -0.138927 -130.475 -3.2111 -117.113 -5.74405 -109.905 -8.49628 -104.359
1.29569 -4.5 3.20969 -169.193 2.77426 -159.105 1.37044 -142.638 -0.274085 -131.126 -3.30328 -117.65 -5.81764 -110.33 -8.55882 -104.679
1.30317 -4.6 2.97116 -169.428 2.55336 -159.531 1.19608 -143.257 -0.409629 -131.765 -3.39608 -118.183 -5.89168 -110.753 -8.62162 -104.998
1.31069 -4.7 2.73622 -169.653 2.33506 -159.941 1.02231 -143.86 -0.545516 -132.393 -3.48947 -118.711 -5.96616 -111.175 -8.6847 -105.316
1.31826 -4.8 2.50474 -169.87 2.11929 -160.336 0.849179 -144.447 -0.681704 -133.009 -3.58344 -119.235 -6.04107 -111.594 -8.74804 -105.634
1.32587 -4.9 2.27658 -170.077 1.90598 -160.717 0.676704 -145.018 -0.818155 -133.614 -3.67798 -119.754 -6.11642 -112.012 -8.81164 -105.951
1.33352 -5 2.05162 -170.277 1.69508 -161.084 0.504912 -145.574 -0.95483 -134.207 -3.77306 -120.269 -6.19219 -112.428 -8.87552 -106.268
1.34122 -5.1 1.82975 -170.47 1.4865 -161.439 0.333824 -146.116 -1.09169 -134.791 -3.86867 -120.779 -6.26838 -112.843 -8.93966 -106.584
1.34896 -5.2 1.61084 -170.655 1.2802 -161.782 0.163459 -146.644 -1.22872 -135.363 -3.9648 -121.285 -6.34499 -113.255 -9.00406 -106.9
1.35675 -5.3 1.39479 -170.833 1.07611 -162.113 -0.00616729 -147.159 -1.36586 -135.925 -4.06143 -121.786 -6.422 -113.666 -9.06873 -107.215
1.36458 -5.4 1.1815 -171.005 0.874178 -162.433 -0.175042 -147.66 -1.5031 -136.477 -4.15855 -122.283 -6.49942 -114.075 -9.13366 -107.53
1.37246 -5.5 0.97088 -171.172 0.674341 -162.743 -0.343154 -148.149 -1.6404 -137.019 -4.25613 -122.775 -6.57725 -114.481 -9.19885 -107.844
1.38038 -5.6 0.762827 -171.332 0.476544 -163.043 -0.510494 -148.625 -1.77774 -137.551 -4.35417 -123.263 -6.65546 -114.886 -9.2643 -108.158
1.38835 -5.7 0.557258 -171.487 0.280734 -163.334 -0.677054 -149.09 -1.9151 -138.073 -4.45266 -123.746 -6.73407 -115.289 -9.33001 -108.471
1.39637 -5.8 0.354089 -171.637 0.0868595 -163.616 -0.84283 -149.543 -2.05245 -138.586 -4.55157 -124.225 -6.81306 -115.691 -9.39598 -108.784
1.40443 -5.9 0.153241 -171.782 -0.105132 -163.889 -1.00782 -149.985 -2.18976 -139.089 -4.6509 -124.699 -6.89243 -116.09 -9.46221 -109.096
1.41254 -6 -0.0453619 -171.922 -0.295289 -164.153 -1.17201 -150.416 -2.32702 -139.584 -4.75062 -125.168 -6.97218 -116.487 -9.5287 -109.407
1.42069 -6.1 -0.241792 -172.058 -0.483659 -164.41 -1.33542 -150.837 -2.4642 -140.069 -4.85073 -125.633 -7.05229 -116.882 -9.59544 -109.718
1.42889 -6.2 -0.436119 -172.19 -0.67029 -164.66 -1.49803 -151.248 -2.6013 -140.546 -4.95122 -126.094 -7.13277 -117.275 -9.66244 -110.028
1.43714 -6.3 -0.628409 -172.317 -0.855225 -164.902 -1.65985 -151.65 -2.73828 -141.014 -5.05206 -126.55 -7.21361 -117.667 -9.72969 -110.338
1.44544 -6.4 -0.818724 -172.441 -1.03851 -165.137 -1.82087 -152.042 -2.87513 -141.474 -5.15326 -127.002 -7.2948 -118.056 -9.79719 -110.647
1.45378 -6.5 -1.00713 -172.561 -1.22018 -165.366 -1.98111 -152.424 -3.01185 -141.926 -5.25478 -127.449 -7.37635 -118.443 -9.86495 -110.955
1.46218 -6.6 -1.19367 -172.678 -1.40029 -165.588 -2.14057 -152.798 -3.14841 -142.37 -5.35664 -127.892 -7.45823 -118.828 -9.93295 -111.263
1.47062 -6.7 -1.37842 -172.791 -1.57887 -165.804 -2.29925 -153.164 -3.2848 -142.806 -5.4588 -128.331 -7.54046 -119.212 -10.0012 -111.57
1.47911 -6.8 -1.56142 -172.902 -1.75595 -166.015 -2.45715 -153.521 -3.42101 -143.234 -5.56126 -128.765 -7.62302 -119.593 -10.0697 -111.876
1.48765 -6.9 -1.74272 -173.009 -1.93159 -166.219 -2.61428 -153.871 -3.55703 -143.655 -5.66401 -129.195 -7.70591 -119.972 -10.1385 -112.182
1.49624 -7 -1.92238 -173.113 -2.1058 -166.419 -2.77065 -154.212 -3.69284 -144.068 -5.76704 -129.621 -7.78912 -120.349 -10.2075 -112.487
1.50487 -7.1 -2.10043 -173.214 -2.27864 -166.613 -2.92626 -154.546 -3.82845 -144.474 -5.87034 -130.043 -7.87265 -120.724 -10.2767 -112.791
1.51356 -7.2 -2.27693 -173.313 -2.45012 -166.802 -3.08111 -154.873 -3.96383 -144.873 -5.97389 -130.46 -7.9565 -121.097 -10.3462 -113.095
1.5223 -7.3 -2.45192 -173.408 -2.6203 -166.987 -3.23523 -155.193 -4.09898 -145.266 -6.07768 -130.873 -8.04066 -121.468 -10.4159 -113.398
1.53109 -7.4 -2.62544 -173.502 -2.78918 -167.167 -3.3886 -155.506 -4.23389 -145.651 -6.18172 -131.282 -8.12512 -121.836 -10.4859 -113.7
1.53993 -7.5 -2.79754 -173.593 -2.95682 -167.342 -3.54125 -155.812 -4.36856 -146.03 -6.28597 -131.686 -8.20988 -122.203 -10.5561 -114.002
1.54882 -7.6 -2.96823 -173.682 -3.12323 -167.514 -3.69317 -156.112 -4.50297 -146.403 -6.39045 -132.087 -8.29494 -122.568 -10.6266 -114.303
1.55776 -7.7 -3.13758 -173.768 -3.28844 -167.681 -3.84438 -156.406 -4.63713 -146.769 -6.49513 -132.484 -8.38028 -122.93 -10.6973 -114.603
1.56675 -7.8 -3.30561 -173.853 -3.45249 -167.844 -3.99489 -156.693 -4.77103 -147.129 -6.6 -132.876 -8.46592 -123.29 -10.7682 -114.903
1.5758 -7.9 -3.47235 -173.935 -3.61541 -168.003 -4.14469 -156.975 -4.90466 -147.483 -6.70507 -133.265 -8.55183 -123.649 -10.8394 -115.202
1.58489 -8 -3.63785 -174.016 -3.77721 -168.159 -4.29381 -157.251 -5.03802 -147.831 -6.81032 -133.649 -8.63802 -124.005 -10.9108 -115.5
1.59404 -8.1 -3.80212 -174.094 -3.93792 -168.311 -4.44225 -157.521 -5.1711 -148.174 -6.91574 -134.03 -8.72448 -124.359 -10.9825 -115.797
1.60325 -8.2 -3.96521 -174.171 -4.09757 -168.46 -4.59001 -157.787 -5.3039 -148.51 -7.02132 -134.407 -8.81121 -124.711 -11.0543 -116.094
1.6125 -8.3 -4.12715 -174.246 -4.25618 -168.605 -4.73711 -158.046 -5.43642 -148.842 -7.12706 -134.78 -8.8982 -125.061 -11.1264 -116.389
1.62181 -8.4 -4.28795 -174.319 -4.41378 -168.747 -4.88356 -158.301 -5.56866 -149.168 -7.23295 -135.149 -8.98545 -125.409 -11.1988 -116.684
1.63117 -8.5 -4.44765 -174.39 -4.57039 -168.886 -5.02935 -158.551 -5.7006 -149.488 -7.33898 -135.514 -9.07296 -125.755 -11.2713 -116.979
1.64059 -8.6 -4.60628 -174.46 -4.72603 -169.022 -5.17451 -158.796 -5.83226 -149.804 -7.44514 -135.876 -9.16071 -126.099 -11.3441 -117.272
1.65006 -8.7 -4.76386 -174.529 -4.88072 -169.155 -5.31904 -159.036 -5.96363 -150.114 -7.55143 -136.234 -9.24871 -126.44 -11.4172 -117.565
1.65959 -8.8 -4.92042 -174.596 -5.03448 -169.286 -5.46295 -159.272 -6.09471 -150.419 -7.65784 -136.588 -9.33695 -126.78 -11.4904 -117.857
1.66917 -8.9 -5.07598 -174.661 -5.18734 -169.413 -5.60625 -159.504 -6.22549 -150.72 -7.76436 -136.939 -9.42543 -127.117 -11.5639 -118.148
1.6788 -9 -5.23057 -174.725 -5.33931 -169.538 -5.74894 -159.731 -6.35598 -151.016 -7.87099 -137.286 -9.51414 -127.453 -11.6376 -118.439
1.6885 -9.1 -5.3842 -174.788 -5.49041 -169.661 -5.89104 -159.954 -6.48617 -151.307 -7.97772 -137.629 -9.60308 -127.786 -11.7115 -118.728
1.69824 -9.2 -5.53691 -174.849 -5.64066 -169.781 -6.03255 -160.173 -6.61607 -151.594 -8.08454 -137.969 -9.69225 -128.117 -11.7857 -119.017
1.70805 -9.3 -5.6887 -174.91 -5.79008 -169.898 -6.17348 -160.388 -6.74567 -151.876 -8.19146 -138.305 -9.78163 -128.446 -11.86 -119.305
1.71791 -9.4 -5.83961 -174.968 -5.93869 -170.013 -6.31384 -160.599 -6.87498 -152.154 -8.29846 -138.638 -9.87123 -128.773 -11.9346 -119.592
1.72783 -9.5 -5.98965 -175.026 -6.0865 -170.126 -6.45364 -160.807 -7.00399 -152.428 -8.40553 -138.968 -9.96105 -129.098 -12.0094 -119.879
1.7378 -9.6 -6.13885 -175.083 -6.23353 -170.237 -6.59288 -161.01 -7.13271 -152.698 -8.51268 -139.294 -10.0511 -129.421 -12.0844 -120.164
1.74783 -9.7 -6.28721 -175.138 -6.3798 -170.346 -6.73158 -161.21 -7.26113 -152.963 -8.61989 -139.617 -10.1413 -129.742 -12.1596 -120.449
1.75792 -9.8 -6.43476 -175.193 -6.52531 -170.452 -6.86974 -161.407 -7.38926 -153.225 -8.72717 -139.936 -10.2317 -130.061 -12.2351 -120.733
1.76807 -9.9 -6.58152 -175.246 -6.6701 -170.557 -7.00737 -161.601 -7.5171 -153.482 -8.83451 -140.253 -10.3224 -130.378 -12.3108 -121.016
1.77828 -10 -6.7275 -175.299 -6.81416 -170.66 -7.14448 -161.791 -7.64465 -153.736 -8.9419 -140.566 -10.4132 -130.693 -12.3866 -121.298
1.78855 -10.1 -6.87273 -175.35 -6.95753 -170.76 -7.28107 -161.978 -7.77191 -153.986 -9.04934 -140.876 -10.5042 -131.006 -12.4627 -121.58
1.79887 -10.2 -7.01721 -175.4 -7.1002 -170.859 -7.41716 -162.161 -7.89887 -154.233 -9.15682 -141.182 -10.5954 -131.317 -12.539 -121.86
1.80926 -10.3 -7.16096 -175.45 -7.2422 -170.956 -7.55274 -162.342 -8.02555 -154.475 -9.26434 -141.486 -10.6868 -131.626 -12.6155 -122.14
1.8197 -10.4 -7.304 -175.498 -7.38353 -171.052 -7.68784 -162.52 -8.15195 -154.715 -9.3719 -141.787 -10.7783 -131.933 -12.6922 -122.419
1.83021 -10.5 -7.44635 -175.546 -7.52422 -171.145 -7.82245 -162.695 -8.27805 -154.951 -9.4795 -142.084 -10.8701 -132.237 -12.7691 -122.697
1.84077 -10.6 -7.58801 -175.593 -7.66427 -171.237 -7.95658 -162.867 -8.40388 -155.183 -9.58712 -142.379 -10.962 -132.54 -12.8462 -122.974
1.8514 -10.7 -7.72901 -175.639 -7.8037 -171.328 -8.09024 -163.036 -8.52942 -155.412 -9.69476 -142.67 -11.054 -132.841 -12.9235 -123.25
1.86209 -10.8 -7.86935 -175.684 -7.94251 -171.417 -8.22344 -163.202 -8.65469 -155.638 -9.80243 -142.959 -11.1463 -133.14 -13.001 -123.526
1.87284 -10.9 -8.00904 -175.729 -8.08073 -171.504 -8.35618 -163.366 -8.77967 -155.861 -9.91012 -143.244 -11.2387 -133.437 -13.0788 -123.8
1.88365 -11 -8.14811 -175.772 -8.21835 -171.59 -8.48847 -163.528 -8.90439 -156.081 -10.0178 -143.527 -11.3313 -133.732 -13.1567 -124.074
1.89452 -11.1 -8.28657 -175.815 -8.3554 -171.674 -8.62032 -163.686 -9.02882 -156.298 -10.1255 -143.807 -11.424 -134.025 -13.2348 -124.346
1.90546 -11.2 -8.42442 -175.857 -8.49188 -171.758 -8.75173 -163.843 -9.15299 -156.511 -10.2333 -144.084 -11.5169 -134.316 -13.3131 -124.618
1.91646 -11.3 -8.56167 -175.899 -8.62781 -171.839 -8.88271 -163.997 -9.27688 -156.722 -10.341 -144.359 -11.6099 -134.606 -13.3916 -124.889
1.92752 -11.4 -8.69835 -175.94 -8.76319 -171.92 -9.01327 -164.148 -9.40051 -156.93 -10.4487 -144.631 -11.7031 -134.893 -13.4703 -125.159
1.93865 -11.5 -8.83446 -175.98 -8.89804 -171.999 -9.14341 -164.298 -9.52388 -157.135 -10.5565 -144.9 -11.7964 -135.178 -13.5492 -125.429
1.94984 -11.6 -8.97002 -176.019 -9.03236 -172.076 -9.27315 -164.445 -9.64698 -157.337 -10.6642 -145.166 -11.8899 -135.462 -13.6283 -125.697
1.9611 -11.7 -9.10502 -176.058 -9.16616 -172.153 -9.40247 -164.59 -9.76981 -157.537 -10.7719 -145.43 -11.9835 -135.744 -13.7075 -125.964
1.97242 -11.8 -9.23949 -176.096 -9.29946 -172.228 -9.5314 -164.733 -9.89239 -157.734 -10.8796 -145.691 -12.0772 -136.023 -13.787 -126.231
1.98381 -11.9 -9.37343 -176.134 -9.43227 -172.303 -9.65994 -164.873 -10.0147 -157.928 -10.9874 -145.949 -12.1711 -136.301 -13.8666 -126.496
1.99526 -12 -9.50686 -176.171 -9.56458 -172.376 -9.78808 -165.012 -10.1368 -158.12 -11.0951 -146.205 -12.2651 -136.577 -13.9465 -126.761
2.00678 -12.1 -9.63978 -176.207 -9.69642 -172.448 -9.91585 -165.149 -10.2586 -158.31 -11.2028 -146.459 -12.3592 -136.851 -14.0265 -127.025
2.01837 -12.2 -9.77221 -176.243 -9.82778 -172.518 -10.0432 -165.283 -10.3802 -158.497 -11.3104 -146.71 -12.4535 -137.124 -14.1067 -127.288
2.03002 -12.3 -9.90414 -176.278 -9.95869 -172.588 -10.1703 -165.416 -10.5015 -158.681 -11.4181 -146.958 -12.5479 -137.394 -14.1871 -127.55
2.04174 -12.4 -10.0356 -176.313 -10.0891 -172.657 -10.2969 -165.547 -10.6226 -158.863 -11.5257 -147.204 -12.6424 -137.663 -14.2676 -127.811
2.05353 -12.5 -10.1666 -176.348 -10.2191 -172.724 -10.4232 -165.676 -10.7434 -159.043 -11.6334 -147.448 -12.737 -137.93 -14.3484 -128.071
2.06538 -12.6 -10.2971 -176.381 -10.3487 -172.791 -10.5492 -165.804 -10.864 -159.22 -11.741 -147.69 -12.8318 -138.195 -14.4293 -128.33
2.0773 -12.7 -10.4272 -176.415 -10.4778 -172.857 -10.6748 -165.929 -10.9843 -159.396 -11.8485 -147.929 -12.9266 -138.459 -14.5104 -128.588
2.0893 -12.8 -10.5568 -176.447 -10.6066 -172.922 -10.8 -166.053 -11.1045 -159.569 -11.9561 -148.165 -13.0216 -138.72 -14.5917 -128.846
2.10136 -12.9 -10.686 -176.48 -10.7349 -172.986 -10.9249 -166.175 -11.2244 -159.74 -12.0636 -148.4 -13.1166 -138.98 -14.6731 -129.102
2.11349 -13 -10.8148 -176.511 -10.8628 -173.048 -11.0495 -166.296 -11.344 -159.909 -12.1711 -148.632 -13.2118 -139.238 -14.7547 -129.358
2.12569 -13.1 -10.9431 -176.543 -10.9902 -173.111 -11.1738 -166.415 -11.4634 -160.075 -12.2786 -148.862 -13.3071 -139.494 -14.8365 -129.612
2.13796 -13.2 -11.071 -176.574 -11.1173 -173.172 -11.2977 -166.532 -11.5826 -160.24 -12.386 -149.09 -13.4025 -139.749 -14.9185 -129.866
2.1503 -13.3 -11.1986 -176.604 -11.244 -173.232 -11.4213 -166.648 -11.7016 -160.403 -12.4934 -149.316 -13.498 -140.002 -15.0006 -130.118
2.16272 -13.4 -11.3257 -176.634 -11.3704 -173.291 -11.5446 -166.762 -11.8204 -160.564 -12.6008 -149.539 -13.5936 -140.253 -15.0829 -130.37
2.1752 -13.5 -11.4524 -176.664 -11.4963 -173.35 -11.6676 -166.875 -11.9389 -160.722 -12.7081 -149.761 -13.6893 -140.503 -15.1654 -130.621
2.18776 -13.6 -11.5788 -176.693 -11.6219 -173.408 -11.7903 -166.986 -12.0572 -160.879 -12.8154 -149.98 -13.785 -140.75 -15.248 -130.871
2.20039 -13.7 -11.7047 -176.722 -11.7471 -173.465 -11.9127 -167.096 -12.1753 -161.034 -12.9227 -150.198 -13.8809 -140.997 -15.3308 -131.12
2.21309 -13.8 -11.8303 -176.75 -11.872 -173.521 -12.0348 -167.204 -12.2932 -161.188 -13.0299 -150.413 -13.9769 -141.241 -15.4138 -131.368
2.22587 -13.9 -11.9556 -176.778 -11.9965 -173.577 -12.1566 -167.312 -12.4109 -161.339 -13.1371 -150.626 -14.0729 -141.484 -15.4969 -131.615
2.23872 -14 -12.0804 -176.806 -12.1207 -173.632 -12.2781 -167.417 -12.5284 -161.489 -13.2443 -150.837 -14.169 -141.725 -15.5802 -131.861
2.25165 -14.1 -12.205 -176.833 -12.2445 -173.686 -12.3993 -167.522 -12.6457 -161.637 -13.3514 -151.047 -14.2653 -141.964 -15.6636 -132.106
2.26464 -14.2 -12.3291 -176.86 -12.368 -173.739 -12.5203 -167.625 -12.7627 -161.783 -13.4585 -151.254 -14.3616 -142.202 -15.7472 -132.35
2.27772 -14.3 -12.453 -176.887 -12.4912 -173.792 -12.641 -167.727 -12.8796 -161.927 -13.5655 -151.46 -14.4579 -142.439 -15.831 -132.594
2.29087 -14.4 -12.5765 -176.913 -12.6141 -173.844 -12.7614 -167.827 -12.9963 -162.07 -13.6725 -151.663 -14.5544 -142.673 -15.9149 -132.836
2.30409 -14.5 -12.6996 -176.939 -12.7366 -173.896 -12.8815 -167.927 -13.1127 -162.212 -13.7794 -151.865 -14.6509 -142.906 -15.999 -133.077
2.31739 -14.6 -12.8225 -176.965 -12.8588 -173.946 -13.0014 -168.025 -13.229 -162.351 -13.8863 -152.065 -14.7476 -143.138 -16.0832 -133.318
2.33077 -14.7 -12.945 -176.99 -12.9808 -173.996 -13.121 -168.122 -13.3451 -162.489 -13.9932 -152.263 -14.8443 -143.368 -16.1676 -133.557
2.34423 -14.8 -13.0672 -177.015 -13.1024 -174.046 -13.2403 -168.218 -13.461 -162.626 -14.1 -152.459 -14.941 -143.596 -16.2521 -133.796
2.35776 -14.9 -13.1891 -177.04 -13.2237 -174.095 -13.3595 -168.312 -13.5767 -162.761 -14.2068 -152.654 -15.0379 -143.823 -16.3368 -134.033
2.37137 -15 -13.3107 -177.064 -13.3447 -174.143 -13.4783 -168.406 -13.6922 -162.895 -14.3135 -152.846 -15.1348 -144.049 -16.4216 -134.27
2.38506 -15.1 -13.432 -177.088 -13.4655 -174.191 -13.5969 -168.498 -13.8076 -163.027 -14.4202 -153.037 -15.2317 -144.272 -16.5066 -134.506
2.39883 -15.2 -13.553 -177.112 -13.5859 -174.238 -13.7153 -168.59 -13.9227 -163.157 -14.5269 -153.227 -15.3288 -144.495 -16.5917 -134.74
2.41268 -15.3 -13.6737 -177.135 -13.7061 -174.284 -13.8334 -168.68 -14.0377 -163.287 -14.6335 -153.414 -15.4259 -144.715 -16.677 -134.974
2.42661 -15.4 -13.7941 -177.158 -13.826 -174.33 -13.9513 -168.769 -14.1525 -163.414 -14.74 -153.6 -15.523 -144.935 -16.7624 -135.207
2.44062 -15.5 -13.9142 -177.181 -13.9456 -174.376 -14.069 -168.858 -14.2671 -163.541 -14.8465 -153.785 -15.6203 -145.153 -16.848 -135.439
2.45471 -15.6 -14.0341 -177.204 -14.065 -174.421 -14.1864 -168.945 -14.3816 -163.666 -14.953 -153.967 -15.7176 -145.369 -16.9337 -135.67
2.46888 -15.7 -14.1537 -177.226 -14.1841 -174.465 -14.3037 -169.031 -14.4959 -163.79 -15.0594 -154.148 -15.8149 -145.584 -17.0195 -135.9
2.48313 -15.8 -14.273 -177.248 -14.303 -174.509 -14.4207 -169.117 -14.61 -163.912 -15.1657 -154.328 -15.9123 -145.797 -17.1055 -136.129
2.49747 -15.9 -14.3921 -177.27 -14.4216 -174.552 -14.5374 -169.201 -14.7239 -164.033 -15.2721 -154.506 -16.0098 -146.009 -17.1916 -136.357
2.51189 -16 -14.5109 -177.291 -14.5399 -174.595 -14.654 -169.284 -14.8377 -164.153 -15.3783 -154.682 -16.1073 -146.22 -17.2778 -136.584
2.52639 -16.1 -14.6295 -177.313 -14.658 -174.637 -14.7703 -169.367 -14.9513 -164.272 -15.4846 -154.857 -16.2049 -146.429 -17.3642 -136.81
2.54097 -16.2 -14.7478 -177.334 -14.7759 -174.679 -14.8865 -169.448 -15.0648 -164.389 -15.5907 -155.03 -16.3026 -146.637 -17.4507 -137.036
2.55564 -16.3 -14.8658 -177.355 -14.8935 -174.72 -15.0024 -169.529 -15.1781 -164.506 -15.6969 -155.202 -16.4002 -146.843 -17.5374 -137.26
2.5704 -16.4 -14.9836 -177.375 -15.0109 -174.761 -15.1181 -169.609 -15.2912 -164.621 -15.8029 -155.372 -16.498 -147.048 -17.6242 -137.483
2.58523 -16.5 -15.1012 -177.396 -15.128 -174.802 -15.2337 -169.688 -15.4042 -164.734 -15.909 -155.541 -16.5958 -147.251 -17.7111 -137.706
2.60016 -16.6 -15.2185 -177.416 -15.2449 -174.842 -15.349 -169.766 -15.5171 -164.847 -16.0149 -155.708 -16.6936 -147.454 -17.7982 -137.927
2.61517 -16.7 -15.3356 -177.436 -15.3616 -174.881 -15.4641 -169.843 -15.6297 -164.959 -16.1209 -155.874 -16.7915 -147.654 -17.8853 -138.148
2.63027 -16.8 -15.4525 -177.455 -15.4781 -174.921 -15.5791 -169.92 -15.7423 -165.069 -16.2268 -156.038 -16.8894 -147.854 -17.9726 -138.367
2.64545 -16.9 -15.5692 -177.475 -15.5944 -174.959 -15.6938 -169.995 -15.8547 -165.178 -16.3326 -156.201 -16.9874 -148.052 -18.0601 -138.586
2.66073 -17 -15.6856 -177.494 -15.7104 -174.998 -15.8084 -170.07 -15.9669 -165.287 -16.4384 -156.363 -17.0854 -148.249 -18.1476 -138.804
2.67609 -17.1 -15.8018 -177.513 -15.8263 -175.035 -15.9228 -170.144 -16.079 -165.394 -16.5441 -156.523 -17.1835 -148.444 -18.2353 -139.021
2.69153 -17.2 -15.9178 -177.532 -15.9419 -175.073 -16.037 -170.218 -16.1909 -165.5 -16.6498 -156.682 -17.2816 -148.638 -18.3231 -139.236
2.70707 -17.3 -16.0336 -177.551 -16.0573 -175.11 -16.151 -170.29 -16.3027 -165.605 -16.7555 -156.84 -17.3798 -148.831 -18.4111 -139.451
2.7227 -17.4 -16.1492 -177.569 -16.1726 -175.147 -16.2648 -170.362 -16.4144 -165.709 -16.8611 -156.996 -17.478 -149.023 -18.4991 -139.665
2.73842 -17.5 -16.2646 -177.587 -16.2876 -175.183 -16.3785 -170.433 -16.5259 -165.812 -16.9666 -157.151 -17.5762 -149.213 -18.5873 -139.878
2.75423 -17.6 -16.3797 -177.605 -16.4024 -175.219 -16.492 -170.503 -16.6373 -165.914 -17.0721 -157.305 -17.6745 -149.402 -18.6756 -140.09
2.77013 -17.7 -16.4947 -177.623 -16.5171 -175.254 -16.6053 -170.573 -16.7486 -166.015 -17.1776 -157.457 -17.7728 -149.59 -18.764 -140.301
2.78612 -17.8 -16.6095 -177.641 -16.6315 -175.289 -16.7185 -170.642 -16.8597 -166.115 -17.283 -157.608 -17.8712 -149.776 -18.8525 -140.512
2.80221 -17.9 -16.7241 -177.658 -16.7458 -175.324 -16.8315 -170.71 -16.9707 -166.214 -17.3884 -157.758 -17.9695 -149.962 -18.9412 -140.721
2.81838 -18 -16.8384 -177.676 -16.8598 -175.359 -16.9443 -170.778 -17.0816 -166.312 -17.4937 -157.907 -18.068 -150.146 -19.0299 -140.929
2.83465 -18.1 -16.9526 -177.693 -16.9737 -175.393 -17.057 -170.844 -17.1923 -166.409 -17.599 -158.054 -18.1664 -150.329 -19.1188 -141.137
2.85102 -18.2 -17.0667 -177.71 -17.0874 -175.427 -17.1695 -170.911 -17.3029 -166.506 -17.7042 -158.201 -18.2649 -150.51 -19.2078 -141.343
2.86748 -18.3 -17.1805 -177.726 -17.201 -175.46 -17.2818 -170.976 -17.4134 -166.601 -17.8094 -158.346 -18.3635 -150.69 -19.2969 -141.549
2.88403 -18.4 -17.2942 -177.743 -17.3143 -175.493 -17.394 -171.041 -17.5237 -166.696 -17.9145 -158.49 -18.462 -150.87 -19.3861 -141.753
2.90068 -18.5 -17.4076 -177.759 -17.4275 -175.526 -17.5061 -171.105 -17.634 -166.789 -18.0196 -158.632 -18.5606 -151.048 -19.4754 -141.957
2.91743 -18.6 -17.5209 -177.776 -17.5405 -175.558 -17.618 -171.169 -17.7441 -166.882 -18.1246 -158.774 -18.6592 -151.224 -19.5649 -142.16
2.93427 -18.7 -17.6341 -177.792 -17.6534 -175.59 -17.7297 -171.232 -17.8541 -166.974 -18.2296 -158.914 -18.7579 -151.4 -19.6544 -142.362
2.95121 -18.8 -17.747 -177.808 -17.7661 -175.622 -17.8413 -171.295 -17.9639 -167.065 -18.3345 -159.053 -18.8566 -151.575 -19.7441 -142.563
2.96825 -18.9 -17.8598 -177.824 -17.8786 -175.653 -17.9528 -171.356 -18.0737 -167.155 -18.4394 -159.192 -18.9553 -151.748 -19.8338 -142.763
2.98538 -19 -17.9725 -177.839 -17.9909 -175.685 -18.0641 -171.418 -18.1833 -167.244 -18.5443 -159.329 -19.054 -151.92 -19.9237 -142.962
3.00262 -19.1 -18.0849 -177.855 -18.1031 -175.716 -18.1753 -171.478 -18.2929 -167.333 -18.6491 -159.464 -19.1528 -152.091 -20.0136 -143.16
3.01995 -19.2 -18.1972 -177.87 -18.2152 -175.746 -18.2863 -171.539 -18.4023 -167.421 -18.7539 -159.599 -19.2516 -152.261 -20.1037 -143.357
3.03739 -19.3 -18.3094 -177.885 -18.3271 -175.776 -18.3972 -171.598 -18.5116 -167.508 -18.8586 -159.733 -19.3504 -152.43 -20.1939 -143.554
3.05492 -19.4 -18.4214 -177.9 -18.4388 -175.806 -18.508 -171.657 -18.6208 -167.594 -18.9633 -159.866 -19.4493 -152.597 -20.2841 -143.749
3.07256 -19.5 -18.5332 -177.915 -18.5504 -175.836 -18.6186 -171.715 -18.7299 -167.679 -19.0679 -159.997 -19.5482 -152.764 -20.3745 -143.944
3.0903 -19.6 -18.6449 -177.93 -18.6619 -175.865 -18.7291 -171.773 -18.8388 -167.764 -19.1725 -160.128 -19.6471 -152.929 -20.465 -144.137
3.10814 -19.7 -18.7565 -177.945 -18.7732 -175.895 -18.8395 -171.831 -18.9477 -167.848 -19.277 -160.258 -19.746 -153.094 -20.5556 -144.33
3.12608 -19.8 -18.8679 -177.959 -18.8843 -175.923 -18.9497 -171.888 -19.0565 -167.931 -19.3815 -160.386 -19.845 -153.257 -20.6462 -144.522
3.14413 -19.9 -18.9791 -177.973 -18.9954 -175.952 -19.0598 -171.944 -19.1651 -168.014 -19.486 -160.514 -19.944 -153.419 -20.737 -144.713
3.16228 -20 -19.0902 -177.988 -19.1062 -175.98 -19.1698 -172 -19.2737 -168.095 -19.5904 -160.64 -20.043 -153.58 -20.8279 -144.903
3.18053 -20.1 -19.2012 -178.002 -19.217 -176.008 -19.2797 -172.055 -19.3822 -168.176 -19.6948 -160.766 -20.142 -153.741 -20.9188 -145.092
3.1989 -20.2 -19.312 -178.016 -19.3276 -176.036 -19.3894 -172.11 -19.4905 -168.257 -19.7991 -160.891 -20.241 -153.9 -21.0099 -145.281
3.21736 -20.3 -19.4227 -178.03 -19.4381 -176.064 -19.499 -172.164 -19.5988 -168.336 -19.9034 -161.014 -20.3401 -154.058 -21.101 -145.468
3.23594 -20.4 -19.5332 -178.043 -19.5484 -176.091 -19.6085 -172.218 -19.707 -168.415 -20.0077 -161.137 -20.4392 -154.215 -21.1922 -145.655
3.25462 -20.5 -19.6437 -178.057 -19.6586 -176.118 -19.7179 -172.271 -19.815 -168.493 -20.1119 -161.259 -20.5383 -154.371 -21.2836 -145.84
3.27341 -20.6 -19.754 -178.07 -19.7687 -176.145 -19.8272 -172.324 -19.923 -168.571 -20.216 -161.379 -20.6374 -154.526 -21.375 -146.025
3.2923 -20.7 -19.8641 -178.084 -19.8787 -176.171 -19.9364 -172.377 -20.0309 -168.648 -20.3202 -161.499 -20.7366 -154.679 -21.4665 -146.209
3.31131 -20.8 -19.9741 -178.097 -19.9885 -176.198 -20.0454 -172.429 -20.1387 -168.724 -20.4242 -161.618 -20.8357 -154.832 -21.5581 -146.392
3.33043 -20.9 -20.0841 -178.11 -20.0982 -176.224 -20.1544 -172.48 -20.2464 -168.8 -20.5283 -161.736 -20.9349 -154.984 -21.6498 -146.574
3.34965 -21 -20.1938 -178.123 -20.2078 -176.25 -20.2632 -172.531 -20.354 -168.875 -20.6323 -161.853 -21.0341 -155.135 -21.7416 -146.755
3.36899 -21.1 -20.3035 -178.136 -20.3173 -176.275 -20.3719 -172.582 -20.4615 -168.949 -20.7363 -161.97 -21.1334 -155.285 -21.8334 -146.936
3.38844 -21.2 -20.413 -178.148 -20.4266 -176.301 -20.4805 -172.632 -20.5689 -169.023 -20.8402 -162.085 -21.2326 -155.434 -21.9254 -147.115
3.408 -21.3 -20.5225 -178.161 -20.5359 -176.326 -20.589 -172.682 -20.6762 -169.096 -20.9441 -162.2 -21.3319 -155.582 -22.0174 -147.294
3.42768 -21.4 -20.6318 -178.174 -20.645 -176.351 -20.6974 -172.731 -20.7835 -169.168 -21.0479 -162.313 -21.4311 -155.729 -22.1095 -147.472
3.44747 -21.5 -20.7409 -178.186 -20.754 -176.376 -20.8057 -172.78 -20.8907 -169.24 -21.1517 -162.426 -21.5304 -155.875 -22.2017 -147.648
3.46737 -21.6 -20.85 -178.198 -20.8629 -176.4 -20.9139 -172.828 -20.9977 -169.312 -21.2555 -162.538 -21.6297 -156.021 -22.294 -147.825
3.48739 -21.7 -20.959 -178.21 -20.9717 -176.424 -21.022 -172.876 -21.1047 -169.382 -21.3592 -162.649 -21.729 -156.165 -22.3863 -148
3.50752 -21.8 -21.0678 -178.223 -21.0803 -176.448 -21.13 -172.924 -21.2116 -169.453 -21.4629 -162.76 -21.8284 -156.308 -22.4788 -148.174
3.52777 -21.9 -21.1766 -178.235 -21.1889 -176.472 -21.2379 -172.971 -21.3185 -169.522 -21.5666 -162.869 -21.9277 -156.45 -22.5713 -148.348
3.54813 -22 -21.2852 -178.246 -21.2974 -176.496 -21.3458 -173.018 -21.4252 -169.591 -21.6702 -162.978 -22.0271 -156.592 -22.6639 -148.52
3.56862 -22.1 -21.3937 -178.258 -21.4057 -176.52 -21.4535 -173.065 -21.5319 -169.66 -21.7738 -163.086 -22.1265 -156.732 -22.7566 -148.692
3.58922 -22.2 -21.5021 -178.27 -21.514 -176.543 -21.5611 -173.111 -21.6385 -169.727 -21.8774 -163.193 -22.2259 -156.872 -22.8494 -148.863
3.60994 -22.3 -21.6104 -178.281 -21.6221 -176.566 -21.6686 -173.156 -21.745 -169.795 -21.9809 -163.299 -22.3253 -157.011 -22.9422 -149.033
3.63078 -22.4 -21.7186 -178.293 -21.7302 -176.589 -21.7761 -173.202 -21.8515 -169.862 -22.0843 -163.404 -22.4247 -157.149 -23.0351 -149.202
3.65174 -22.5 -21.8267 -178.304 -21.8381 -176.612 -21.8834 -173.247 -21.9578 -169.928 -22.1878 -163.509 -22.5242 -157.286 -23.1281 -149.371
3.67282 -22.6 -21.9347 -178.316 -21.946 -176.634 -21.9907 -173.291 -22.0641 -169.994 -22.2912 -163.613 -22.6236 -157.422 -23.2211 -149.539
3.69403 -22.7 -22.0427 -178.327 -22.0537 -176.656 -22.0978 -173.335 -22.1704 -170.059 -22.3946 -163.716 -22.7231 -157.557 -23.3143 -149.705
3.71535 -22.8 -22.1505 -178.338 -22.1614 -176.679 -22.2049 -173.379 -22.2765 -170.124 -22.4979 -163.819 -22.8225 -157.691 -23.4075 -149.871
3.7368 -22.9 -22.2582 -178.349 -22.269 -176.701 -22.3119 -173.423 -22.3826 -170.188 -22.6012 -163.92 -22.922 -157.825 -23.5008 -150.036
3.75837 -23 -22.3658 -178.36 -22.3765 -176.722 -22.4188 -173.466 -22.4886 -170.251 -22.7045 -164.021 -23.0215 -157.957 -23.5941 -150.201
3.78007 -23.1 -22.4733 -178.371 -22.4838 -176.744 -22.5257 -173.509 -22.5945 -170.315 -22.8077 -164.121 -23.121 -158.089 -23.6875 -150.364
3.80189 -23.2 -22.5808 -178.381 -22.5911 -176.765 -22.6324 -173.551 -22.7004 -170.377 -22.9109 -164.221 -23.2206 -158.22 -23.781 -150.527
3.82384 -23.3 -22.6881 -178.392 -22.6983 -176.787 -22.7391 -173.593 -22.8062 -170.439 -23.0141 -164.32 -23.3201 -158.35 -23.8746 -150.689
3.84592 -23.4 -22.7953 -178.403 -22.8055 -176.808 -22.8457 -173.635 -22.9119 -170.501 -23.1172 -164.418 -23.4196 -158.48 -23.9682 -150.85
3.86812 -23.5 -22.9025 -178.413 -22.9125 -176.829 -22.9522 -173.677 -23.0175 -170.562 -23.2203 -164.515 -23.5192 -158.608 -24.0619 -151.01
3.89045 -23.6 -23.0096 -178.423 -23.0194 -176.849 -23.0586 -173.718 -23.1231 -170.623 -23.3234 -164.612 -23.6187 -158.736 -24.1557 -151.17
3.91291 -23.7 -23.1166 -178.434 -23.1263 -176.87 -23.165 -173.758 -23.2287 -170.683 -23.4264 -164.708 -23.7183 -158.863 -24.2495 -151.328
3.9355 -23.8 -23.2235 -178.444 -23.2331 -176.89 -23.2712 -173.799 -23.3341 -170.743 -23.5294 -164.803 -23.8179 -158.989 -24.3434 -151.486
3.95822 -23.9 -23.3303 -178.454 -23.3398 -176.911 -23.3774 -173.839 -23.4395 -170.803 -23.6324 -164.898 -23.9175 -159.114 -24.4374 -151.643
3.98107 -24 -23.437 -178.464 -23.4464 -176.931 -23.4836 -173.879 -23.5449 -170.862 -23.7354 -164.992 -24.0171 -159.238 -24.5314 -151.799
4.00405 -24.1 -23.5437 -178.474 -23.5529 -176.951 -23.5896 -173.918 -23.6501 -170.92 -23.8383 -165.085 -24.1167 -159.362 -24.6255 -151.955
4.02717 -24.2 -23.6502 -178.484 -23.6594 -176.97 -23.6956 -173.958 -23.7553 -170.978 -23.9412 -165.178 -24.2163 -159.485 -24.7197 -152.109
4.05042 -24.3 -23.7567 -178.494 -23.7657 -176.99 -23.8015 -173.997 -23.8605 -171.036 -24.044 -165.27 -24.3159 -159.607 -24.8139 -152.263
4.0738 -24.4 -23.8632 -178.504 -23.872 -177.009 -23.9073 -174.035 -23.9656 -171.093 -24.1468 -165.361 -24.4156 -159.728 -24.9082 -152.416
4.09732 -24.5 -23.9695 -178.513 -23.9782 -177.029 -24.0131 -174.073 -24.0706 -171.149 -24.2496 -165.452 -24.5152 -159.849 -25.0026 -152.569
4.12098 -24.6 -24.0757 -178.523 -24.0844 -177.048 -24.1188 -174.111 -24.1756 -171.206 -24.3524 -165.542 -24.6149 -159.969 -25.097 -152.72
4.14477 -24.7 -24.1819 -178.533 -24.1905 -177.067 -24.2244 -174.149 -24.2805 -171.262 -24.4551 -165.631 -24.7145 -160.088 -25.1914 -152.871
4.16869 -24.8 -24.288 -178.542 -24.2965 -177.086 -24.33 -174.187 -24.3853 -171.317 -24.5578 -165.72 -24.8142 -160.206 -25.286 -153.021
4.19276 -24.9 -24.3941 -178.551 -24.4024 -177.105 -24.4355 -174.224 -24.4901 -171.372 -24.6605 -165.808 -24.9139 -160.323 -25.3806 -153.17
4.21697 -25 -24.5 -178.561 -24.5082 -177.123 -24.5409 -174.261 -24.5949 -171.427 -24.7632 -165.895 -25.0136 -160.44 -25.4752 -153.319
4.24131 -25.1 -24.6059 -178.57 -24.614 -177.142 -24.6463 -174.297 -24.6996 -171.481 -24.8658 -165.982 -25.1133 -160.556 -25.5699 -153.467
4.2658 -25.2 -24.7117 -178.579 -24.7197 -177.16 -24.7516 -174.334 -24.8042 -171.535 -24.9684 -166.069 -25.213 -160.672 -25.6647 -153.614
4.29042 -25.3 -24.8175 -178.588 -24.8254 -177.178 -24.8568 -174.37 -24.9088 -171.588 -25.071 -166.154 -25.3127 -160.786 -25.7595 -153.76
4.31519 -25.4 -24.9232 -178.597 -24.931 -177.196 -24.962 -174.405 -25.0133 -171.641 -25.1735 -166.24 -25.4124 -160.9 -25.8544 -153.905
4.3401 -25.5 -25.0288 -178.606 -25.0365 -177.214 -25.0671 -174.441 -25.1178 -171.694 -25.276 -166.324 -25.5121 -161.013 -25.9493 -154.05
4.36516 -25.6 -25.1343 -178.615 -25.1419 -177.232 -25.1722 -174.476 -25.2222 -171.746 -25.3785 -166.408 -25.6118 -161.126 -26.0443 -154.194
4.39036 -25.7 -25.2398 -178.624 -25.2473 -177.249 -25.2772 -174.511 -25.3266 -171.798 -25.4809 -166.492 -25.7115 -161.238 -26.1393 -154.337
4.4157 -25.8 -25.3452 -178.633 -25.3526 -177.267 -25.3821 -174.546 -25.4309 -171.849 -25.5834 -166.574 -25.8113 -161.349 -26.2344 -154.48
4.4412 -25.9 -25.4505 -178.641 -25.4578 -177.284 -25.487 -174.58 -25.5352 -171.9 -25.6858 -166.657 -25.911 -161.459 -26.3296 -154.621
4.46684 -26 -25.5558 -178.65 -25.563 -177.301 -25.5918 -174.614 -25.6394 -171.951 -25.7882 -166.738 -26.0108 -161.569 -26.4248 -154.762
4.49262 -26.1 -25.661 -178.658 -25.6681 -177.318 -25.6966 -174.648 -25.7435 -172.002 -25.8905 -166.819 -26.1105 -161.678 -26.52 -154.903
4.51856 -26.2 -25.7662 -178.667 -25.7732 -177.335 -25.8013 -174.682 -25.8477 -172.052 -25.9928 -166.9 -26.2103 -161.786 -26.6153 -155.042
4.54465 -26.3 -25.8713 -178.675 -25.8782 -177.352 -25.9059 -174.716 -25.9517 -172.101 -26.0952 -166.98 -26.31 -161.894 -26.7107 -155.181
4.57088 -26.4 -25.9763 -178.684 -25.9832 -177.369 -26.0105 -174.749 -26.0558 -172.15 -26.1974 -167.06 -26.4098 -162.001 -26.8061 -155.319
4.59727 -26.5 -26.0812 -178.692 -26.088 -177.385 -26.1151 -174.782 -26.1597 -172.199 -26.2997 -167.138 -26.5096 -162.107 -26.9015 -155.456
4.62381 -26.6 -26.1862 -178.7 -26.1929 -177.402 -26.2195 -174.814 -26.2637 -172.248 -26.4019 -167.217 -26.6094 -162.213 -26.9971 -155.593
4.6505 -26.7 -26.291 -178.708 -26.2976 -177.418 -26.324 -174.847 -26.3676 -172.296 -26.5041 -167.295 -26.7092 -162.318 -27.0926 -155.729
4.67735 -26.8 -26.3958 -178.717 -26.4023 -177.434 -26.4284 -174.879 -26.4714 -172.344 -26.6063 -167.372 -26.8089 -162.422 -27.1882 -155.864
4.70435 -26.9 -26.5005 -178.725 -26.507 -177.451 -26.5327 -174.911 -26.5752 -172.392 -26.7085 -167.449 -26.9087 -162.526 -27.2839 -155.999
4.73151 -27 -26.6052 -178.733 -26.6116 -177.467 -26.637 -174.943 -26.6789 -172.439 -26.8106 -167.525 -27.0085 -162.629 -27.3796 -156.132
4.75883 -27.1 -26.7098 -178.741 -26.7161 -177.482 -26.7412 -174.974 -26.7826 -172.486 -26.9127 -167.601 -27.1083 -162.732 -27.4753 -156.266
4.7863 -27.2 -26.8144 -178.748 -26.8206 -177.498 -26.8454 -175.006 -26.8863 -172.532 -27.0148 -167.676 -27.2082 -162.834 -27.5711 -156.398
4.81393 -27.3 -26.9189 -178.756 -26.925 -177.514 -26.9495 -175.037 -26.9899 -172.578 -27.1169 -167.751 -27.308 -162.935 -27.667 -156.53
4.84172 -27.4 -27.0234 -178.764 -27.0294 -177.529 -27.0536 -175.068 -27.0935 -172.624 -27.2189 -167.826 -27.4078 -163.035 -27.7628 -156.661
4.86968 -27.5 -27.1278 -178.772 -27.1337 -177.545 -27.1576 -175.098 -27.197 -172.67 -27.3209 -167.899 -27.5076 -163.135 -27.8588 -156.791
4.89779 -27.6 -27.2321 -178.779 -27.238 -177.56 -27.2616 -175.129 -27.3005 -172.715 -27.4229 -167.973 -27.6074 -163.235 -27.9547 -156.921
4.92606 -27.7 -27.3364 -178.787 -27.3423 -177.575 -27.3655 -175.159 -27.404 -172.76 -27.5249 -168.045 -27.7073 -163.333 -28.0508 -157.05
4.9545 -27.8 -27.4407 -178.795 -27.4464 -177.59 -27.4694 -175.189 -27.5074 -172.805 -27.6269 -168.118 -27.8071 -163.431 -28.1468 -157.178
4.9831 -27.9 -27.5449 -178.802 -27.5506 -177.605 -27.5732 -175.219 -27.6108 -172.849 -27.7288 -168.19 -27.9069 -163.529 -28.2429 -157.305
5.01187 -28 -27.649 -178.81 -27.6546 -177.62 -27.677 -175.249 -27.7141 -172.893 -27.8307 -168.261 -28.0068 -163.626 -28.3391 -157.432
5.04081 -28.1 -27.7531 -178.817 -27.7587 -177.635 -27.7808 -175.278 -27.8174 -172.937 -27.9326 -168.332 -28.1066 -163.722 -28.4353 -157.559
5.06991 -28.2 -27.8572 -178.824 -27.8626 -177.65 -27.8845 -175.307 -27.9207 -172.98 -28.0345 -168.402 -28.2065 -163.818 -28.5315 -157.684
5.09918 -28.3 -27.9612 -178.832 -27.9666 -177.664 -27.9882 -175.336 -28.0239 -173.023 -28.1364 -168.472 -28.3063 -163.913 -28.6278 -157.809
5.12861 -28.4 -28.0651 -178.839 -28.0705 -177.679 -28.0918 -175.365 -28.1271 -173.066 -28.2382 -168.542 -28.4062 -164.007 -28.7241 -157.933
5.15822 -28.5 -28.169 -178.846 -28.1743 -177.693 -28.1954 -175.393 -28.2302 -173.109 -28.34 -168.611 -28.506 -164.101 -28.8205 -158.057
5.188 -28.6 -28.2729 -178.853 -28.2781 -177.707 -28.2989 -175.422 -28.3334 -173.151 -28.4418 -168.68 -28.6059 -164.195 -28.9169 -158.18
5.21795 -28.7 -28.3767 -178.86 -28.3818 -177.721 -28.4024 -175.45 -28.4364 -173.193 -28.5436 -168.748 -28.7058 -164.288 -29.0133 -158.302
5.24807 -28.8 -28.4805 -178.867 -28.4856 -177.735 -28.5058 -175.478 -28.5395 -173.234 -28.6453 -168.815 -28.8056 -164.38 -29.1098 -158.424
5.27837 -28.9 -28.5842 -178.874 -28.5892 -177.749 -28.6093 -175.506 -28.6425 -173.276 -28.7471 -168.883 -28.9055 -164.472 -29.2063 -158.545
5.30884 -29 -28.6879 -178.881 -28.6928 -177.763 -28.7126 -175.533 -28.7454 -173.317 -28.8488 -168.95 -29.0054 -164.563 -29.3028 -158.665
5.33949 -29.1 -28.7915 -178.888 -28.7964 -177.777 -28.816 -175.561 -28.8484 -173.358 -28.9505 -169.016 -29.1052 -164.653 -29.3994 -158.785
5.37032 -29.2 -28.8951 -178.895 -28.8999 -177.791 -28.9193 -175.588 -28.9513 -173.398 -29.0521 -169.082 -29.2051 -164.743 -29.4961 -158.904
5.40132 -29.3 -28.9986 -178.902 -29.0034 -177.804 -29.0225 -175.615 -29.0541 -173.438 -29.1538 -169.147 -29.305 -164.833 -29.5927 -159.022
5.4325 -29.4 -29.1022 -178.908 -29.1069 -177.818 -29.1257 -175.642 -29.157 -173.478 -29.2554 -169.213 -29.4049 -164.922 -29.6894 -159.14
5.46387 -29.5 -29.2056 -178.915 -29.2103 -177.831 -29.2289 -175.668 -29.2598 -173.518 -29.3571 -169.277 -29.5048 -165.01 -29.7862 -159.257
5.49541 -29.6 -29.3091 -178.922 -29.3137 -177.844 -29.3321 -175.695 -29.3625 -173.557 -29.4587 -169.341 -29.6047 -165.098 -29.883 -159.373
5.52713 -29.7 -29.4124 -178.928 -29.417 -177.858 -29.4352 -175.721 -29.4653 -173.597 -29.5603 -169.405 -29.7046 -165.185 -29.9798 -159.489
5.55904 -29.8 -29.5158 -178.935 -29.5203 -177.871 -29.5382 -175.747 -29.568 -173.635 -29.6618 -169.469 -29.8045 -165.272 -30.0766 -159.605
5.59114 -29.9 -29.6191 -178.941 -29.6235 -177.884 -29.6413 -175.773 -29.6707 -173.674 -29.7634 -169.532 -29.9044 -165.358 -30.1735 -159.719
5.62341 -30 -29.7224 -178.948 -29.7267 -177.897 -29.7443 -175.799 -29.7733 -173.712 -29.8649 -169.594 -30.0043 -165.444 -30.2704 -159.833
5.65588 -30.1 -29.8256 -178.954 -29.8299 -177.909 -29.8472 -175.825 -29.8759 -173.751 -29.9664 -169.657 -30.1042 -165.529 -30.3674 -159.947
5.68853 -30.2 -29.9288 -178.961 -29.9331 -177.922 -29.9502 -175.85 -29.9785 -173.788 -30.068 -169.718 -30.2041 -165.614 -30.4644 -160.059
5.72137 -30.3 -30.0319 -178.967 -30.0362 -177.935 -30.053 -175.875 -30.081 -173.826 -30.1694 -169.78 -30.304 -165.698 -30.5614 -160.172
5.7544 -30.4 -30.135 -178.973 -30.1392 -177.947 -30.1559 -175.9 -30.1836 -173.863 -30.2709 -169.841 -30.4039 -165.782 -30.6584 -160.283
5.78762 -30.5 -30.2381 -178.98 -30.2423 -177.96 -30.2587 -175.925 -30.2861 -173.901 -30.3724 -169.902 -30.5038 -165.865 -30.7555 -160.394
5.82103 -30.6 -30.3412 -178.986 -30.3452 -177.972 -30.3615 -175.95 -30.3885 -173.937 -30.4738 -169.962 -30.6037 -165.948 -30.8526 -160.505
5.85464 -30.7 -30.4442 -178.992 -30.4482 -177.985 -30.4643 -175.974 -30.491 -173.974 -30.5752 -170.022 -30.7036 -166.03 -30.9498 -160.614
5.88844 -30.8 -30.5471 -178.998 -30.5511 -177.997 -30.567 -175.999 -30.5934 -174.01 -30.6766 -170.081 -30.8035 -166.111 -31.047 -160.723
5.92243 -30.9 -30.6501 -179.004 -30.654 -178.009 -30.6697 -176.023 -30.6957 -174.047 -30.778 -170.14 -30.9035 -166.193 -31.1442 -160.832
5.95662 -31 -30.753 -179.01 -30.7569 -178.021 -30.7724 -176.047 -30.7981 -174.082 -30.8794 -170.199 -31.0034 -166.273 -31.2414 -160.94
5.99101 -31.1 -30.8558 -179.016 -30.8597 -178.033 -30.875 -176.071 -30.9004 -174.118 -30.9807 -170.257 -31.1033 -166.354 -31.3387 -161.047
6.0256 -31.2 -30.9587 -179.022 -30.9625 -178.045 -30.9776 -176.095 -31.0027 -174.154 -31.0821 -170.315 -31.2032 -166.433 -31.436 -161.154
6.06038 -31.3 -31.0615 -179.028 -31.0652 -178.057 -31.0802 -176.118 -31.105 -174.189 -31.1834 -170.373 -31.3031 -166.512 -31.5333 -161.261
6.09537 -31.4 -31.1642 -179.034 -31.1679 -178.069 -31.1827 -176.142 -31.2072 -174.224 -31.2847 -170.43 -31.4031 -166.591 -31.6307 -161.366
6.13056 -31.5 -31.267 -179.04 -31.2706 -178.08 -31.2852 -176.165 -31.3094 -174.258 -31.386 -170.487 -31.503 -166.669 -31.7281 -161.471
6.16595 -31.6 -31.3697 -179.046 -31.3733 -178.092 -31.3877 -176.188 -31.4116 -174.293 -31.4873 -170.544 -31.6029 -166.747 -31.8255 -161.576
6.20155 -31.7 -31.4724 -179.052 -31.4759 -178.104 -31.4902 -176.211 -31.5138 -174.327 -31.5886 -170.6 -31.7029 -166.825 -31.923 -161.68
6.23735 -31.8 -31.575 -179.057 -31.5785 -178.115 -31.5926 -176.234 -31.6159 -174.361 -31.6899 -170.655 -31.8028 -166.902 -32.0204 -161.783
6.27336 -31.9 -31.6776 -179.063 -31.6811 -178.126 -31.695 -176.257 -31.7181 -174.395 -31.7911 -170.711 -31.9027 -166.978 -32.1179 -161.886
6.30957 -32 -31.7802 -179.069 -31.7836 -178.138 -31.7974 -176.279 -31.8202 -174.429 -31.8923 -170.766 -32.0027 -167.054 -32.2155 -161.988
6.346 -32.1 -31.8827 -179.074 -31.8861 -178.149 -31.8997 -176.302 -31.9222 -174.462 -31.9935 -170.821 -32.1026 -167.129 -32.313 -162.09
6.38263 -32.2 -31.9852 -179.08 -31.9886 -178.16 -32.002 -176.324 -32.0243 -174.495 -32.0947 -170.875 -32.2026 -167.204 -32.4106 -162.191
6.41948 -32.3 -32.0877 -179.085 -32.0911 -178.171 -32.1043 -176.346 -32.1263 -174.528 -32.1959 -170.929 -32.3025 -167.279 -32.5083 -162.292
6.45654 -32.4 -32.1902 -179.091 -32.1935 -178.182 -32.2066 -176.368 -32.2283 -174.561 -32.2971 -170.983 -32.4024 -167.353 -32.6059 -162.392
6.49382 -32.5 -32.2926 -179.096 -32.2959 -178.193 -32.3088 -176.39 -32.3303 -174.594 -32.3983 -171.036 -32.5024 -167.427 -32.7036 -162.491
6.53131 -32.6 -32.395 -179.102 -32.3982 -178.204 -32.411 -176.411 -32.4322 -174.626 -32.4994 -171.089 -32.6023 -167.5 -32.8013 -162.59
6.56901 -32.7 -32.4974 -179.107 -32.5006 -178.215 -32.5132 -176.433 -32.5342 -174.658 -32.6006 -171.142 -32.7023 -167.573 -32.899 -162.689
6.60693 -32.8 -32.5997 -179.113 -32.6029 -178.225 -32.6153 -176.454 -32.6361 -174.69 -32.7017 -171.195 -32.8022 -167.645 -32.9967 -162.787
6.64508 -32.9 -32.7021 -179.118 -32.7052 -178.236 -32.7175 -176.476 -32.7379 -174.722 -32.8028 -171.247 -32.9022 -167.717 -33.0945 -162.884
6.68344 -33 -32.8044 -179.123 -32.8074 -178.247 -32.8196 -176.497 -32.8398 -174.753 -32.9039 -171.298 -33.0021 -167.789 -33.1923 -162.981
6.72202 -33.1 -32.9066 -179.128 -32.9096 -178.257 -32.9217 -176.518 -32.9416 -174.785 -33.005 -171.35 -33.1021 -167.86 -33.2901 -163.077
6.76083 -33.2 -33.0089 -179.134 -33.0118 -178.268 -33.0237 -176.539 -33.0435 -174.816 -33.1061 -171.401 -33.202 -167.931 -33.388 -163.173
6.79986 -33.3 -33.1111 -179.139 -33.114 -178.278 -33.1258 -176.559 -33.1453 -174.847 -33.2071 -171.452 -33.302 -168.001 -33.4858 -163.268
6.83912 -33.4 -33.2133 -179.144 -33.2162 -178.288 -33.2278 -176.58 -33.247 -174.877 -33.3082 -171.502 -33.4019 -168.071 -33.5837 -163.363
6.8786 -33.5 -33.3154 -179.149 -33.3183 -178.299 -33.3298 -176.6 -33.3488 -174.908 -33.4092 -171.552 -33.5019 -168.14 -33.6817 -163.457
6.91831 -33.6 -33.4175 -179.154 -33.4204 -178.309 -33.4317 -176.621 -33.4505 -174.938 -33.5102 -171.602 -33.6018 -168.209 -33.7796 -163.55
6.95825 -33.7 -33.5197 -179.159 -33.5225 -178.319 -33.5337 -176.641 -33.5523 -174.968 -33.6113 -171.652 -33.7018 -168.278 -33.8776 -163.644
6.99842 -33.8 -33.6217 -179.164 -33.6245 -178.329 -33.6356 -176.661 -33.654 -174.998 -33.7123 -171.701 -33.8018 -168.346 -33.9756 -163.736
7.03882 -33.9 -33.7238 -179.169 -33.7265 -178.339 -33.7375 -176.681 -33.7556 -175.028 -33.8133 -171.75 -33.9017 -168.414 -34.0736 -163.828
7.07946 -34 -33.8258 -179.174 -33.8285 -178.349 -33.8394 -176.7 -33.8573 -175.057 -33.9142 -171.798 -34.0017 -168.481 -34.1716 -163.92
7.12033 -34.1 -33.9279 -179.179 -33.9305 -178.359 -33.9412 -176.72 -33.9589 -175.087 -34.0152 -171.847 -34.1016 -168.548 -34.2697 -164.011
7.16143 -34.2 -34.0298 -179.184 -34.0325 -178.369 -34.043 -176.74 -34.0606 -175.116 -34.1162 -171.895 -34.2016 -168.614 -34.3677 -164.102
7.20278 -34.3 -34.1318 -179.189 -34.1344 -178.378 -34.1448 -176.759 -34.1622 -175.145 -34.2171 -171.943 -34.3016 -168.681 -34.4658 -164.192
7.24436 -34.4 -34.2338 -179.194 -34.2363 -178.388 -34.2466 -176.778 -34.2637 -175.174 -34.3181 -171.99 -34.4015 -168.746 -34.5639 -164.281
7.28618 -34.5 -34.3357 -179.199 -34.3382 -178.398 -34.3484 -176.798 -34.3653 -175.202 -34.419 -172.037 -34.5015 -168.812 -34.6621 -164.37
7.32825 -34.6 -34.4376 -179.203 -34.4401 -178.407 -34.4502 -176.817 -34.4669 -175.231 -34.5199 -172.084 -34.6015 -168.877 -34.7603 -164.459
7.37055 -34.7 -34.5395 -179.208 -34.5419 -178.417 -34.5519 -176.835 -34.5684 -175.259 -34.6208 -172.13 -34.7014 -168.941 -34.8584 -164.547
7.4131 -34.8 -34.6413 -179.213 -34.6438 -178.426 -34.6536 -176.854 -34.6699 -175.287 -34.7217 -172.177 -34.8014 -169.006 -34.9566 -164.635
7.4559 -34.9 -34.7431 -179.218 -34.7456 -178.435 -34.7553 -176.873 -34.7714 -175.315 -34.8226 -172.223 -34.9014 -169.069 -35.0549 -164.722
7.49894 -35 -34.845 -179.222 -34.8474 -178.445 -34.8569 -176.892 -34.8729 -175.343 -34.9235 -172.268 -35.0013 -169.133 -35.1531 -164.809
7.54223 -35.1 -34.9467 -179.227 -34.9491 -178.454 -34.9586 -176.91 -34.9743 -175.371 -35.0243 -172.314 -35.1013 -169.196 -35.2514 -164.895
7.58578 -35.2 -35.0485 -179.231 -35.0509 -178.463 -35.0602 -176.928 -35.0758 -175.398 -35.1252 -172.359 -35.2013 -169.259 -35.3496 -164.98
7.62957 -35.3 -35.1503 -179.236 -35.1526 -178.472 -35.1618 -176.947 -35.1772 -175.425 -35.226 -172.404 -35.3012 -169.321 -35.4479 -165.066
7.67361 -35.4 -35.252 -179.24 -35.2543 -178.481 -35.2634 -176.965 -35.2786 -175.452 -35.3269 -172.448 -35.4012 -169.383 -35.5463 -165.15
7.71792 -35.5 -35.3537 -179.245 -35.356 -178.49 -35.365 -176.983 -35.38 -175.479 -35.4277 -172.493 -35.5012 -169.445 -35.6446 -165.235
7.76247 -35.6 -35.4554 -179.249 -35.4576 -178.499 -35.4665 -177 -35.4814 -175.506 -35.5285 -172.537 -35.6012 -169.506 -35.743 -165.319
7.80728 -35.7 -35.5571 -179.254 -35.5593 -178.508 -35.5681 -177.018 -35.5828 -175.532 -35.6293 -172.581 -35.7011 -169.567 -35.8413 -165.402
7.85236 -35.8 -35.6587 -179.258 -35.6609 -178.517 -35.6696 -177.036 -35.6841 -175.559 -35.7301 -172.624 -35.8011 -169.627 -35.9397 -165.485
7.89769 -35.9 -35.7603 -179.263 -35.7625 -178.526 -35.7711 -177.053 -35.7854 -175.585 -35.8309 -172.667 -35.9011 -169.687 -36.0382 -165.567
7.94328 -36 -35.8619 -179.267 -35.8641 -178.534 -35.8726 -177.071 -35.8867 -175.611 -35.9317 -172.71 -36.001 -169.747 -36.1366 -165.649
7.98914 -36.1 -35.9635 -179.271 -35.9656 -178.543 -35.9741 -177.088 -35.988 -175.637 -36.0325 -172.753 -36.101 -169.807 -36.235 -165.731
8.03526 -36.2 -36.0651 -179.276 -36.0672 -178.552 -36.0755 -177.105 -36.0893 -175.663 -36.1333 -172.795 -36.201 -169.866 -36.3335 -165.812
8.08165 -36.3 -36.1667 -179.28 -36.1687 -178.56 -36.1769 -177.122 -36.1906 -175.688 -36.234 -172.838 -36.301 -169.925 -36.432 -165.892
8.12831 -36.4 -36.2682 -179.284 -36.2702 -178.569 -36.2784 -177.139 -36.2919 -175.714 -36.3348 -172.88 -36.401 -169.983 -36.5305 -165.973
8.17523 -36.5 -36.3697 -179.289 -36.3717 -178.577 -36.3798 -177.156 -36.3931 -175.739 -36.4355 -172.921 -36.5009 -170.041 -36.629 -166.052
8.22243 -36.6 -36.4712 -179.293 -36.4732 -178.586 -36.4811 -177.173 -36.4943 -175.764 -36.5362 -172.963 -36.6009 -170.099 -36.7275 -166.132
8.2699 -36.7 -36.5727 -179.297 -36.5747 -178.594 -36.5825 -177.19 -36.5955 -175.789 -36.637 -173.004 -36.7009 -170.156 -36.8261 -166.21
8.31764 -36.8 -36.6742 -179.301 -36.6761 -178.602 -36.6839 -177.206 -36.6967 -175.814 -36.7377 -173.045 -36.8009 -170.213 -36.9247 -166.289
8.36566 -36.9 -36.7756 -179.305 -36.7775 -178.611 -36.7852 -177.223 -36.7979 -175.838 -36.8384 -173.086 -36.9008 -170.27 -37.0232 -166.367
8.41395 -37 -36.8771 -179.309 -36.879 -178.619 -36.8865 -177.239 -36.8991 -175.863 -36.9391 -173.126 -37.0008 -170.326 -37.1218 -166.444
8.46253 -37.1 -36.9785 -179.313 -36.9804 -178.627 -36.9878 -177.256 -37.0003 -175.887 -37.0398 -173.166 -37.1008 -170.382 -37.2204 -166.521
8.51138 -37.2 -37.0799 -179.317 -37.0817 -178.635 -37.0891 -177.272 -37.1014 -175.911 -37.1405 -173.206 -37.2008 -170.438 -37.3191 -166.598
8.56052 -37.3 -37.1813 -179.321 -37.1831 -178.643 -37.1904 -177.288 -37.2025 -175.935 -37.2411 -173.246 -37.3008 -170.493 -37.4177 -166.674
8.60994 -37.4 -37.2826 -179.325 -37.2844 -178.651 -37.2917 -177.304 -37.3037 -175.959 -37.3418 -173.285 -37.4008 -170.548 -37.5164 -166.75
8.65964 -37.5 -37.384 -179.329 -37.3858 -178.659 -37.3929 -177.32 -37.4048 -175.983 -37.4425 -173.325 -37.5007 -170.603 -37.6151 -166.826
8.70964 -37.6 -37.4853 -179.333 -37.4871 -178.667 -37.4941 -177.335 -37.5058 -176.007 -37.5431 -173.364 -37.6007 -170.658 -37.7138 -166.9
8.75992 -37.7 -37.5866 -179.337 -37.5884 -178.675 -37.5954 -177.351 -37.6069 -176.03 -37.6438 -173.402 -37.7007 -170.712 -37.8125 -166.975
8.81049 -37.8 -37.688 -179.341 -37.6897 -178.683 -37.6966 -177.367 -37.708 -176.053 -37.7444 -173.441 -37.8007 -170.765 -37.9112 -167.049
8.86135 -37.9 -37.7892 -179.345 -37.7909 -178.69 -37.7977 -177.382 -37.8091 -176.077 -37.8451 -173.479 -37.9007 -170.819 -38.0099 -167.123
8.91251 -38 -37.8905 -179.349 -37.8922 -178.698 -37.8989 -177.398 -37.9101 -176.1 -37.9457 -173.517 -38.0007 -170.872 -38.1087 -167.196
8.96396 -38.1 -37.9918 -179.353 -37.9934 -178.706 -38.0001 -177.413 -38.0111 -176.123 -38.0463 -173.555 -38.1006 -170.925 -38.2074 -167.269
9.01571 -38.2 -38.093 -179.357 -38.0947 -178.713 -38.1012 -177.428 -38.1121 -176.145 -38.1469 -173.593 -38.2006 -170.977 -38.3062 -167.342
9.06776 -38.3 -38.1943 -179.36 -38.1959 -178.721 -38.2024 -177.443 -38.2132 -176.168 -38.2475 -173.63 -38.3006 -171.029 -38.405 -167.414
9.12011 -38.4 -38.2955 -179.364 -38.2971 -178.728 -38.3035 -177.458 -38.3142 -176.19 -38.3481 -173.667 -38.4006 -171.081 -38.5038 -167.485
9.17276 -38.5 -38.3967 -179.368 -38.3983 -178.736 -38.4046 -177.473 -38.4151 -176.213 -38.4487 -173.704 -38.5006 -171.133 -38.6026 -167.557
9.22571 -38.6 -38.4979 -179.372 -38.4994 -178.743 -38.5057 -177.488 -38.5161 -176.235 -38.5493 -173.741 -38.6006 -171.184 -38.7015 -167.627
9.27897 -38.7 -38.599 -179.375 -38.6006 -178.751 -38.6068 -177.503 -38.6171 -176.257 -38.6499 -173.777 -38.7006 -171.235 -38.8003 -167.698
9.33254 -38.8 -38.7002 -179.379 -38.7017 -178.758 -38.7079 -177.517 -38.718 -176.279 -38.7504 -173.813 -38.8005 -171.286 -38.8992 -167.768
9.38642 -38.9 -38.8014 -179.383 -38.8029 -178.765 -38.8089 -177.532 -38.819 -176.301 -38.851 -173.85 -38.9005 -171.336 -38.998 -167.838
9.44061 -39 -38.9025 -179.386 -38.904 -178.773 -38.91 -177.546 -38.9199 -176.322 -38.9515 -173.885 -39.0005 -171.386 -39.0969 -167.907
9.49511 -39.1 -39.0036 -179.39 -39.0051 -178.78 -39.011 -177.561 -39.0208 -176.344 -39.0521 -173.921 -39.1005 -171.436 -39.1958 -167.976
9.54993 -39.2 -39.1047 -179.393 -39.1062 -178.787 -39.112 -177.575 -39.1217 -176.365 -39.1526 -173.956 -39.2005 -171.486 -39.2947 -168.044
9.60506 -39.3 -39.2058 -179.397 -39.2073 -178.794 -39.213 -177.589 -39.2226 -176.386 -39.2532 -173.992 -39.3005 -171.535 -39.3936 -168.112
9.66051 -39.4 -39.3069 -179.401 -39.3083 -178.801 -39.314 -177.603 -39.3235 -176.408 -39.3537 -174.027 -39.4005 -171.584 -39.4926 -168.18
9.71628 -39.5 -39.408 -179.404 -39.4094 -178.808 -39.415 -177.617 -39.4244 -176.429 -39.4542 -174.061 -39.5005 -171.633 -39.5915 -168.248
9.77237 -39.6 -39.509 -179.408 -39.5104 -178.815 -39.516 -177.631 -39.5253 -176.45 -39.5548 -174.096 -39.6004 -171.681 -39.6905 -168.315
9.82879 -39.7 -39.6101 -179.411 -39.6115 -178.822 -39.617 -177.645 -39.6261 -176.47 -39.6553 -174.13 -39.7004 -171.729 -39.7894 -168.381
9.88553 -39.8 -39.7111 -179.414 -39.7125 -178.829 -39.7179 -177.659 -39.727 -176.491 -39.7558 -174.164 -39.8004 -171.777 -39.8884 -168.447
9.9426 -39.9 -39.8121 -179.418 -39.8135 -178.836 -39.8189 -177.673 -39.8278 -176.511 -39.8563 -174.198 -39.9004 -171.824 -39.9874 -168.513
10 -40 -39.9131 -179.421 -39.9145 -178.843 -39.9198 -177.686 -39.9286 -176.532 -39.9568 -174.232 -40.0004 -171.872 -40.0864 -168.579
